0,0.0090024,1
0,0.0165962,1
0,0.024081,1
0,0.0392452,1
0,0.0448804,1
0,0.0524616,1
0,0.0594653,1
0,0.0712548,1
0,0.0781341,1
0,0.0852267,1
0,0.0918201,1
0,0.0995621,1
0,0.1069793,1
0,0.1152457,1
0,0.124388,1
0,0.1315892,1
0,0.1398359,1
0,0.1473221,1
0,0.1560871,1
0,0.1635464,1
0,0.1726651,1
0,0.17991,1
0,0.1894573,1
0,0.1966243,1
0,0.2043897,1
0,0.212054,1
0,0.2201488,1
0,0.2282593,1
0,0.2371986,1
0,0.2468425,1
-0.01,0.2539483,1
-0.01,0.2606925,1
-0.01,0.2721967,1
-0.03,0.2792332,1
-0.03,0.2870952,1
-0.03,0.2941427,1
-0.05,0.3015088,1
-0.05,0.3088308,1
-0.05,0.318251,1
-0.05,0.3251853,1
-0.07,0.3339782,1
-0.07,0.3478625,1
-0.07,0.3553032,1
-0.07,0.3614607,1
-0.07,0.3682459,1
-0.07,0.3764516,1
-0.04,0.3838566,1
-0.04,0.3917393,1
-0.04,0.3993766,1
-0.02,0.4071872,1
-0.02,0.415034,1
-0.02,0.4233994,1
-0.02,0.4348555,1
-0.02,0.4418843,1
-0.02,0.4484156,1
-0.02,0.4565727,1
-0.03,0.4633091,1
-0.03,0.4752307,1
-0.03,0.4816331,1
-0.05,0.4890741,1
-0.05,0.5041047,1
-0.07,0.5099911,1
-0.07,0.5178891,1
-0.07,0.525218,1
-0.07,0.5322178,1
-0.08,0.5403715,1
-0.08,0.5475982,1
-0.08,0.5569917,1
-0.1,0.5643508,1
-0.1,0.5728827,1
-0.1,0.5803827,1
-0.11,0.5910742,1
-0.11,0.5985583,1
-0.11,0.6071966,1
-0.14,0.6136385,1
-0.14,0.6231952,1
-0.14,0.6296893,1
-0.14,0.6428018,1
-0.14,0.6571724,1
-0.14,0.6629122,1
-0.15,0.6709164,1
-0.15,0.6794917,1
-0.15,0.6887158,1
-0.16,0.6948889,1
-0.16,0.702354,1
-0.16,0.7094839,1
-0.17,0.7176178,1
-0.17,0.7253443,1
-0.17,0.7336409,1
-0.17,0.7409831,1
-0.18,0.7487854,1
-0.18,0.7572827,1
-0.18,0.7648133,1
-0.18,0.7731607,1
-0.18,0.7804125,1
-0.18,0.7892087,1
-0.19,0.7966985,1
-0.19,0.8111559,1
-0.19,0.8184101,1
-0.24,0.8250744,1
-0.24,0.8315313,1
-0.24,0.8411003,1
-0.24,0.8471812,1
-0.32,0.8565514,1
-0.32,0.862941,1
-0.32,0.8729897,1
-0.34,0.881636,1
-0.34,0.89096,1
-0.34,0.897997,1
-0.36,0.9063205,1
-0.36,0.912541,1
-0.36,0.9205517,1
-0.37,0.9277319,1
-0.37,0.9364001,1
-0.37,0.9440203,1
-0.38,0.9528058,1
-0.38,0.9665015,1
-0.38,0.9748346,1
-0.39,0.9822958,1
-0.39,0.9903482,1
-0.39,0.9983035,1
-0.37,1.006245,1
-0.37,1.013011,1
-0.37,1.021545,1
-0.37,1.028456,1
-0.3,1.036343,1
-0.3,1.043109,1
-0.3,1.050736,1
-0.19,1.058638,1
-0.19,1.066207,1
-0.19,1.074934,1
-0.17,1.087964,1
-0.17,1.094292,1
-0.17,1.101888,1
-0.15,1.109285,1
-0.15,1.123852,1
-0.15,1.129497,1
-0.13,1.138072,1
-0.13,1.145008,1
-0.13,1.15278,1
-0.14,1.159836,1
-0.14,1.167587,1
-0.14,1.175247,1
-0.14,1.183682,1
-0.11,1.191014,1
-0.11,1.199147,1
-0.11,1.207051,1
-0.09,1.214727,1
-0.09,1.223345,1
-0.09,1.231243,1
-0.07,1.240562,1
-0.07,1.247481,1
-0.07,1.256689,1
-0.05,1.263357,1
-0.05,1.278964,1
-0.03,1.29002,1
-0.03,1.295511,1
-0.03,1.303917,1
-0.03,1.310699,1
-0.02,1.318827,1
-0.02,1.326195,1
-0.02,1.334051,1
-0.01,1.341745,1
-0.01,1.350554,1
-0.01,1.358602,1
-0.01,1.365869,1
-0.02,1.373253,1
-0.02,1.38161,1
-0.02,1.390234,1
-0.04,1.39689,1
-0.04,1.406217,1
-0.04,1.413518,1
-0.19,1.428098,1
-0.19,1.434956,1
-0.19,1.441975,1
-0.58,1.448363,1
-0.58,1.457795,1
-0.58,1.464482,1
-1.2,1.473786,1
-1.2,1.4809,1
-1.2,1.492158,1
-1.87,1.499259,1
-1.87,1.507862,1
-1.87,1.514122,1
-2.48,1.523673,1
-2.48,1.529987,1
-2.48,1.538196,1
-2.48,1.5447,1
-3.14,1.552848,1
-3.14,1.560216,1
-3.14,1.569203,1
-3.9,1.585266,1
-3.9,1.591677,1
-3.9,1.598603,1
-4.44,1.607453,1
-4.44,1.614304,1
-4.44,1.623547,1
-4.79,1.629733,1
-4.79,1.637594,1
-4.79,1.645315,1
-5.03,1.653243,1
-5.03,1.660737,1
-5.03,1.669338,1
-5.03,1.676027,1
-5.29,1.683879,1
-5.29,1.694288,1
-5.41,1.706926,1
-5.41,1.7125,1
-5.41,1.720434,1
-5.58,1.73528,1
-5.58,1.742062,1
-5.58,1.749899,1
-5.8,1.758133,1
-5.8,1.765227,1
-5.8,1.773667,1
-5.8,1.780383,1
-5.94,1.789201,1
-5.94,1.795785,1
-5.94,1.804056,1
-6.12,1.810968,1
-6.12,1.819338,1
-6.12,1.82673,1
-6.18,1.834948,1
-6.18,1.843319,1
-6.18,1.850866,1
-6.18,1.86021,1
-5.76,1.869249,1
-5.76,1.877203,1
-4.27,1.893257,1
-4.27,1.907833,1
-4.27,1.912838,1
-2.57,1.920658,1
-2.57,1.92806,1
-2.57,1.935967,1
-1.28,1.94333,1
-1.28,1.952409,1
-1.28,1.959756,1
-0.57,1.968182,1
-0.57,1.975649,1
-0.57,1.984497,1
-0.45,1.99126,1
-0.45,1.999464,1
-0.45,2.006985,1
-0.45,2.014642,1
-0.53,2.023477,1
-0.53,2.031097,1
-1,2.046148,1
-1,2.052983,1
-1,2.05998,1
-1,2.067278,1
-1.8,2.074397,1
-1.8,2.081017,1
-1.8,2.089852,1
-2.92,2.096463,1
-2.92,2.110331,1
-2.92,2.11691,1
-4.19,2.125044,1
-4.19,2.131673,1
-4.19,2.139771,1
-4.19,2.146203,1
-5.29,2.154976,1
-5.29,2.162637,1
-5.29,2.171861,1
-6.15,2.178884,1
-6.15,2.187232,1
-6.9,2.201568,1
-6.9,2.208633,1
-6.9,2.215893,1
-7.44,2.225914,1
-7.44,2.233648,1
-7.44,2.244708,1
-7.75,2.251075,1
-7.75,2.258685,1
-7.75,2.265908,1
-7.75,2.273526,1
-8.17,2.280395,1
-8.17,2.289684,1
-8.17,2.296617,1
-8.72,2.309421,1
-8.72,2.316475,1
-8.72,2.324311,1
-8.78,2.330421,1
-8.78,2.34063,1
-8.1,2.355518,1
-8.1,2.361513,1
-8.1,2.369905,1
-8.1,2.377331,1
-6.12,2.385211,1
-6.12,2.392647,1
-6.12,2.400314,1
-4.26,2.407918,1
-4.26,2.415562,1
-4.26,2.423487,1
-4.26,2.431405,1
-3.17,2.440117,1
-3.17,2.448226,1
-3.17,2.456541,1
-2.22,2.463659,1
-2.22,2.472713,1
-2.22,2.480342,1
-1.17,2.48921,1
-1.17,2.496411,1
-0.89,2.51182,1
-0.89,2.522628,1
-0.89,2.528479,1
-0.89,2.536458,1
-1.1,2.543564,1
-1.1,2.550593,1
-1.1,2.558646,1
-1.75,2.56602,1
-1.75,2.575455,1
-1.75,2.58401,1
-2.87,2.591152,1
-2.87,2.598852,1
-2.87,2.606997,1
-2.87,2.61357,1
-4.46,2.623057,1
-4.46,2.630043,1
-4.46,2.639941,1
-5.65,2.646154,1
-5.65,2.654435,1
-6.74,2.670132,1
-6.74,2.677071,1
-6.74,2.68504,1
-6.74,2.69145,1
-7.81,2.698229,1
-7.81,2.707177,1
-7.81,2.713989,1
-8.52,2.72615,1
-8.52,2.733071,1
-8.52,2.741138,1
-9.25,2.747767,1
-9.25,2.757245,1
-9.25,2.763969,1
-9.8,2.773774,1
-9.8,2.780517,1
-9.8,2.788217,1
-9.8,2.794883,1
-9.88,2.802931,1
-9.88,2.810663,1
-9.57,2.826874,1
-9.57,2.832521,1
-9.57,2.840741,1
-9.57,2.84731,1
-8.75,2.856458,1
-8.75,2.863371,1
-8.75,2.872945,1
-7.38,2.880697,1
-7.38,2.890035,1
-7.38,2.89695,1
-4.88,2.906154,1
-4.88,2.912658,1
-4.88,2.920288,1
-2.75,2.930419,1
-2.75,2.940108,1
-2.75,2.947292,1
-1.26,2.956156,1
-1.26,2.966708,1
-0.59,2.985391,1
-0.59,2.998294,1
-0.31,3.009414,1
-0.31,3.016372,1
-0.31,3.023695,1
-0.31,3.030579,1
-0.13,3.041875,1
-0.13,3.049988,1
-0.2,3.05784,1
-0.2,3.063706,1
-0.2,3.071387,1
-0.2,3.077697,1
-0.51,3.085233,1
-0.51,3.092775,1
-0.51,3.101098,1
-0.51,3.108294,1
-0.95,3.116093,1
-0.95,3.123858,1
-1.73,3.142411,1
-1.73,3.150308,1
-1.73,3.159456,1
-3.11,3.165522,1
-3.11,3.173881,1
-3.11,3.180769,1
-4.94,3.188434,1
-4.94,3.195833,1
-4.94,3.203918,1
-4.94,3.210562,1
-6.72,3.220061,1
-6.72,3.229826,1
-6.72,3.237965,1
-8.01,3.244303,1
-8.01,3.251442,1
-8.01,3.25861,1
-8.77,3.266244,1
-8.77,3.274212,1
-8.77,3.290361,1
-9.24,3.296235,1
-9.24,3.304645,1
-9.24,3.311345,1
-9.57,3.318716,1
-9.57,3.325268,1
-9.57,3.337575,1
-9.56,3.344664,1
-9.56,3.352126,1
-9.56,3.359424,1
-9.56,3.365819,1
-9.24,3.374002,1
-9.24,3.381682,1
-9.24,3.39094,1
-8.1,3.397747,1
-8.1,3.406809,1
-8.1,3.41345,1
-5.7,3.42307,1
-5.7,3.429642,1
-5.7,3.445338,1
-3.89,3.45147,1
-3.89,3.458208,1
-3.89,3.464512,1
-2.6,3.473476,1
-2.6,3.480546,1
-2.6,3.490202,1
-2.6,3.496533,1
-1.44,3.506261,1
-1.44,3.512785,1
-1.44,3.520448,1
-0.49,3.527816,1
-0.49,3.53967,1
-0.49,3.547383,1
-0.12,3.555343,1
-0.12,3.562261,1
-0.12,3.570174,1
-0.05,3.577333,1
-0.05,3.585572,1
-0.06,3.603712,1
-0.06,3.610958,1
-0.06,3.619381,1
-0.06,3.626085,1
-0.16,3.632443,1
-0.16,3.640584,1
-0.16,3.648579,1
-0.51,3.657564,1
-0.51,3.664331,1
-0.51,3.674602,1
-1.15,3.682468,1
-1.15,3.690293,1
-1.15,3.697212,1
-1.15,3.706298,1
-2.06,3.712753,1
-2.06,3.720688,1
-2.06,3.728106,1
-3.26,3.738929,1
-3.26,3.755507,1
-4.76,3.761036,1
-4.76,3.76863,1
-4.76,3.775838,1
-4.76,3.782032,1
-6.23,3.789914,1
-6.23,3.797502,1
-6.23,3.806818,1
-7.29,3.813196,1
-7.29,3.822629,1
-7.29,3.829743,1
-7.29,3.836909,1
-7.88,3.844398,1
-7.88,3.853018,1
-7.88,3.860075,1
-8.46,3.868261,1
-8.46,3.876349,1
-8.46,3.884617,1
-8.68,3.892152,1
-8.68,3.908611,1
-8.68,3.914809,1
-8.43,3.922632,1
-8.43,3.929572,1
-8.43,3.940801,1
-7.27,3.949056,1
-7.27,3.957632,1
-7.27,3.964348,1
-4.97,3.97341,1
-4.97,3.980645,1
-4.97,3.990157,1
-3.53,3.99741,1
-3.53,4.005388,1
-3.53,4.011922,1
-2.43,4.019467,1
-2.43,4.027412,1
-2.43,4.035659,1
-2.43,4.043,1
-1.36,4.058187,1
-1.36,4.063972,1
-0.47,4.072123,1
-0.47,4.079321,1
-0.47,4.087856,1
-0.47,4.09449,1
-0.13,4.10234,1
-0.13,4.110046,1
-0.13,4.118637,1
-0.08,4.12574,1
-0.08,4.134163,1
-0.08,4.144492,1
-0.1,4.15465,1
-0.1,4.161221,1
-0.1,4.168732,1
-0.21,4.175626,1
-0.21,4.182423,1
-0.21,4.190336,1
-0.21,4.198113,1
-0.52,4.211889,1
-0.52,4.220125,1
-0.52,4.226593,1
-1.2,4.233543,1
-1.2,4.24094,1
-1.2,4.248053,1
-2.11,4.257183,1
-2.11,4.263566,1
-2.11,4.27289,1
-3.32,4.279603,1
-3.32,4.289721,1
-3.32,4.296456,1
-3.32,4.304642,1
-4.81,4.311488,1
-4.81,4.322916,1
-4.81,4.329256,1
-6.33,4.338087,1
-6.33,4.345817,1
-6.33,4.35561,1
-7.53,4.37044,1
-7.53,4.376625,1
-7.53,4.383156,1
-8.28,4.390615,1
-8.28,4.398548,1
-8.28,4.407377,1
-8.61,4.41397,1
-8.61,4.423318,1
-8.61,4.42976,1
-8.79,4.439162,1
-8.79,4.445698,1
-8.79,4.453674,1
-8.35,4.461424,1
-8.35,4.470158,1
-8.35,4.477649,1
-8.35,4.485534,1
-7.22,4.494086,1
-7.22,4.50252,1
-7.22,4.509653,1
-5.67,4.526344,1
-5.67,4.532836,1
-4.22,4.541707,1
-4.22,4.55241,1
-4.22,4.560594,1
-3.21,4.568244,1
-3.21,4.575873,1
-3.21,4.582679,1
-3.21,4.59064,1
-2.09,4.597999,1
-2.09,4.60731,1
-2.09,4.613989,1
-0.91,4.623161,1
-0.91,4.630602,1
-0.91,4.639829,1
-0.33,4.646506,1
-0.33,4.654182,1
-0.33,4.661413,1
-0.11,4.680586,1
-0.11,4.688316,1
-0.11,4.695222,1
-0.05,4.702677,1
-0.05,4.70912,1
-0.05,4.715917,1
-0.06,4.72399,1
-0.06,4.731657,1
-0.06,4.740553,1
-0.27,4.748106,1
-0.27,4.759473,1
-0.27,4.768489,1
-0.8,4.775473,1
-0.8,4.782005,1
-0.8,4.790716,1
-0.8,4.797531,1
-1.77,4.80713,1
-1.77,4.814114,1
-3.13,4.82953,1
-3.13,4.837387,1
-3.13,4.843595,1
-4.88,4.85128,1
-4.88,4.858653,1
-4.88,4.865311,1
-4.88,4.873811,1
-6.73,4.881377,1
-6.73,4.890028,1
-6.73,4.897815,1
-7.98,4.906709,1
-7.98,4.913859,1
-7.98,4.923237,1
-8.69,4.929801,1
-8.69,4.939469,1
-8.69,4.946264,1
-9.11,4.955976,1
-9.11,4.964846,1
-9.24,4.981081,1
-9.24,4.990409,1
-9.24,4.998156,1
-9.24,5.006478,1
-8.93,5.01288,1
-8.93,5.02127,1
-8.93,5.027379,1
-7.71,5.035983,1
-7.71,5.043519,1
-7.71,5.052291,1
-5.63,5.059817,1
-5.63,5.069005,1
-5.63,5.076003,1
-5.63,5.084215,1
-3.34,5.091418,1
-3.34,5.099648,1
-3.34,5.107273,1
-1.99,5.115377,1
-1.99,5.129844,1
-1.1,5.138283,1
-1.1,5.145473,1
-1.1,5.153265,1
-1.1,5.160375,1
-0.48,5.171025,1
-0.48,5.177907,1
-0.48,5.185044,1
-0.12,5.191948,1
-0.12,5.198571,1
-0.12,5.207167,1
-0.12,5.214317,1
-0.03,5.223884,1
-0.03,5.231114,1
-0.03,5.24033,1
-0.04,5.247333,1
-0.04,5.256588,1
-0.04,5.263096,1
-0.11,5.272931,1
-0.11,5.287934,1
-0.45,5.293871,1
-0.45,5.301737,1
-0.45,5.309391,1
-0.45,5.316689,1
-1.26,5.324709,1
-1.26,5.332039,1
-1.26,5.340797,1
-2.35,5.3482,1
-2.35,5.356755,1
-2.35,5.364291,1
-3.76,5.37562,1
-3.76,5.384521,1
-3.76,5.391893,1
-5.28,5.398741,1
-5.28,5.407268,1
-5.28,5.413578,1
-6.71,5.423725,1
-6.71,5.439611,1
-6.71,5.445357,1
-7.65,5.45333,1
-7.65,5.460708,1
-7.65,5.46872,1
-8.22,5.47596,1
-8.22,5.485415,1
-8.22,5.49325,1
-8.22,5.500628,1
-8.37,5.506997,1
-8.37,5.514968,1
-8.37,5.523043,1
-8.11,5.530192,1
-8.11,5.539517,1
-8.11,5.546038,1
-7.06,5.555933,1
-7.06,5.56308,1
-7.06,5.571025,1
-4.69,5.58071,1
-4.69,5.597626,1
-2.53,5.605378,1
-2.53,5.612683,1
-2.53,5.624839,1
-2.53,5.630143,1
-1.35,5.637665,1
-1.35,5.644545,1
-1.35,5.653512,1
-0.56,5.660902,1
-0.56,5.669895,1
-0.56,5.67922,1
-0.18,5.687699,1
-0.18,5.695397,1
-0.18,5.705539,1
-0.01,5.712585,1
-0.01,5.721891,1
-0.01,5.729016,1
0,5.738702,1
0,5.754084,1
0,5.761818,1
0,5.770227,1
0,5.778275,1
-0.01,5.788962,1
-0.01,5.798762,1
-0.01,5.807824,1
-0.04,5.814729,1
-0.04,5.825228,1
-0.04,5.831548,1
-0.34,5.843074,1
-0.34,5.849308,1
-0.34,5.857111,1
-0.34,5.863227,1
-0.99,5.871014,1
-0.99,5.878717,1
-0.99,5.887505,1
-1.89,5.894531,1
-1.89,5.910625,1
-3.01,5.917475,1
-3.01,5.924854,1
-3.01,5.930787,1
-3.01,5.940072,1
-4.46,5.946575,1
-4.46,5.95509,1
-4.46,5.961885,1
-5.83,5.969841,1
-5.83,5.977483,1
-5.83,5.985797,1
-6.72,5.995504,1
-6.72,6.004842,1
-6.72,6.011884,1
-6.72,6.020528,1
-7.08,6.027006,1
-7.08,6.033929,1
-7.08,6.041927,1
-7.04,6.05147,1
-7.04,6.068429,1
-6.59,6.076829,1
-6.59,6.084526,1
-6.59,6.093216,1
-4.91,6.10077,1
-4.91,6.109626,1
-4.91,6.118181,1
-2.57,6.126589,1
-2.57,6.134495,1
-2.57,6.144244,1
-2.57,6.150139,1
-1.08,6.157022,1
-1.08,6.163289,1
-1.08,6.17055,1
-0.37,6.17737,1
-0.37,6.185894,1
-0.37,6.19589,1
-0.11,6.205021,1
-0.11,6.219592,1
-0.11,6.226099,1
-0.01,6.232455,1
-0.01,6.241388,1
-0.01,6.24857,1
0,6.257399,1
0,6.26392,1
0,6.274092,1
0,6.280705,1
0,6.288667,1
0,6.295346,1
0,6.303571,1
0,6.310253,1
0,6.318645,1
0,6.325848,1
-0.01,6.334018,1
-0.01,6.342,1
-0.01,6.349943,1
-0.01,6.357875,1
-0.15,6.373661,1
-0.15,6.379913,1
-0.91,6.388772,1
-0.91,6.398574,1
-0.91,6.406608,1
-2.07,6.413951,1
-2.07,6.422188,1
-2.07,6.428601,1
-2.07,6.436028,1
-3.67,6.442882,1
-3.67,6.451176,1
-3.67,6.459489,1
-5.28,6.467361,1
-5.28,6.475413,1
-5.28,6.483594,1
-6.07,6.49142,1
-6.07,6.499191,1
-6.07,6.50786,1
-6.09,6.523383,1
-6.09,6.529315,1
-6.09,6.537339,1
-5.29,6.543612,1
-5.29,6.552595,1
-5.29,6.560207,1
-3.15,6.568627,1
-3.15,6.576756,1
-3.15,6.584444,1
-3.15,6.591681,1
-1.33,6.603811,1
-1.33,6.610715,1
-0.47,6.61937,1
-0.47,6.626226,1
-0.47,6.633392,1
-0.47,6.640905,1
-0.11,6.648168,1
-0.11,6.65692,1
-0.11,6.664863,1
-0.01,6.679809,1
-0.01,6.687819,1
-0.01,6.694685,1
0,6.702219,1
0,6.709001,1
0,6.716477,1
0,6.723811,1
0,6.730921,1
0,6.739778,1
0,6.746832,1
0,6.757187,1
0,6.774093,2
0,6.790393,2
0,6.797565,2
0,6.802759,2
0,6.817726,2
0,6.823377,2
0,6.831139,2
0,6.836753,2
0,6.844387,2
0,6.852178,2
0,6.859735,2
0,6.88809,2
0,6.903631,2
0,6.909928,2
0,6.917157,2
0,6.931995,2
0,6.947245,2
0,6.952771,2
0,6.958966,2
0,6.967146,2
0,6.973158,2
0,6.98327,2
0,6.989638,2
0,6.997267,2
0,7.00402,2
0,7.015591,2
0,7.022472,2
0,7.02951,2
0,7.036496,2
0,7.044323,2
0,7.052604,2
0,7.059651,2
0,7.067639,2
0,7.075803,2
0,7.084798,2
0,7.092269,2
0,7.101312,2
0,7.108709,2
0,7.116535,2
0,7.124604,2
0,7.132802,2
0,7.141088,2
0,7.149525,2
0,7.157438,2
0,7.166272,2
0,7.173255,2
0,7.182551,2
0,7.18948,2
0,7.199672,2
0,7.205818,2
0,7.217122,2
0,7.224982,2
0,7.232824,2
0,7.239111,2
0,7.246743,2
0,7.254309,2
0,7.262859,2
0,7.270199,2
0,7.278769,2
0,7.285935,2
0,7.294237,2
0,7.301657,2
0,7.309265,2
0,7.317927,2
0,7.324852,2
0,7.333236,2
0,7.340421,2
0,7.349496,2
0,7.356503,2
0,7.365959,2
0,7.372365,2
0,7.380879,2
0,7.388261,2
0,7.397153,2
0,7.404461,2
0,7.413036,2
0,7.423023,2
0,7.43511,2
0,7.441008,2
0,7.449863,2
0,7.456846,2
0,7.46529,2
0,7.471792,2
0,7.479011,2
0,7.486249,2
0,7.493997,2
0,7.502131,2
0,7.508862,2
0,7.517096,2
0,7.524279,2
0,7.533117,2
0,7.540179,2
0,7.549392,2
0,7.555613,2
0,7.564423,2
0,7.58554,2
0,7.608061,2
0,7.617936,2
0,7.627851,2
0,7.633863,2
0,7.640412,2
0,7.647812,2
0,7.655449,2
0,7.662831,2
0,7.670192,2
0,7.678,2
0,7.685351,2
0,7.693388,2
0,7.700689,2
0,7.711699,2
0,7.718516,2
0,7.73322,2
0,7.738552,2
0,7.745755,2
0,7.752934,2
0,7.761056,2
0,7.768244,2
0,7.775675,2
0,7.783496,2
0,7.791206,2
0,7.799721,2
0,7.806993,2
0,7.816049,2
0,7.823422,2
0,7.835082,2
0,7.843346,2
0,7.850991,2
0,7.857072,2
0,7.864381,2
0,7.871497,2
0,7.879847,2
0,7.887525,2
0,7.896382,2
0,7.909435,2
0,7.91961,2
0,7.935262,2
0,7.951021,2
0,7.986184,2
0,8.00085,2
0,8.007787,2
0,8.016179,2
0,8.021702,2
0,8.032581,2
0,8.04283,2
0,8.050454,2
0,8.056682,2
0,8.067537,2
0,8.073525,2
0,8.082229,2
0,8.088404,2
0,8.096949,2
0,8.103418,2
0,8.110271,2
0,8.118289,2
0,8.12595,2
0,8.134156,2
0,8.142373,2
0,8.150899,2
0,8.156834,2
0,8.166205,2
0,8.17369,2
0,8.183535,2
0,8.219613,2
0,8.237408,2
0,8.250445,2
0,8.256778,2
0,8.265862,2
0,8.273289,2
0,8.282722,2
0,8.289333,2
0,8.297995,2
0,8.306307,2
0,8.315978,2
0,8.324674,2
0,8.332462,2
0,8.33878,2
0,8.347575,2
0,8.355144,2
0,8.363043,2
0,8.370137,2
0,8.378134,2
0,8.386527,2
0,8.393489,2
0,8.402364,2
0,8.409359,2
0,8.418293,2
0,8.425209,2
0,8.433861,2
0,8.441128,2
0,8.451743,2
0,8.456913,2
0,8.466784,2
0,8.473738,2
0,8.482667,2
0,8.489525,2
0,8.498001,2
0,8.5051,2
0,8.51358,2
0,8.520439,2
0,8.528232,2
0,8.535943,2
0,8.543941,2
0,8.55153,2
0,8.558867,2
0,8.567903,2
0,8.575233,2
0,8.583952,2
0,8.591092,2
0,8.601305,2
0,8.628708,2
0,8.6364,2
0,8.64314,2
0,8.652981,2
0,8.659817,2
0,8.669048,2
0,8.674409,2
0,8.683718,2
0,8.689735,2
0,8.697981,2
0,8.7043,2
0,8.711417,2
0,8.718981,2
0,8.726524,2
0,8.734331,2
0,8.742012,2
0,8.750433,2
0,8.757601,2
0,8.766331,2
0,8.773649,2
0,8.782887,2
0,8.789675,2
0,8.799282,2
0,8.806873,2
0,8.814878,2
0,8.822342,2
0,8.830666,2
0,8.839081,2
0,8.94876,2
0,8.970595,2
0,8.979174,2
0,8.987548,2
0,8.99511,2
0,9.002563,2
0,9.014933,2
0,9.022371,2
0,9.030995,2
0,9.03938,2
0,9.048018,2
0,9.056978,2
0,9.066453,2
0,9.071867,2
0,9.081523,2
0,9.088456,2
0,9.096696,2
0,9.106527,2
0,9.114813,2
0,9.121877,2
0,9.129701,2
0,9.137629,2
0,9.146149,2
0,9.156862,2
0,9.167887,2
0,9.174868,2
0,9.183956,2
0,9.190448,2
0,9.199415,2
0,9.205261,2
0,9.212889,2
0,9.218861,2
0,9.225265,2
0,9.234036,2
0,9.24192,2
0,9.250647,2
0,9.260793,2
0,9.268605,2
0,9.273998,2
0,9.281927,2
0,9.288443,2
0,9.295926,2
0,9.303628,2
0,9.311769,2
0,9.31954,2
0,9.328029,2
0,9.335337,2
0,9.345095,2
0,9.355062,2
0,9.365349,2
0,9.381223,2
0,9.388681,2
0,9.396746,2
0,9.404573,2
0,9.413365,2
0,9.422575,2
0,9.435913,2
0,9.451589,2
0,9.460364,2
0,9.47032,2
0,9.482442,2
0,9.489967,2
0,9.497501,2
0,9.504437,2
0,9.512437,2
0,9.518477,2
0,9.524384,2
0,9.533013,2
0,9.539412,2
0,9.549334,2
0,9.555476,2
0,9.562917,2
0,9.570129,2
0,9.582384,2
0,9.591928,2
0,9.601376,2
0,9.607024,2
0,9.61541,2
0,9.621729,2
0,9.629555,2
0,9.636818,2
0,9.645826,2
0,9.6534,2
0,9.661744,2
0,9.669049,2
0,9.677405,2
0,9.685268,2
0,9.693265,2
0,9.701411,2
0,9.709245,2
0,9.717156,2
0,9.725771,2
0,9.733732,2
0,9.741541,2
0,9.750487,2
0,9.757721,2
0,9.76675,2
0,9.773761,2
0,9.785137,2
0,9.793969,2
-0.01,9.801942,2
-0.01,9.808389,2
-0.01,9.817518,2
-0.06,9.824332,2
-0.06,9.834304,2
-0.06,9.841354,2
-0.41,9.850195,2
-0.41,9.857586,2
-0.41,9.866896,2
-0.41,9.873417,2
-1.37,9.883315,2
-1.37,9.898209,2
-3.02,9.904512,2
-3.02,9.912161,2
-3.02,9.919192,2
-3.02,9.926064,2
-4.77,9.933969,2
-4.77,9.942186,2
-4.77,9.950771,2
-6.24,9.958555,2
-6.24,9.967596,2
-6.24,9.974919,2
-6.72,9.986474,2
-6.72,9.993976,2
-6.72,10.00175,2
-6.43,10.00814,2
-6.43,10.01736,2
-6.43,10.02396,2
-4.79,10.03152,2
-4.79,10.03898,2
-4.79,10.05384,2
-2.23,10.05956,2
-2.23,10.06791,2
-2.23,10.07395,2
-2.23,10.08268,2
-0.64,10.08905,2
-0.64,10.09791,2
-0.64,10.10511,2
-0.08,10.11331,2
-0.08,10.12105,2
-0.08,10.1291,2
-0.02,10.13602,2
-0.02,10.14517,2
-0.02,10.1525,2
-0.07,10.16031,2
-0.07,10.16815,2
-0.07,10.17576,2
-0.07,10.18663,2
-0.56,10.19575,2
-0.56,10.21094,2
-2.05,10.21749,2
-2.05,10.22395,2
-2.05,10.23124,2
-4.74,10.23851,2
-4.74,10.24801,2
-4.74,10.25468,2
-4.74,10.26401,2
-7.14,10.2702,2
-7.14,10.28043,2
-7.14,10.2872,2
-8.62,10.29674,2
-8.62,10.30373,2
-8.62,10.31156,2
-9.14,10.31903,2
-9.14,10.3277,2
-9.14,10.33527,2
-8.88,10.34366,2
-8.88,10.35156,2
-8.88,10.36733,2
-7.08,10.37376,2
-7.08,10.38276,2
-7.08,10.39109,2
-3.5,10.39909,2
-3.5,10.40615,2
-3.5,10.41395,2
-1.09,10.42113,2
-1.09,10.4294,2
-1.09,10.43754,2
-0.45,10.44979,2
-0.45,10.45688,2
-0.45,10.46725,2
-0.59,10.47335,2
-0.59,10.48451,2
-0.59,10.49054,2
-1.24,10.49853,2
-1.24,10.50596,2
-1.24,10.52374,2
-3.28,10.53085,2
-3.28,10.5366,2
-3.28,10.54714,2
-5.96,10.5525,2
-5.96,10.55921,2
-5.96,10.56705,2
-5.96,10.57359,2
-7.48,10.58283,2
-7.48,10.59441,2
-7.48,10.60177,2
-7.96,10.60813,2
-7.96,10.61515,2
-7.96,10.62251,2
-7.63,10.62939,2
-7.63,10.63695,2
-7.63,10.64506,2
-7.63,10.65239,2
-6.03,10.66021,2
-6.03,10.67571,2
-3.42,10.68318,2
-3.42,10.68978,2
-3.42,10.6981,2
-3.42,10.70482,2
-1.37,10.71259,2
-1.37,10.71996,2
-1.37,10.72865,2
-0.52,10.73589,2
-0.52,10.74477,2
-0.52,10.75203,2
-0.42,10.76321,2
-0.42,10.77004,2
-0.42,10.77728,2
-0.42,10.78431,2
-0.76,10.79661,2
-0.76,10.8035,2
-0.76,10.81052,2
-1.42,10.82519,2
-1.42,10.83275,2
-3.35,10.8394,2
-3.35,10.84742,2
-3.35,10.85409,2
-3.35,10.86126,2
-5.84,10.86886,2
-5.84,10.8769,2
-5.84,10.88529,2
-7.19,10.89279,2
-7.19,10.90186,2
-7.19,10.90965,2
-7.39,10.91778,2
-7.39,10.9263,2
-7.39,10.93471,2
-6.55,10.94264,2
-6.55,10.95131,2
-6.55,10.95889,2
-3.99,10.96746,2
-3.99,10.98313,2
-3.99,10.9888,2
-1.51,10.9996,2
-1.51,11.00597,2
-1.51,11.01425,2
-0.67,11.0214,2
-0.67,11.03019,2
-0.67,11.03732,2
-0.49,11.04574,2
-0.49,11.05224,2
-0.49,11.05845,2
-0.49,11.06583,2
-0.63,11.07393,2
-0.63,11.08317,2
-0.63,11.08999,2
-1.32,11.09964,2
-1.32,11.10788,2
-1.32,11.11669,2
-2.84,11.12374,2
-2.84,11.13892,2
-2.84,11.14693,2
-4.49,11.1533,2
-4.49,11.16093,2
-4.49,11.16843,2
-5.28,11.17436,2
-5.28,11.1838,2
-5.28,11.19074,2
-5.5,11.20239,2
-5.5,11.21125,2
-5.5,11.21809,2
-5.5,11.2244,2
-4.9,11.23389,2
0,11.24837,3
0,11.25543,3
0,11.2632,3
0,11.2701,3
0,11.27589,3
0,11.28147,3
0,11.29042,3
0,11.29745,3
0,11.3073,3
0,11.31338,3
0,11.32145,3
0,11.32827,3
0,11.33741,3
0,11.34481,3
0,11.35237,3
0,11.36095,3
0,11.37613,3
0,11.38233,3
0,11.39018,3
0,11.39665,3
0,11.40448,3
0,11.41233,3
0,11.42389,3
0,11.43161,3
0,11.43965,3
0,11.44698,3
0,11.45431,3
0,11.46198,3
0,11.46963,3
0,11.47715,3
0,11.48556,3
0,11.4929,3
0,11.50111,3
0,11.50904,3
0,11.51672,3
0,11.53383,3
0,11.54121,3
0,11.5478,3
0,11.5556,3
0,11.56231,3
0,11.57062,3
0,11.57769,3
0,11.58592,3
0,11.59295,3
0,11.60158,3
0,11.61168,3
0,11.6205,3
0,11.62889,3
0,11.63733,3
0,11.644,3
0,11.65125,3
0,11.65865,3
0,11.66526,3
0,11.6747,3
0,11.69092,3
0,11.69642,3
0,11.70319,3
0,11.7103,3
-0.05,11.71773,3
-0.05,11.72579,3
-0.05,11.73373,3
-0.22,11.74183,3
-0.22,11.74964,3
-0.22,11.75861,3
-0.92,11.76595,3
-0.92,11.77544,3
-0.92,11.78306,3
-2.18,11.79169,3
-2.18,11.7985,3
-2.18,11.80719,3
-2.18,11.81307,3
-2.98,11.82182,3
-2.98,11.83286,3
-2.88,11.84847,3
-2.88,11.85657,3
-2.88,11.86455,3
-2.15,11.87206,3
-2.15,11.88013,3
-2.15,11.88805,3
-0.92,11.89482,3
-0.92,11.90266,3
-0.92,11.9099,3
-0.13,11.92282,3
-0.13,11.92914,3
-0.13,11.93714,3
-0.13,11.9443,3
-0.01,11.95211,3
-0.01,11.95973,3
-0.01,11.9682,3
-0.17,11.97607,3
-0.17,11.98428,3
-1.4,11.99975,3
-1.4,12.00886,3
-1.4,12.01505,3
-1.4,12.02422,3
-4.05,12.0328,3
-4.05,12.04097,3
-4.05,12.04707,3
-6.53,12.05526,3
-6.53,12.06236,3
-6.53,12.07094,3
-7.83,12.07871,3
-7.83,12.08793,3
-7.83,12.09544,3
-7.67,12.10359,3
-7.67,12.11042,3
-7.67,12.11716,3
-7.67,12.12414,3
-5.97,12.13479,3
-5.97,12.14997,3
-2.17,12.1585,3
-2.17,12.16495,3
-2.17,12.17316,3
-2.17,12.17959,3
-0.47,12.18721,3
-0.47,12.19441,3
-0.47,12.20322,3
-0.09,12.21049,3
-0.09,12.21917,3
-0.09,12.22673,3
-0.33,12.23929,3
-0.33,12.24643,3
-0.33,12.25401,3
-1.47,12.26061,3
-1.47,12.26786,3
-1.47,12.27526,3
-1.47,12.2826,3
-4.26,12.29182,3
-4.26,12.30772,3
-7.29,12.3135,3
-7.29,12.32164,3
-7.29,12.32948,3
-9.12,12.33681,3
-9.12,12.34413,3
-9.12,12.35082,3
-9.12,12.35855,3
-9.62,12.36648,3
-9.62,12.37502,3
-9.62,12.38266,3
-8.93,12.39165,3
-8.93,12.39826,3
-8.93,12.4076,3
-8.93,12.41376,3
-6.12,12.42373,3
-6.12,12.43035,3
-2.2,12.4427,3
-2.2,12.45868,3
-2.2,12.46462,3
-0.48,12.47223,3
-0.48,12.479,3
-0.48,12.48741,3
-0.07,12.49443,3
-0.07,12.50276,3
-0.07,12.51023,3
-0.36,12.51837,3
-0.36,12.52606,3
-0.36,12.53519,3
-0.36,12.54276,3
-1.48,12.54984,3
-1.48,12.55767,3
-1.48,12.5659,3
-4.17,12.57424,3
-4.17,12.58355,3
-4.17,12.59136,3
-6.59,12.59933,3
-6.59,12.61509,3
-7.35,12.62308,3
-7.35,12.6293,3
-7.35,12.63588,3
-7.35,12.6452,3
-6.86,12.65459,3
-6.86,12.66163,3
-6.86,12.66857,3
-4.57,12.67601,3
-4.57,12.68285,3
-4.57,12.69185,3
-4.57,12.69898,3
-1.61,12.70818,3
-1.61,12.71501,3
-1.61,12.72445,3
-0.65,12.73064,3
-0.65,12.74076,3
-0.65,12.74756,3
-0.81,12.75574,3
-0.81,12.77094,3
-0.81,12.77723,3
-1.71,12.78536,3
-1.71,12.79262,3
-1.71,12.79934,3
-4.04,12.80756,3
-4.04,12.81698,3
-4.04,12.82517,3
-6.26,12.8316,3
-6.26,12.84025,3
-6.26,12.84972,3
-7.4,12.85909,3
-7.4,12.86622,3
-7.4,12.87457,3
-7.4,12.88191,3
-7.71,12.88967,3
-7.71,12.89651,3
-7.71,12.90489,3
-6.98,12.91156,3
-6.98,12.92762,3
-6.98,12.93326,3
-4.85,12.9409,3
-4.85,12.94807,3
-4.85,12.95553,3
-1.83,12.96263,3
-1.83,12.9716,3
-1.83,12.97853,3
-0.45,12.98763,3
-0.45,12.99518,3
-0.45,13.0037,3
-0.45,13.01129,3
-0.57,13.01994,3
-0.57,13.02786,3
-0.57,13.03631,3
-1.33,13.0441,3
-1.33,13.05881,3
-2.86,13.0652,3
-2.86,13.08021,3
-2.86,13.08786,3
-5.34,13.09472,3
-5.34,13.10265,3
-5.34,13.10971,3
-7.13,13.11618,3
-7.13,13.12519,3
-7.13,13.13254,3
-7.13,13.14157,3
-8.02,13.14834,3
-8.02,13.15783,3
-8.02,13.16506,3
-7.9,13.17407,3
-7.9,13.18102,3
-7.9,13.19073,3
-6.81,13.19706,3
-6.81,13.20547,3
-6.81,13.2124,3
-3.65,13.22158,3
-3.65,13.23684,3
-3.65,13.24447,3
-1.18,13.2561,3
-1.18,13.26307,3
-1.18,13.27175,3
-0.5,13.27886,3
-0.5,13.28973,3
-0.5,13.29609,3
-0.92,13.30432,3
-0.92,13.31152,3
-0.92,13.31911,3
-2.21,13.32613,3
-2.21,13.33361,3
-2.21,13.34209,3
-2.21,13.34931,3
-5.09,13.35767,3
-5.09,13.36514,3
-5.09,13.37435,3
-7.54,13.38986,3
-7.54,13.39565,3
-8.51,13.40374,3
-8.51,13.41107,3
-8.51,13.41877,3
-8.51,13.42593,3
-8.27,13.43349,3
-8.27,13.44251,3
-8.27,13.44984,3
-6.37,13.46022,3
-6.37,13.47139,3
-6.37,13.47858,3
-2.83,13.48585,3
-2.83,13.49322,3
-2.83,13.50013,3
-1.54,13.50901,3
-1.54,13.51573,3
-1.54,13.52547,3
-0.95,13.54256,3
-0.95,13.54901,3
-0.95,13.55675,3
-0.44,13.5646,3
-0.44,13.57341,3
-0.44,13.58041,3
-0.21,13.5883,3
-0.21,13.59482,3
-0.21,13.60293,3
-0.21,13.61014,3
-0.17,13.61914,3
-0.17,13.62728,3
-0.17,13.63466,3
-0.19,13.64222,3
-0.19,13.64985,3
-0.19,13.66063,3
-0.38,13.66961,3
-0.38,13.67688,3
-0.99,13.69274,3
-0.99,13.69904,3
-0.99,13.70757,3
-0.99,13.7139,3
-1.95,13.72128,3
-1.95,13.72912,3
-1.95,13.73801,3
-3,13.74557,3
-3,13.75349,3
-3,13.76094,3
-4.12,13.76901,3
-4.12,13.77679,3
-4.12,13.78568,3
-4.89,13.79429,3
-4.89,13.80287,3
-4.89,13.80977,3
-4.89,13.81597,3
-5.52,13.82504,3
-5.52,13.83306,3
-6.05,13.84824,3
-6.05,13.85553,3
-6.05,13.86297,3
-6.84,13.87201,3
-6.84,13.87866,3
-6.84,13.88564,3
-6.84,13.8918,3
-7.78,13.89976,3
-7.78,13.90874,3
-7.78,13.91733,3
-8.95,13.92497,3
-8.95,13.93302,3
-8.95,13.94155,3
-9.87,13.94905,3
-9.87,13.9579,3
-9.87,13.96572,3
-10.67,13.97438,3
-10.67,13.98165,3
-10.67,13.99175,3
-11.25,14.00696,3
-11.25,14.01292,3
-11.25,14.02167,3
-11.81,14.02806,3
-11.81,14.03557,3
-11.81,14.04289,3
-11.81,14.05056,3
-12.52,14.05877,3
-12.52,14.07149,3
-13.21,14.07896,3
-13.21,14.08821,3
-13.21,14.0946,3
-13.21,14.10186,3
-13.91,14.10924,3
-13.91,14.11687,3
-13.91,14.12558,3
-14.63,14.13296,3
-14.63,14.14125,3
-14.63,14.14918,3
-15.43,14.16327,3
-15.43,14.17132,3
-15.43,14.17879,3
-15.97,14.18557,3
-15.97,14.19301,3
-15.97,14.19971,3
-16.51,14.20952,3
-16.51,14.21622,3
-16.51,14.22447,3
-16.51,14.23096,3
-16.85,14.24086,3
-16.85,14.24754,3
-16.85,14.25504,3
-16.59,14.2625,3
-16.59,14.27453,3
-16.59,14.28164,3
-15.54,14.28951,3
-15.54,14.2963,3
-15.54,14.30446,3
-13.78,14.31891,3
-13.78,14.32608,3
-13.78,14.33325,3
-11.35,14.34087,3
-11.35,14.34795,3
-11.35,14.35508,3
-11.35,14.36257,3
-7.07,14.37105,3
-7.07,14.37976,3
-7.07,14.38759,3
-2.66,14.39478,3
-2.66,14.4036,3
-2.66,14.41144,3
-0.47,14.41931,3
-0.47,14.4271,3
-0.47,14.43559,3
0,14.44682,3
0,14.45513,3
0,14.46963,3
0,14.47752,3
0,14.4849,3
0,14.49225,3
0,14.49901,3
0,14.50806,3
0,14.51439,3
0,14.52451,3
0,14.53146,3
0,14.53936,3
0,14.54635,3
0,14.55474,3
0,14.56241,3
0,14.57096,3
0,14.5782,3
0,14.58668,3
0,14.5939,3
0,14.60233,3
0,14.61028,3
0,14.62613,3
0,14.63189,3
0,14.64034,3
0,14.64686,3
0,14.65486,3
0,14.66171,3
0,14.67035,3
0,14.68006,3
0,14.69075,3
0,14.69704,3
0,14.70553,3
0,14.71193,3
0,14.72109,3
0,14.73914,4
0,14.74413,4
0,14.75334,4
0,14.76011,4
0,14.76721,4
0,14.77667,4
0,14.78548,4
0,14.79324,4
0,14.80175,4
0,14.80817,4
0,14.81679,4
-0.04,14.82391,4
-0.04,14.83138,4
-0.04,14.83921,4
-0.86,14.8471,4
-0.86,14.85508,4
-0.86,14.86263,4
-2.49,14.87114,4
-2.49,14.88717,4
-2.49,14.89288,4
-4.7,14.90116,4
-4.7,14.90835,4
-4.7,14.91634,4
-6.93,14.92358,4
-6.93,14.93561,4
-6.93,14.94237,4
-8.75,14.94996,4
-8.75,14.95757,4
-8.75,14.96533,4
-8.75,14.97288,4
-10.05,14.98013,4
-10.05,14.98821,4
-10.05,14.99623,4
-10.77,15.00438,4
-10.77,15.01211,4
-10.77,15.02103,4
-10.66,15.02845,4
-10.66,15.04263,4
-10.66,15.05003,4
-9.32,15.05701,4
-9.32,15.06373,4
-9.32,15.07108,4
-9.32,15.07698,4
-5.87,15.08495,4
-5.87,15.09255,4
-5.87,15.10115,4
-1.96,15.10771,4
-1.96,15.11631,4
-1.96,15.12329,4
-0.57,15.13188,4
-0.57,15.14203,4
-0.57,15.15154,4
-0.26,15.15777,4
-0.26,15.16508,4
-0.26,15.17308,4
-0.26,15.18033,4
-0.51,15.19476,4
-0.51,15.20321,4
-1.56,15.21061,4
-1.56,15.21847,4
-1.56,15.22535,4
-1.56,15.23249,4
-4.13,15.24032,4
-4.13,15.2497,4
-4.13,15.25704,4
-6.75,15.26422,4
-6.75,15.27245,4
-6.75,15.27997,4
-8.69,15.2882,4
-8.69,15.29621,4
-8.69,15.30421,4
-8.69,15.31142,4
-9.76,15.3206,4
-9.76,15.32746,4
-9.76,15.33713,4
-10.28,15.35454,4
-10.28,15.36089,4
-10.33,15.36967,4
-10.33,15.37644,4
-10.33,15.38457,4
-9.34,15.39157,4
-9.34,15.39949,4
-9.34,15.40702,4
-9.34,15.41542,4
-6.98,15.42286,4
-6.98,15.43153,4
-6.98,15.43923,4
-3.23,15.44659,4
-3.23,15.4549,4
-3.23,15.46254,4
-0.96,15.47092,4
-0.96,15.47837,4
-0.96,15.48744,4
-0.57,15.50248,4
-0.57,15.50873,4
-0.57,15.51633,4
-1.54,15.52381,4
-1.54,15.53118,4
-1.54,15.53951,4
-4.25,15.55093,4
-4.25,15.55847,4
-4.25,15.56664,4
-7.86,15.57452,4
-7.86,15.58424,4
-7.86,15.59186,4
-9.83,15.59981,4
-9.83,15.6069,4
-9.83,15.61473,4
-9.83,15.62174,4
-10.45,15.63352,4
-10.45,15.64177,4
-9.39,15.65875,4
-9.39,15.66472,4
-9.39,15.6722,4
-5.89,15.67822,4
-5.89,15.68569,4
-5.89,15.69543,4
-1.96,15.70232,4
-1.96,15.70971,4
-1.96,15.71709,4
-1.96,15.72453,4
-0.32,15.73277,4
-0.32,15.74042,4
-0.32,15.75308,4
0,15.75954,4
0,15.76723,4
0,15.77491,4
0,15.7828,4
0,15.79069,4
0,15.79886,4
0,15.81924,4
0,15.82492,4
0,15.8325,4
0,15.83954,4
0,15.84744,4
0,15.85471,4
0,15.86217,4
0,15.87068,4
0,15.87828,4
0,15.88705,4
0,15.89392,4
0,15.90342,4
0,15.91045,4
0,15.91994,4
0,15.92628,4
0,15.93406,4
0,15.94164,4
0,15.954,4
0,15.97072,4
0,15.97766,5
0,15.98454,5
0,15.98997,5
0,15.99718,5
0,16.0058,5
0,16.01505,5
0,16.02513,5
0,16.0349,5
0,16.04225,5
0,16.05853,5
0,16.06433,5
0,16.07177,5
0,16.07802,5
0,16.09398,5
0,16.10065,5
0,16.11064,5
0,16.11697,5
0,16.12608,5
-0.07,16.13265,5
-0.07,16.14201,5
-0.07,16.1504,5
-0.99,16.15739,5
-0.99,16.16509,5
-0.99,16.17252,5
-0.99,16.17898,5
-3.33,16.18775,5
-3.33,16.19491,5
-6.18,16.21019,5
-6.18,16.2177,5
-6.18,16.2247,5
-6.18,16.23153,5
-8.3,16.23878,5
-8.3,16.24641,5
-8.3,16.25498,5
-9.59,16.26268,5
-9.59,16.27095,5
-9.59,16.27852,5
-10.47,16.29097,5
-10.47,16.29913,5
-10.47,16.30701,5
-10.95,16.3127,5
-10.95,16.32182,5
-10.95,16.32906,5
-10.74,16.33818,5
-10.74,16.34512,5
-10.74,16.36158,5
-9.76,16.3699,5
-9.76,16.37614,5
-9.76,16.38424,5
-7.66,16.39073,5
-7.66,16.39731,5
-7.66,16.40527,5
-7.66,16.41283,5
-4.03,16.42138,5
-4.03,16.42875,5
-4.03,16.43751,5
-1.38,16.44444,5
-1.38,16.45364,5
-1.38,16.4609,5
-0.32,16.47076,5
-0.32,16.4775,5
-0.32,16.48574,5
-0.17,16.49546,5
-0.17,16.51193,5
-0.17,16.51883,5
-0.56,16.52478,5
-0.56,16.53046,5
-0.56,16.54137,5
-1.86,16.54842,5
-1.86,16.55602,5
-1.86,16.56343,5
-4.8,16.57202,5
-4.8,16.57849,5
-4.8,16.58788,5
-4.8,16.5944,5
-7.54,16.60433,5
-7.54,16.61072,5
-7.54,16.62103,5
-8.87,16.62737,5
-8.87,16.6358,5
-8.87,16.64267,5
-9.2,16.65182,5
-9.2,16.66674,5
-9.2,16.67408,5
-8.32,16.68213,5
-8.32,16.69049,5
-6.05,16.70279,5
-6.05,16.71448,5
-6.05,16.7218,5
-2.56,16.72854,5
-2.56,16.73638,5
-2.56,16.74423,5
-2.56,16.75107,5
-0.8,16.75797,5
-0.8,16.76666,5
-0.8,16.77411,5
-0.96,16.78225,5
-0.96,16.79032,5
-0.96,16.7977,5
-0.96,16.80571,5
-2.41,16.82077,5
-2.41,16.82625,5
-5.81,16.83417,5
-5.81,16.84168,5
-5.81,16.84924,5
-5.81,16.85659,5
-9.28,16.86474,5
-9.28,16.87292,5
-9.28,16.88128,5
-11.08,16.88913,5
-11.08,16.89676,5
-11.08,16.90788,5
-11.3,16.91715,5
-11.3,16.92416,5
-11.3,16.93227,5
-10.06,16.93913,5
-10.06,16.94663,5
-10.06,16.95504,5
-6.31,16.96207,5
-6.31,16.97674,5
-6.31,16.98451,5
-2.27,16.99062,5
-2.27,16.99762,5
-2.27,17.0059,5
-2.27,17.01204,5
-0.32,17.02152,5
-0.32,17.02837,5
-0.32,17.03633,5
0,17.04328,5
0,17.05208,5
0,17.05908,5
0,17.06743,5
0,17.07449,5
0,17.08295,5
0,17.09019,5
0,17.09864,5
0,17.10874,5
0,17.11925,5
0,17.13438,5
0,17.13986,5
0,17.14584,5
0,17.15448,5
0,17.16123,5
0,17.1703,5
0,17.17764,5
0,17.18773,5
0,17.19476,5
0,17.204,5
0,17.21067,5
0,17.21829,5
0,17.22566,5
0,17.23435,5
0,17.24105,5
0,17.25018,5
0,17.2577,5
0,17.26756,5
0,17.27755,6
0,17.28326,6
0,17.29064,6
0,17.29647,6
0,17.30327,6
0,17.3135,6
0,17.32094,6
0,17.32907,6
0,17.33925,6
0,17.34686,6
0,17.35556,6
0,17.37029,6
0,17.37675,6
0,17.38276,6
0,17.39032,6
0,17.39712,6
0,17.40674,6
0,17.41355,6
0,17.42256,6
0,17.42947,6
0,17.43956,6
0,17.44616,6
0,17.45381,6
0,17.46093,6
0,17.46891,6
0,17.47955,6
0,17.48852,6
0,17.49521,6
0,17.50094,6
-0.19,17.50908,6
-0.19,17.52311,6
-0.19,17.53053,6
-1.49,17.53775,6
-1.49,17.54531,6
-1.49,17.55206,6
-3.94,17.56056,6
-3.94,17.57085,6
-3.94,17.58097,6
-6.54,17.58873,6
-6.54,17.59697,6
-6.54,17.60739,6
-8.18,17.61523,6
-8.18,17.62691,6
-8.18,17.63356,6
-8.63,17.64243,6
-8.63,17.65079,6
-8.63,17.65985,6
-8.2,17.674,6
-8.2,17.68254,6
-6.22,17.69328,6
-6.22,17.69951,6
-6.22,17.70737,6
-6.22,17.71478,6
-3.02,17.72586,6
-3.02,17.73303,6
-1.09,17.74358,6
-1.09,17.7511,6
-1.09,17.75993,6
-0.27,17.7684,6
-0.27,17.77761,6
-0.27,17.78664,6
-0.11,17.79518,6
-0.11,17.80408,6
-0.11,17.81277,6
-0.41,17.82861,6
-0.41,17.83485,6
-0.41,17.84411,6
-1.56,17.85118,6
-1.56,17.86017,6
-1.56,17.86691,6
-4.25,17.87686,6
-4.25,17.88558,6
-4.25,17.89596,6
-7.07,17.90282,6
-7.07,17.91135,6
-7.07,17.91819,6
-8.44,17.92725,6
-8.44,17.93378,6
-8.44,17.94317,6
-8.79,17.95052,6
-8.79,17.95953,6
-8.79,17.96719,6
-8.34,17.98143,6
-8.34,17.98858,6
-8.34,17.99525,6
-6.7,18.00206,6
-6.7,18.01042,6
-6.7,18.01705,6
-6.7,18.02657,6
-3.74,18.03287,6
-3.74,18.04272,6
-3.74,18.04918,6
-1.38,18.05684,6
-1.38,18.06425,6
-1.38,18.07277,6
-0.6,18.07986,6
-0.6,18.09236,6
-0.6,18.09873,6
-1,18.1068,6
-1,18.11376,6
-1,18.12103,6
-2.63,18.1353,6
-2.63,18.1431,6
-2.63,18.14939,6
-2.63,18.15672,6
-6.26,18.16357,6
-6.26,18.17082,6
-6.26,18.17811,6
-8.76,18.18558,6
-8.76,18.19357,6
-8.76,18.20245,6
-9.84,18.21105,6
-9.84,18.2184,6
-9.84,18.22718,6
-9.84,18.23377,6
-9.83,18.24256,6
-9.83,18.24977,6
-9.83,18.25928,6
-8.59,18.26719,6
-8.59,18.27584,6
-5.25,18.29274,6
-5.25,18.30121,6
-5.25,18.30952,6
-2.18,18.31621,6
-2.18,18.32409,6
-2.18,18.33065,6
-2.18,18.33737,6
-1.65,18.34468,6
-1.65,18.35369,6
-1.65,18.36104,6
-2.33,18.36841,6
-2.33,18.3768,6
-2.33,18.38504,6
-4.73,18.39303,6
-4.73,18.40092,6
-4.73,18.40966,6
-7.29,18.41719,6
-7.29,18.42627,6
-7.29,18.44228,6
-8.29,18.44823,6
-8.29,18.45675,6
-8.29,18.4638,6
-8.21,18.47069,6
-8.21,18.47885,6
-8.21,18.48648,6
-8.21,18.49379,6
-7.27,18.505,6
-7.27,18.51355,6
-7.27,18.52062,6
-4.73,18.52789,6
-4.73,18.53474,6
-4.73,18.544,6
-1.82,18.55118,6
-1.82,18.56023,6
-1.82,18.56712,6
-0.3,18.57623,6
-0.3,18.59083,6
-0.3,18.59685,6
0,18.60409,6
0,18.61141,6
0,18.61814,6
0,18.62717,6
0,18.63345,6
0,18.64279,6
0,18.64956,6
0,18.659,6
0,18.66561,6
0,18.67399,6
0,18.68152,6
0,18.69045,6
0,18.69781,6
0,18.70906,6
0,18.71633,6
0,18.72435,6
0,18.73095,6
0,18.74835,6
0,18.75598,7
0,18.76332,7
0,18.77113,7
0,18.77867,7
0,18.78996,7
0,18.79826,7
0,18.8152,7
0,18.82653,7
0,18.83158,7
0,18.84137,7
0,18.84779,7
0,18.85611,7
0,18.86366,7
0,18.87132,7
0,18.87898,7
0,18.88776,7
0,18.89541,7
0,18.90498,7
0,18.91186,7
0,18.92109,7
0,18.92895,7
0,18.93741,7
0,18.94513,7
0,18.95427,7
0,18.96953,7
0,18.9757,7
0,18.98273,7
0,18.99155,7
0,18.99872,7
0,19.00727,7
0,19.01429,7
0,19.02356,7
0,19.03379,7
0,19.04273,7
0,19.04894,7
0,19.05742,7
0,19.06353,7
0,19.07109,7
0,19.07848,7
0,19.08704,7
0,19.09407,7
0,19.10266,7
0,19.11011,7
0,19.12613,7
0,19.13197,7
0,19.14066,7
0,19.14675,7
0,19.15483,7
0,19.16183,7
0,19.1705,7
0,19.17799,7
0,19.18659,7
0,19.19368,7
0,19.20267,7
0,19.2103,7
0,19.2189,7
0,19.22594,7
0,19.23826,7
0,19.2454,7
0,19.25203,7
0,19.25894,7
0,19.26565,7
0,19.2801,7
0,19.28837,7
0,19.29486,7
0,19.30224,7
0,19.30926,7
0,19.31628,7
0,19.32493,7
0,19.33245,7
0,19.3403,7
0,19.34839,7
0,19.35727,7
0,19.3646,7
0,19.37357,7
0,19.38046,7
0,19.38965,7
0,19.39734,7
0,19.40666,7
0,19.41314,7
0,19.42068,7
0,19.43587,7
0,19.44532,7
0,19.45192,7
0,19.45916,7
0,19.46574,7
0,19.47403,7
0,19.48095,7
0,19.49042,7
0,19.49727,7
0,19.50684,7
0,19.51449,7
0,19.52346,7
0,19.53222,7
0,19.54134,7
0,19.55011,7
0,19.55917,7
0,19.56922,7
0,19.57768,7
0,19.59163,7
0,19.59984,7
0,19.60822,7
0,19.61595,7
0,19.62489,7
0,19.63413,7
0,19.64347,7
0,19.65662,7
0,19.66567,7
0,19.67458,7
0,19.6819,7
0,19.69111,7
0,19.70089,7
0,19.70869,7
0,19.71789,7
0,19.72657,7
0,19.73561,7
0,19.7554,7
0,19.76192,7
0,19.77078,7
0,19.77723,7
0,19.78439,7
0,19.79517,7
0,19.80262,7
0,19.81076,7
0,19.82052,7
0,19.83209,7
0,19.83999,7
0,19.84675,7
0,19.85913,7
-0.01,19.86633,7
-0.01,19.87448,7
-0.01,19.88157,7
-0.01,19.89074,7
-0.15,19.90687,7
-0.15,19.91256,7
-0.55,19.92008,7
-0.55,19.92746,7
-0.55,19.93549,7
-1.05,19.94391,7
-1.05,19.95219,7
-1.05,19.96024,7
-1.05,19.96788,7
-1.81,19.97616,7
-1.81,19.9858,7
-1.81,19.99355,7
-2.76,20.00154,7
-2.76,20.01015,7
-2.76,20.01789,7
-3.84,20.02595,7
-3.84,20.03392,7
-3.84,20.04201,7
-5.01,20.05894,7
-5.01,20.06825,7
-6.2,20.07637,7
-6.2,20.08531,7
-6.2,20.09431,7
-6.92,20.10139,7
-6.92,20.109,7
-6.92,20.11639,7
-6.92,20.12407,7
-7.03,20.13085,7
-7.03,20.13886,7
-7.03,20.14569,7
-6.64,20.15376,7
-6.64,20.16177,7
-6.64,20.17409,7
-5.04,20.17987,7
-5.04,20.18788,7
-5.04,20.19488,7
-2.51,20.21055,7
-2.51,20.21806,7
-2.51,20.22547,7
-1.12,20.23153,7
-1.12,20.24055,7
-1.12,20.24726,7
-1.12,20.25451,7
-0.77,20.26201,7
-0.77,20.27368,7
-1.04,20.28429,7
-1.04,20.2948,7
-1.04,20.30216,7
-1.99,20.30841,7
-1.99,20.3143,7
-1.99,20.32284,7
-1.99,20.32978,7
-3.74,20.33981,7
-3.74,20.34689,7
-5.55,20.36174,7
-5.55,20.3689,7
-5.55,20.37619,7
-5.55,20.3833,7
-7.08,20.39119,7
-7.08,20.39775,7
-7.08,20.40717,7
-7.99,20.41352,7
-7.99,20.4228,7
-7.99,20.42935,7
-8.05,20.43722,7
-8.05,20.44353,7
-8.05,20.45172,7
-8.05,20.45924,7
-7.23,20.46713,7
-7.23,20.47741,7
-7.23,20.48736,7
-5.4,20.49343,7
-5.4,20.5011,7
-2.99,20.51588,7
-2.99,20.52368,7
-2.99,20.53041,7
-2.99,20.53805,7
-1.03,20.5451,7
-1.03,20.5542,7
-1.03,20.56212,7
-0.19,20.5708,7
-0.19,20.57868,7
-0.19,20.58811,7
-0.39,20.59576,7
-0.39,20.60655,7
-0.39,20.61297,7
-1.55,20.623,7
-1.55,20.63042,7
-1.55,20.64057,7
-4.02,20.64784,7
-4.02,20.6571,7
-6.5,20.67346,7
-6.5,20.68311,7
-6.5,20.69068,7
-7.61,20.69775,7
-7.61,20.70583,7
-7.61,20.71242,7
-7.61,20.72104,7
-7.77,20.72865,7
-7.77,20.73809,7
-7.77,20.7456,7
-6.84,20.75619,7
-6.84,20.76456,7
-6.84,20.77365,7
-4.12,20.77993,7
-4.12,20.79009,7
-4.12,20.7963,7
-1.72,20.80711,7
-1.72,20.82366,7
-0.56,20.83117,7
-0.56,20.84146,7
-0.56,20.84887,7
-0.08,20.85778,7
-0.08,20.86572,7
-0.08,20.87398,7
-0.01,20.88448,7
-0.01,20.89361,7
-0.01,20.90318,7
0,20.90897,7
0,20.91507,7
0,20.92272,7
0,20.93032,7
0,20.94844,8
0,20.95532,8
0,20.96847,8
0,20.97491,8
0,20.98446,8
0,20.99059,8
0,20.99919,8
0,21.00644,8
0,21.01394,8
0,21.01978,8
0,21.02848,8
0,21.03651,8
0,21.04466,8
0,21.05267,8
0,21.06079,8
-0.03,21.06887,8
-0.03,21.07718,8
-0.03,21.08584,8
-0.37,21.10122,8
-0.37,21.10711,8
-0.37,21.11503,8
-1.28,21.12176,8
-1.28,21.12892,8
-1.28,21.13698,8
-1.28,21.14402,8
-2.53,21.15175,8
-2.53,21.15981,8
-2.53,21.17148,8
-3.92,21.18069,8
-3.92,21.18833,8
-3.92,21.19714,8
-4.92,21.20358,8
-4.92,21.21035,8
-4.92,21.21812,8
-5.13,21.22497,8
-5.13,21.234,8
-5.13,21.24057,8
-4.52,21.25554,8
-4.52,21.26267,8
-4.52,21.26916,8
-4.52,21.27635,8
-2.91,21.28461,8
-2.91,21.29177,8
-2.91,21.30149,8
-1.3,21.30759,8
-1.3,21.31654,8
-1.3,21.323,8
-0.64,21.33099,8
-0.64,21.33866,8
-0.64,21.34702,8
-0.64,21.35408,8
-0.91,21.36343,8
-0.91,21.37298,8
-1.87,21.38302,8
-1.87,21.38966,8
-1.87,21.39898,8
-3.81,21.41326,8
-3.81,21.42007,8
-3.81,21.42665,8
-6.27,21.43624,8
-6.27,21.44284,8
-6.27,21.4507,8
-6.27,21.4578,8
-7.78,21.46501,8
-7.78,21.47199,8
-7.78,21.48029,8
-8.91,21.48822,8
-8.91,21.4972,8
-8.91,21.50466,8
-9.33,21.51252,8
-9.33,21.52039,8
-9.33,21.52848,8
-8.96,21.53673,8
-8.96,21.54383,8
-8.96,21.55429,8
-7.63,21.56972,8
-7.63,21.57871,8
-7.63,21.58678,8
-4.97,21.5934,8
-4.97,21.60265,8
-4.97,21.60899,8
-2.08,21.6175,8
-2.08,21.62386,8
-2.08,21.63405,8
-0.71,21.64052,8
-0.71,21.65006,8
-0.71,21.65715,8
-0.47,21.66709,8
-0.47,21.67529,8
-0.47,21.68448,8
-1.02,21.69333,8
-1.02,21.70321,8
-1.02,21.71329,8
-2.76,21.72738,8
-2.76,21.73746,8
-2.76,21.74377,8
-5.18,21.75138,8
-5.18,21.76083,8
-5.18,21.76996,8
-7.04,21.7832,8
-7.04,21.7914,8
-7.61,21.79933,8
-7.61,21.80687,8
-7.61,21.81729,8
-7.2,21.82446,8
-7.2,21.83459,8
-7.2,21.84316,8
-5.4,21.85179,8
-5.4,21.86178,8
-5.4,21.87014,8
-2.88,21.88622,8
-2.88,21.89305,8
-1.09,21.90176,8
-1.09,21.9086,8
-1.09,21.91858,8
-1.09,21.92585,8
-0.17,21.93481,8
-0.17,21.94274,8
-0.17,21.95113,8
-0.02,21.95918,8
-0.02,21.97283,8
0,21.98869,9
0,21.99472,9
0,22.00137,9
0,22.00815,9
0,22.01902,9
0,22.02566,9
0,22.03927,9
0,22.04476,9
0,22.05292,9
0,22.05926,9
0,22.06704,9
0,22.07477,9
0,22.08342,9
0,22.09127,9
0,22.09928,9
0,22.10685,9
0,22.11535,9
0,22.12974,9
0,22.1437,9
0,22.15167,9
0,22.15926,9
0,22.16752,9
0,22.17407,9
0,22.18453,9
0,22.191,9
0,22.19923,9
-0.02,22.20666,9
-0.05,22.21574,10
-0.02,22.22886,10
-0.02,22.24523,10
-0.02,22.2513,10
-0.01,22.25864,10
-0.01,22.26695,10
-0.01,22.27435,10
-0.01,22.28298,10
-0.01,22.29161,10
-0.01,22.30063,10
-0.01,22.3102,10
-0.01,22.319,10
-0.01,22.32883,10
0,22.33734,10
0,22.34699,10
0,22.35455,10
0,22.36487,10
0,22.3719,10
0,22.38214,10
0,22.39703,10
0,22.40299,10
0,22.41065,10
0,22.41803,10
0,22.42965,10
0,22.43673,10
0,22.44421,10
0,22.4514,10
0,22.45961,10
0,22.46713,10
0,22.47544,10
0,22.4832,10
0,22.49143,10
0,22.4993,10
0,22.50763,10
0,22.51569,10
0,22.52423,10
0,22.53205,10
0,22.54021,10
0,22.5559,10
0,22.56424,10
0,22.57097,10
0,22.57742,10
0,22.58446,10
0,22.59167,10
0,22.59983,10
0,22.60736,10
0,22.61591,10
0,22.62326,10
0,22.63439,10
0,22.6439,10
0,22.65128,10
0,22.65793,10
0,22.66583,10
0,22.67215,10
0,22.6819,10
0,22.68872,10
0,22.69865,10
0,22.71692,10
0,22.72373,10
0,22.73226,10
0,22.73815,10
0,22.74439,10
0,22.75129,10
0,22.76035,10
0,22.76927,10
0,22.77611,11
0,22.78714,11
0,22.79347,11
0,22.79995,11
0,22.81498,11
0,22.82072,11
0,22.828,11
0,22.83517,11
0,22.84393,11
0,22.85242,11
0,22.86187,11
0,22.86814,11
0,22.87447,11
0,22.88204,11
0,22.88926,11
0,22.89581,12
0,22.90513,12
0,22.91187,12
0,22.91939,12
0,22.92547,12
0,22.94108,12
0,22.94831,12
0,22.95891,12
0,22.96802,12
0,22.976,12
0,22.98359,12
0,22.99111,12
0,22.99744,12
0,23.00521,12
0,23.01186,12
0,23.0217,12
0,23.02787,12
0,23.03742,12
0,23.04454,12
0,23.05435,12
0,23.06166,12
0,23.07088,12
0,23.07988,12
0,23.09375,12
0,23.10248,12
0,23.10902,12
0,23.11773,12
0,23.12625,12
0,23.1377,12
0,23.14424,12
0,23.15523,12
0,23.16234,12
0,23.17392,12
0,23.1852,12
0,23.19196,12
0,23.19908,12
0,23.20744,12
0,23.21731,12
0,23.22569,12
0,23.23582,12
0,23.25002,12
0,23.25841,12
0,23.26553,12
0,23.27273,12
0,23.28082,12
0,23.28946,12
0,23.29807,12
0,23.30713,12
0,23.31546,12
0,23.32351,12
0,23.33254,12
0,23.34089,12
0,23.34949,12
0,23.35736,12
0,23.36626,12
0,23.37738,12
0,23.38767,12
0,23.40212,12
0,23.40821,12
0,23.41576,12
-0.02,23.4231,12
-0.02,23.43299,12
-0.02,23.44077,12
-0.34,23.44956,12
-0.34,23.45694,12
-0.34,23.46502,12
-0.34,23.47297,12
-1.14,23.48102,12
-1.14,23.48905,12
-1.14,23.49743,12
-2.11,23.5053,12
-2.11,23.51354,12
-2.11,23.52183,12
-2.92,23.52952,12
-2.92,23.53896,12
-3.25,23.55549,12
-3.25,23.56143,12
-3.25,23.56978,12
-3.05,23.57859,12
-3.05,23.58788,12
-3.05,23.5944,12
-3.05,23.60206,12
-2.13,23.60888,12
-2.13,23.61741,12
-2.13,23.62508,12
-0.95,23.63292,12
-0.95,23.64052,12
-0.95,23.64768,12
-0.95,23.65518,12
-0.37,23.66279,12
-0.37,23.67154,12
-0.37,23.67922,12
-0.6,23.68924,12
-0.6,23.7051,12
-1.76,23.71168,12
-1.76,23.72006,12
-1.76,23.72709,12
-4.08,23.73506,12
-4.08,23.74207,12
-4.08,23.74955,12
-4.08,23.75782,12
-7.14,23.76539,12
-7.14,23.77416,12
-9.22,23.78619,12
-9.22,23.79274,12
-9.22,23.79941,12
-9.22,23.80974,12
-10.14,23.81853,12
-10.14,23.82583,12
-10.14,23.8353,12
-10.12,23.8423,12
-10.12,23.86319,12
-9.06,23.87115,12
-9.06,23.87782,12
-9.06,23.88583,12
-6.87,23.89269,12
-6.87,23.90135,12
-6.87,23.90925,12
-3.55,23.9182,12
-3.55,23.92584,12
-3.55,23.93518,12
-1.14,23.94268,12
-1.14,23.95205,12
-1.14,23.95992,12
-0.15,23.96881,12
-0.15,23.97709,12
-0.15,23.99059,12
-0.03,23.99693,12
-0.03,24.01187,12
-0.33,24.01994,12
-0.33,24.02635,12
-0.33,24.03407,12
-0.33,24.04079,12
-1.42,24.0491,12
-1.42,24.05722,12
-1.42,24.06622,12
-4.18,24.07432,12
-4.18,24.08344,12
-4.18,24.09142,12
-6.92,24.10057,12
-6.92,24.10823,12
-6.92,24.11777,12
-8.51,24.12539,12
-8.51,24.13496,12
-8.51,24.14218,12
-9.29,24.15134,12
-9.29,24.16625,12
-9.29,24.1734,12
-9.08,24.18036,12
-9.08,24.19207,12
-9.08,24.19807,12
-8.3,24.20634,12
-8.3,24.21332,12
-8.3,24.22228,12
-6.77,24.2283,12
-6.77,24.23844,12
-6.77,24.24516,12
-3.87,24.25468,12
-3.87,24.26199,12
-3.87,24.27146,12
-3.87,24.27866,12
-1.67,24.28809,12
-1.67,24.29598,12
-1.67,24.30523,12
-0.32,24.32134,12
-0.32,24.32718,12
0,24.33476,12
0,24.34212,12
0,24.3513,12
0,24.35879,12
0,24.36815,12
0,24.37592,12
0,24.38515,12
0,24.396,12
0,24.40535,12
0,24.41162,12
0,24.41961,12
0,24.42764,12
0,24.43776,12
0,24.4442,12
0,24.45447,12
0,24.4613,12
0,24.47507,12
0,24.4819,12
0,24.48983,12
0,24.49646,12
0,24.50508,12
0,24.51352,12
0,24.52219,12
0,24.5312,12
0,24.53982,12
0,24.54855,12
0,24.55669,12
0,24.56651,12
0,24.57462,12
0,24.5839,12
0,24.59151,12
0,24.60452,12
0,24.61238,12
0,24.62774,12
0,24.63496,12
0,24.64146,12
0,24.64799,12
0,24.65634,12
0,24.66439,12
-0.01,24.67308,12
-0.01,24.68223,12
-0.01,24.69049,12
-0.24,24.69928,12
-0.24,24.70793,12
-0.24,24.71678,12
-1.24,24.72467,12
-1.24,24.73424,12
-1.24,24.74204,12
-3.2,24.75117,12
-3.2,24.75886,12
-3.2,24.76813,12
-5.71,24.78268,12
-5.71,24.78998,12
-5.71,24.79709,12
-7.73,24.80895,12
-7.73,24.81659,12
-7.73,24.82419,12
-9.33,24.83073,12
-9.33,24.83907,12
-9.33,24.84547,12
-10.15,24.85506,12
-10.15,24.86182,12
-10.15,24.871,12
-10.15,24.87739,12
-10.88,24.88551,12
-10.88,24.89352,12
-10.88,24.90239,12
-11.33,24.90948,12
-11.33,24.9188,12
-11.71,24.93382,12
-11.71,24.94399,12
-11.71,24.9523,12
-12.15,24.95866,12
-12.15,24.96634,12
-12.15,24.97301,12
-12.15,24.97834,12
-12.68,24.98722,12
-12.68,24.99477,12
-12.68,25.00496,12
-13.16,25.01413,12
-13.16,25.02389,12
-13.16,25.0307,12
-13.64,25.03855,12
-13.64,25.04562,12
-13.64,25.05331,12
-13.64,25.0596,12
-13.99,25.06873,12
-13.99,25.08479,12
-14.58,25.09154,12
-14.58,25.09952,12
-14.58,25.10713,12
-14.9,25.11897,12
-14.9,25.12557,12
-14.9,25.13302,12
-15.12,25.14103,12
-15.12,25.15062,12
-15.12,25.15873,12
-15.24,25.16871,12
-15.24,25.17655,12
-15.24,25.18798,12
-15.37,25.19465,12
-15.37,25.20441,12
-15.37,25.21151,12
-15.48,25.22415,12
-15.48,25.24098,12
-15.45,25.24772,12
-15.45,25.25559,12
-15.45,25.26202,12
-15.53,25.2713,12
-15.53,25.27953,12
-15.53,25.2882,12
-15.57,25.29669,12
-15.57,25.30549,12
-15.57,25.314,12
-15.5,25.32258,12
-15.5,25.33138,12
-15.5,25.34025,12
-15.36,25.34829,12
-15.36,25.35686,12
-15.36,25.36579,12
-15.13,25.37398,12
-15.13,25.38247,12
-15.06,25.39811,12
-15.06,25.40561,12
-15.06,25.41231,12
-15.06,25.4229,12
-14.69,25.42948,12
-14.69,25.43708,12
-14.69,25.44404,12
-13.45,25.45492,12
-13.45,25.46186,12
-13.45,25.47162,12
-11.48,25.47815,12
-11.48,25.48755,12
-11.48,25.49491,12
-9.19,25.50463,12
-9.19,25.51181,12
-9.19,25.52119,12
-7.19,25.5283,12
-7.19,25.53791,12
-7.19,25.55328,12
-5.35,25.55916,12
-5.35,25.56645,12
-5.35,25.57427,12
-3.19,25.58131,12
-3.19,25.59016,12
-3.19,25.59921,12
-1.98,25.60716,12
-1.98,25.61613,12
-1.98,25.62625,12
-1.38,25.63684,12
-1.38,25.64329,12
-1.38,25.65032,12
-1.38,25.65763,12
-1.02,25.66559,12
-1.02,25.67432,12
-1.02,25.68245,12
-1,25.68916,12
-1,25.70411,12
-1,25.70945,12
-1.53,25.71743,12
-1.53,25.72328,12
-1.53,25.7309,12
-2.64,25.73948,12
-2.64,25.74705,12
-2.64,25.75552,12
-4.08,25.76299,12
-4.08,25.77134,12
-4.08,25.77945,12
-5.78,25.78808,12
-5.78,25.79584,12
-5.78,25.80452,12
-5.78,25.8116,12
-6.96,25.82136,12
-6.96,25.83047,12
-7.96,25.8403,12
-7.96,25.85666,12
-7.96,25.86268,12
-8.68,25.8707,12
-8.68,25.87774,12
-8.68,25.8858,12
-9.3,25.89244,12
-9.3,25.90168,12
-9.3,25.90947,12
-9.99,25.91839,12
-9.99,25.92616,12
-9.99,25.93542,12
-9.99,25.94263,12
-10.56,25.9521,12
-10.56,25.96023,12
-10.56,25.96923,12
-11.11,25.97706,12
-11.11,25.98774,12
-11.11,25.99455,12
-11.52,26.00777,12
-11.52,26.01622,12
-11.79,26.02437,12
-11.79,26.0342,12
-11.79,26.04243,12
-12.21,26.04916,12
-12.21,26.05807,12
-12.21,26.06589,12
-12.49,26.07417,12
-12.49,26.08372,12
-12.49,26.09193,12
-12.74,26.10127,12
-12.74,26.10937,12
-12.74,26.11875,12
-13.02,26.12616,12
-13.02,26.13592,12
-13.02,26.14386,12
-13.37,26.15433,12
-13.37,26.17115,12
-13.37,26.17724,12
-13.61,26.18491,12
-13.61,26.19228,12
-13.61,26.20145,12
-13.79,26.20939,12
-13.79,26.22089,12
-13.79,26.22702,12
-13.7,26.23832,12
-13.7,26.24608,12
-13.7,26.25521,12
-13.36,26.26169,12
-13.36,26.26938,12
-13.36,26.27704,12
-12.76,26.28814,12
-12.76,26.2954,12
-12.76,26.30488,12
-11.87,26.31991,12
-11.87,26.32517,12
-11.87,26.33168,12
-10.25,26.33967,12
-10.25,26.34962,12
-10.25,26.35795,12
-8.89,26.36684,12
-8.89,26.37532,12
-8.89,26.38511,12
-7.52,26.39601,12
-7.52,26.40376,12
-7.52,26.41048,12
-5.74,26.41902,12
-5.74,26.42723,12
-3.87,26.44116,12
-3.87,26.44824,12
-3.87,26.45639,12
-2.64,26.47177,12
-2.64,26.47771,12
-2.64,26.48625,12
-1.81,26.49293,12
-1.81,26.50214,12
-1.81,26.50969,12
-0.95,26.51935,12
-0.95,26.52711,12
-0.95,26.53775,12
-0.49,26.54433,12
-0.49,26.55448,12
-0.49,26.56207,12
-0.24,26.57119,12
-0.24,26.5797,12
-0.24,26.58827,12
-0.18,26.59688,12
-0.18,26.60563,12
-0.18,26.61459,12
-0.19,26.62785,12
-0.19,26.64189,12
-0.17,26.64756,12
-0.17,26.65642,12
-0.17,26.66266,12
-0.28,26.67199,12
-0.28,26.67941,12
-0.28,26.68909,12
-0.28,26.69599,12
-0.71,26.70529,12
-0.71,26.71278,12
-0.71,26.72144,12
-1.2,26.72778,12
-1.2,26.73602,12
-1.2,26.74282,12
-1.66,26.75196,12
-1.66,26.75988,12
-1.66,26.76815,12
-2.31,26.78358,12
-2.31,26.78972,12
-2.31,26.79673,12
-3.19,26.80579,12
-3.19,26.81397,12
-3.19,26.82213,12
-4.25,26.82862,12
-4.25,26.84153,12
-4.25,26.85103,12
-5.24,26.85833,12
-5.24,26.86593,12
-5.24,26.87316,12
-5.24,26.87982,12
-6.41,26.88869,12
-6.41,26.89576,12
-6.41,26.90543,12
-7.3,26.91195,12
-7.3,26.92153,12
-8.08,26.93653,12
-8.08,26.94331,12
-8.08,26.95178,12
-8.92,26.95857,12
-8.92,26.96719,12
-8.92,26.97446,12
-8.92,26.98089,12
-9.67,26.98872,12
-9.67,26.99656,12
-9.67,27.00509,12
-10.27,27.01241,12
-10.27,27.02125,12
-10.27,27.02772,12
-11.02,27.03727,12
-11.02,27.04674,12
-11.02,27.05591,12
-11.52,27.06242,12
-11.52,27.07051,12
-11.52,27.07857,12
-11.93,27.09596,12
-11.93,27.10361,12
-11.93,27.10936,12
-12.43,27.11625,12
-12.43,27.1235,12
-12.43,27.13295,12
-12.78,27.14091,12
-12.78,27.14978,12
-12.78,27.15831,12
-12.98,27.16723,12
-12.98,27.17519,12
-12.98,27.18499,12
-13.1,27.19215,12
-13.1,27.20189,12
-13.1,27.20931,12
-13.32,27.21868,12
-13.32,27.22642,12
-13.32,27.23621,12
-13.41,27.25101,12
-13.41,27.26205,12
-13.47,27.26981,12
-13.47,27.27673,12
-13.47,27.28391,12
-13.47,27.29108,12
-13.34,27.29968,12
-13.34,27.30834,12
-13.34,27.31669,12
-13.1,27.32484,12
-13.1,27.33374,12
-13.1,27.34192,12
-12.53,27.35083,12
-12.53,27.35893,12
-12.53,27.36797,12
-11.39,27.37527,12
-11.39,27.38503,12
-11.39,27.39272,12
-9.86,27.40702,12
-9.86,27.41413,12
-9.86,27.42233,12
-8.13,27.42874,12
-8.13,27.43851,12
-8.13,27.44515,12
-6.41,27.45473,12
-6.41,27.46715,12
-6.41,27.47443,12
-4.55,27.48195,12
-4.55,27.4897,12
-4.55,27.49736,12
-3.12,27.50586,12
-3.12,27.51698,12
-3.12,27.5244,12
-2.05,27.53252,12
-2.05,27.54078,12
-2.05,27.54972,12
-1.28,27.56505,12
-1.28,27.5727,12
-1.28,27.57891,12
-0.53,27.58618,12
-0.53,27.59462,12
-0.53,27.60513,12
-0.24,27.61203,12
-0.24,27.62231,12
-0.24,27.6285,12
-0.09,27.63904,12
-0.09,27.64638,12
-0.09,27.65521,12
-0.03,27.66749,12
-0.03,27.67559,12
-0.03,27.68394,12
-0.01,27.69118,12
-0.01,27.69938,12
-0.01,27.70746,12
0,27.72628,12
0,27.73424,12
0,27.7402,12
0,27.74609,12
0,27.75521,12
0,27.76372,12
0,27.77271,12
0,27.78131,12
0,27.79061,12
0,27.79889,12
0,27.80729,12
0,27.81608,12
0,27.82437,12
0,27.83285,12
0,27.84072,12
0,27.84915,12
0,27.85794,12
0,27.87536,12
0,27.8812,12
0,27.88939,12
0,27.89562,12
0,27.90639,12
0,27.9256,13
0,27.93107,13
0,27.93866,13
0,27.94489,13
0,27.95272,13
0,27.96186,13
0,27.96964,13
0,27.97705,13
0,27.98562,13
0,27.99399,13
0,28.00155,13
0,28.0094,13
0,28.01727,13
0,28.02542,13
0,28.03311,13
0,28.04138,13
0,28.04946,13
0,28.05835,13
0,28.0743,13
0,28.08016,13
0,28.08811,13
0,28.09401,13
0,28.10353,13
0,28.11058,13
0,28.12461,13
0,28.1302,13
0,28.13918,13
0,28.14542,13
0,28.15275,13
0,28.1621,13
0,28.1696,13
0,28.17609,13
0,28.1868,13
0,28.1934,13
0,28.20043,13
0,28.20737,13
0,28.21489,13
0,28.23064,13
0,28.23765,13
0,28.24447,13
0,28.25222,13
0,28.26245,13
0,28.27018,13
0,28.27617,13
0,28.28306,13
0,28.29044,13
0,28.29725,13
0,28.30619,13
0,28.313,13
0,28.32539,13
0,28.33341,13
-0.01,28.3415,13
-0.01,28.34869,13
-0.01,28.35777,13
-0.07,28.36527,13
-0.07,28.37891,13
-0.07,28.38837,13
-0.42,28.39499,13
-0.42,28.40315,13
-0.42,28.41157,13
-0.99,28.42091,13
-0.99,28.42932,13
-0.99,28.44027,13
-1.56,28.44692,13
-1.56,28.45656,13
-1.56,28.46534,13
-2.34,28.47492,13
-2.34,28.48334,13
-2.34,28.49204,13
-3.42,28.50048,13
-3.42,28.50931,13
-3.42,28.51929,13
-4.64,28.53767,13
-4.64,28.54389,13
-5.83,28.55112,13
-5.83,28.55815,13
-5.83,28.56823,13
-6.88,28.57631,13
-6.88,28.58616,13
-6.88,28.59441,13
-7.71,28.60316,13
-7.71,28.61153,13
-7.71,28.62086,13
-8.48,28.62906,13
-8.48,28.63821,13
-8.48,28.64617,13
-9.13,28.65597,13
-9.13,28.66305,13
-9.13,28.6729,13
-9.6,28.68886,13
-9.6,28.69518,13
-10.02,28.7029,13
-10.02,28.71116,13
-10.02,28.71912,13
-10.02,28.72609,13
-10.31,28.73947,13
-10.31,28.74793,13
-10.54,28.75836,13
-10.54,28.76656,13
-10.54,28.77471,13
-10.79,28.78182,13
-10.79,28.78951,13
-10.79,28.79592,13
-10.79,28.80438,13
-11.01,28.8138,13
-11.01,28.82392,13
-11.21,28.83967,13
-11.21,28.84577,13
-11.21,28.85406,13
-11.41,28.86118,13
-11.41,28.86885,13
-11.41,28.87703,13
-11.56,28.88621,13
-11.56,28.89412,13
-11.56,28.90348,13
-11.67,28.91089,13
-11.67,28.92104,13
-11.67,28.92848,13
-11.63,28.94064,13
-11.63,28.9487,13
-11.63,28.95766,13
-11.5,28.96458,13
-11.5,28.97396,13
-11.03,28.98937,13
-11.03,28.9954,13
-11.03,29.00319,13
-11.03,29.00982,13
-10.09,29.01874,13
-10.09,29.02736,13
-10.09,29.03679,13
-8.46,29.04454,13
-8.46,29.05333,13
-8.46,29.06123,13
-6.5,29.07023,13
-6.5,29.07861,13
-6.5,29.08928,13
-4.32,29.09583,13
-4.32,29.1063,13
-4.32,29.11395,13
-2.11,29.12332,13
-2.11,29.13107,13
-0.9,29.14956,13
-0.9,29.15661,13
-0.9,29.16332,13
-0.9,29.17006,13
-0.3,29.17768,13
-0.3,29.1874,13
-0.3,29.19516,13
-0.08,29.20388,13
-0.08,29.21206,13
-0.08,29.22093,13
-0.02,29.22876,13
-0.02,29.23793,13
-0.02,29.24564,13
0,29.25587,13
0,29.26301,13
0,29.27286,13
0,29.27956,13
0,29.2896,13
0,29.30431,13
0,29.31118,13
0,29.31872,13
0,29.32599,13
0,29.33381,13
0,29.34483,13
0,29.35553,13
0,29.36195,13
0,29.36953,13
0,29.37766,13
0,29.38715,13
0,29.3954,13
0,29.40636,13
0,29.41303,13
0,29.4227,13
0,29.4304,13
0,29.43931,13
0,29.4482,13
0,29.46186,13
0,29.47246,13
0,29.48535,14
0,29.49087,14
0,29.49856,14
0,29.50445,14
0,29.51171,14
0,29.52731,14
0,29.53326,14
0,29.53915,14
0,29.5485,14
0,29.55556,14
0,29.56553,14
0,29.57238,14
0,29.5822,14
0,29.58912,14
0,29.59844,14
0,29.60502,14
0,29.61497,14
0,29.62145,14
0,29.63161,14
0,29.63814,14
0,29.64678,14
0,29.654,14
0,29.66377,14
0,29.67956,14
0,29.68842,14
0,29.69622,14
0,29.70253,14
0,29.70948,14
0,29.71612,14
0,29.72379,14
0,29.73203,14
0,29.73969,14
0,29.74822,14
0,29.75576,14
0,29.76441,14
0,29.77162,14
-0.01,29.78145,14
-0.01,29.78825,14
-0.01,29.79688,14
-0.01,29.80422,14
-0.06,29.81251,14
-0.06,29.82036,14
-0.46,29.83636,14
-0.46,29.84278,14
-0.46,29.85096,14
-0.46,29.85725,14
-1.42,29.86566,14
-1.42,29.87295,14
-1.42,29.88256,14
-2.91,29.89503,14
-2.91,29.90293,14
-2.91,29.91065,14
-4.74,29.91825,14
-4.74,29.92848,14
-4.74,29.93646,14
-6.31,29.9458,14
-6.31,29.95418,14
-7.44,29.96498,14
-7.44,29.97248,14
-7.44,29.98567,14
-8.4,29.99386,14
-8.4,30.00142,14
-8.4,30.00896,14
-9.04,30.01756,14
-9.04,30.02678,14
-9.04,30.03551,14
-9.76,30.04451,14
-9.76,30.05324,14
-9.76,30.06237,14
-10.32,30.0704,14
-10.32,30.07996,14
-10.32,30.08822,14
-10.93,30.10263,14
-10.93,30.10986,14
-10.93,30.11686,14
-11.4,30.1234,14
-11.4,30.13793,14
-11.77,30.14563,14
-11.77,30.15222,14
-11.77,30.15958,14
-11.77,30.16752,14
-12.04,30.17733,14
-12.04,30.18553,14
-12.04,30.19528,14
-12.54,30.20293,14
-12.54,30.21405,14
-12.54,30.22053,14
-12.72,30.23103,14
-12.72,30.2391,14
-12.72,30.24825,14
-12.93,30.25608,14
-12.93,30.26491,14
-12.93,30.27361,14
-13.15,30.28681,14
-13.15,30.29639,14
-13.34,30.30507,14
-13.34,30.31442,14
-13.34,30.32119,14
-13.42,30.3292,14
-13.42,30.33728,14
-13.42,30.34711,14
-13.35,30.35467,14
-13.35,30.36539,14
-13.35,30.37784,14
-13.4,30.38427,14
-13.4,30.39138,14
-13.4,30.3994,14
-13.34,30.40746,14
-13.34,30.41686,14
-13.34,30.42549,14
-13.31,30.44054,14
-13.31,30.44713,14
-13.31,30.45326,14
-13.26,30.46155,14
-13.26,30.46918,14
-13.26,30.47964,14
-13.28,30.4869,14
-13.28,30.49704,14
-13.28,30.50731,14
-13.23,30.51616,14
-13.23,30.52249,14
-13.23,30.53078,14
-13.11,30.54058,14
-13.11,30.54903,14
-13.11,30.55656,14
-13,30.56565,14
-13,30.57419,14
-13,30.58334,14
-13,30.59845,14
-13,30.60443,14
-13,30.61254,14
-12.89,30.61937,14
-12.89,30.62861,14
-12.89,30.63627,14
-12.94,30.64575,14
-12.94,30.65356,14
-12.94,30.66335,14
-12.93,30.67072,14
-12.93,30.68163,14
-12.93,30.68878,14
-12.92,30.69857,14
-12.92,30.71009,14
-12.85,30.71902,14
-12.85,30.72736,14
-12.85,30.73611,14
-12.89,30.75457,14
-12.89,30.76381,14
-12.97,30.77251,14
-12.97,30.78324,14
-12.97,30.78955,14
-12.93,30.7974,14
-12.93,30.80436,14
-12.93,30.81357,14
-12.93,30.82061,14
-12.94,30.8295,14
-12.94,30.83786,14
-12.97,30.84866,14
-12.97,30.85602,14
-12.97,30.86609,14
-12.97,30.87276,14
-12.96,30.8822,14
-12.96,30.88984,14
-12.81,30.90378,14
-12.81,30.91533,14
-12.81,30.92108,14
-12.8,30.92754,14
-12.8,30.9352,14
-12.8,30.94483,14
-12.67,30.95285,14
-12.67,30.96254,14
-12.67,30.9711,14
-12.53,30.98142,14
-12.53,30.98827,14
-12.53,30.99842,14
-12.34,31.00642,14
-12.34,31.01555,14
-12.34,31.0232,14
-12.2,31.03203,14
-12.2,31.04102,14
-12.2,31.0546,14
-12.23,31.06393,14
-12.23,31.07094,14
-12.23,31.07878,14
-12.27,31.08526,14
-12.27,31.09461,14
-12.27,31.10272,14
-12.38,31.11185,14
-12.38,31.12274,14
-12.38,31.13286,14
-12.52,31.13968,14
-12.52,31.14951,14
-12.52,31.15649,14
-12.57,31.16538,14
-12.57,31.17288,14
-12.57,31.18252,14
-12.63,31.19016,14
-12.63,31.19883,14
-12.65,31.21417,14
-12.65,31.22063,14
-12.65,31.22798,14
-12.65,31.23564,14
-12.66,31.24397,14
-12.66,31.25236,14
-12.66,31.26254,14
-12.66,31.2701,14
-12.66,31.27977,14
-12.66,31.28749,14
-12.62,31.29828,14
-12.62,31.30496,14
-12.62,31.31495,14
-12.6,31.3264,14
-12.6,31.33553,14
-12.65,31.34211,14
-12.65,31.35094,14
-12.65,31.36658,14
-12.58,31.3726,14
-12.58,31.38086,14
-12.58,31.38781,14
-12.57,31.3986,14
-12.57,31.40585,14
-12.57,31.41534,14
-12.6,31.42192,14
-12.6,31.43129,14
-12.6,31.44051,14
-12.58,31.44942,14
-12.58,31.45844,14
-12.58,31.46751,14
-12.58,31.47718,14
-12.58,31.48534,14
-12.58,31.49513,14
-12.57,31.50312,14
-12.57,31.51934,14
-12.62,31.5298,14
-12.62,31.53682,14
-12.62,31.54475,14
-12.59,31.55235,14
-12.59,31.56051,14
-12.59,31.56864,14
-12.59,31.57774,14
-12.59,31.5866,14
-12.59,31.59517,14
-12.52,31.60307,14
-12.52,31.61314,14
-12.52,31.62267,14
-12.53,31.63212,14
-12.53,31.63885,14
-12.53,31.6511,14
-12.53,31.66544,14
-12.55,31.68084,14
-12.55,31.6898,14
-12.55,31.6997,14
-12.53,31.70504,14
-12.53,31.71311,14
-12.53,31.72081,14
-12.5,31.73285,14
-12.5,31.74202,14
-12.5,31.75003,14
-12.52,31.75718,14
-12.52,31.76613,14
-12.52,31.77328,14
-12.53,31.78345,14
-12.53,31.79135,14
-12.53,31.79985,14
-12.53,31.80809,14
-12.54,31.81688,14
-12.54,31.82572,14
-12.54,31.83414,14
-12.56,31.84317,14
-12.56,31.85166,14
-12.56,31.86074,14
-12.58,31.86816,14
-12.58,31.87696,14
-12.58,31.88906,14
-12.58,31.89878,14
-12.58,31.90438,14
-12.58,31.91278,14
-12.56,31.91924,14
-12.56,31.92781,14
-12.56,31.93816,14
-12.53,31.94722,14
-12.53,31.95474,14
-12.53,31.96263,14
-12.55,31.96991,14
-12.55,31.97726,14
-12.55,31.98491,14
-12.52,31.99328,14
-12.52,32.00141,14
-12.52,32.00965,14
-12.56,32.01743,14
-12.56,32.02526,14
-12.56,32.0337,14
-12.56,32.04107,14
-12.63,32.04952,14
-12.63,32.05737,14
-12.63,32.0659,14
-12.65,32.07311,14
-12.65,32.0822,14
-12.65,32.0896,14
-12.62,32.09882,14
-12.62,32.10568,14
-12.62,32.11496,14
-12.65,32.12335,14
-12.65,32.1382,14
-12.62,32.14898,14
-12.62,32.15576,14
-12.62,32.16363,14
-12.62,32.17169,14
-12.64,32.1817,14
-12.64,32.1909,14
-12.68,32.20046,14
-12.68,32.21061,14
-12.68,32.2198,14
-12.7,32.23001,14
-12.7,32.23841,14
-12.7,32.24818,14
-12.71,32.25708,14
-12.71,32.26719,14
-12.72,32.27788,14
-12.72,32.29181,14
-12.72,32.29982,14
-12.72,32.30537,14
-12.72,32.31528,14
-12.72,32.32504,14
-12.71,32.3347,14
-12.71,32.3459,14
-12.73,32.35637,14
-12.73,32.36897,14
-12.73,32.37678,14
-12.77,32.38361,14
-12.77,32.39082,14
-12.77,32.40082,14
-12.74,32.40864,14
-12.74,32.41753,14
-12.74,32.42655,14
-12.86,32.43559,14
-12.86,32.4498,14
-12.86,32.45664,14
-12.85,32.46619,14
-12.85,32.47304,14
-12.85,32.4828,14
-12.88,32.48993,14
-12.88,32.50032,14
-12.88,32.50847,14
-12.9,32.51752,14
-12.9,32.52762,14
-12.9,32.53588,14
-12.97,32.54591,14
-12.97,32.55743,14
-13.06,32.56793,14
-13.06,32.57492,14
-13.06,32.5836,14
-13.02,32.59208,14
-13.02,32.60691,14
-13.02,32.61491,14
-13.09,32.62165,14
-13.09,32.62961,14
-13.09,32.63804,14
-13.13,32.64894,14
-13.13,32.65632,14
-13.13,32.66621,14
-13.08,32.6745,14
-13.08,32.68363,14
-13.12,32.6936,14
-13.12,32.70255,14
-13.12,32.71113,14
-13.12,32.71863,14
-13.2,32.72891,14
-13.2,32.73647,14
-13.2,32.7458,14
-13.2,32.76064,14
-13.2,32.76958,14
-13.2,32.77758,14
-13.2,32.78432,14
-13.2,32.79076,14
-13.2,32.79879,14
-13.2,32.80651,14
-13.2,32.81571,14
-13.18,32.82351,14
-13.18,32.83226,14
-13.18,32.84105,14
-13.18,32.85037,14
-13.18,32.8585,14
-13.18,32.86752,14
-13.18,32.87475,14
-13.17,32.88355,14
-13.17,32.89106,14
-13.17,32.8998,14
-13.11,32.91589,14
-13.11,32.92254,14
-12.88,32.93161,14
-12.88,32.93792,14
-12.88,32.94538,14
-12.88,32.95279,14
-12.53,32.96131,14
-12.53,32.97129,14
-11.42,32.98104,14
-11.42,32.98766,14
-11.42,32.9957,14
-11.42,33.0019,14
-8.99,33.00944,14
-8.99,33.01741,14
-8.99,33.02639,14
-5.87,33.03413,14
-5.87,33.04162,14
-5.87,33.04954,14
-2.78,33.05742,14
-2.78,33.07191,14
-2.78,33.07956,14
-1.08,33.08543,14
-1.08,33.0918,14
-1.08,33.09864,14
-1.08,33.10658,14
-0.35,33.11613,14
-0.35,33.1274,14
-0.35,33.13461,14
-0.1,33.14133,14
-0.1,33.14952,14
-0.1,33.15772,14
-0.02,33.16676,14
-0.02,33.18041,14
-0.01,33.18899,14
-0.01,33.19714,14
-0.01,33.20441,14
0,33.21541,14
0,33.23109,14
0,33.23718,14
0,33.24412,14
0,33.25248,14
0,33.26315,14
0,33.27158,14
0,33.28175,14
0,33.29042,14
0,33.29959,14
0,33.30954,14
0,33.3185,14
0,33.32855,14
0,33.33684,14
0,33.34845,14
0,33.35557,14
0,33.36551,14
0,33.3835,14
-0.02,33.40085,15
-0.02,33.4064,15
-0.02,33.42038,15
-0.4,33.42605,15
-0.4,33.4363,15
-0.4,33.44386,15
-1.35,33.45164,15
-1.35,33.45848,15
-1.35,33.46814,15
-1.35,33.47633,15
-2.87,33.48689,15
-2.87,33.49411,15
-5.1,33.50349,15
-5.1,33.51158,15
-5.1,33.52086,15
-5.1,33.52854,15
-7.13,33.53775,15
-7.13,33.55474,15
-8.52,33.5607,15
-8.52,33.56956,15
-8.52,33.57647,15
-9.89,33.58437,15
-9.89,33.5922,15
-9.89,33.60133,15
-11.03,33.60874,15
-11.03,33.62155,15
-11.03,33.62882,15
-11.81,33.63752,15
-11.81,33.64446,15
-11.81,33.65278,15
-12.32,33.65953,15
-12.32,33.6688,15
-12.32,33.67654,15
-12.8,33.68529,15
-12.8,33.693,15
-12.8,33.70845,15
-13.26,33.71527,15
-13.26,33.72261,15
-13.26,33.72966,15
-13.76,33.73795,15
-13.76,33.74454,15
-13.76,33.75471,15
-13.76,33.76158,15
-14.22,33.77049,15
-14.22,33.77742,15
-14.22,33.78733,15
-14.49,33.79428,15
-14.49,33.80234,15
-14.49,33.80941,15
-14.75,33.82113,15
-14.75,33.82875,15
-14.75,33.8377,15
-14.96,33.8446,15
-14.96,33.86077,15
-15.22,33.86879,15
-15.22,33.87541,15
-15.22,33.88255,15
-15.22,33.8896,15
-15.29,33.89656,15
-15.29,33.90482,15
-15.29,33.91276,15
-15.23,33.92062,15
-15.23,33.92844,15
-15.23,33.93773,15
-15.23,33.94436,15
-15.17,33.95412,15
-15.17,33.96055,15
-15.17,33.96916,15
-15.25,33.97672,15
-15.25,33.98571,15
-15.25,33.99353,15
-15.18,34.00401,15
-15.18,34.01766,15
-15.15,34.0274,15
-15.15,34.03639,15
-15.15,34.04265,15
-15.13,34.04902,15
-15.13,34.05756,15
-15.13,34.06771,15
-15.14,34.07571,15
-15.14,34.08713,15
-15.14,34.09435,15
-15.11,34.10352,15
-15.11,34.11196,15
-15.11,34.12089,15
-14.99,34.13021,15
-14.99,34.13959,15
-14.99,34.14948,15
-14.98,34.15829,15
-14.98,34.17187,15
-14.96,34.17971,15
-14.96,34.18839,15
-14.96,34.1961,15
-14.96,34.20475,15
-14.86,34.21167,15
-14.86,34.22152,15
-14.58,34.23432,15
-14.58,34.24193,15
-14.58,34.25047,15
-14.58,34.25648,15
-13.79,34.26381,15
-13.79,34.2728,15
-13.79,34.28214,15
-12.21,34.29118,15
-12.21,34.2999,15
-12.21,34.30779,15
-8.89,34.31633,15
-8.89,34.33159,15
-4.86,34.33865,15
-4.86,34.34525,15
-4.86,34.354,15
-1.82,34.36321,15
-1.82,34.37156,15
-1.82,34.37875,15
-0.63,34.38736,15
-0.63,34.39649,15
-0.63,34.40541,15
-0.11,34.41771,15
-0.11,34.42504,15
-0.11,34.43632,15
0,34.44386,15
0,34.45142,15
0,34.45878,15
0,34.46845,15
0,34.48513,15
0,34.49133,15
0,34.49868,15
0,34.50578,15
0,34.51493,15
0,34.52327,15
0,34.53337,15
0,34.54086,15
0,34.55056,15
0,34.55859,15
0,34.56779,15
0,34.57609,15
0,34.58528,15
0,34.59332,15
0,34.60398,15
0,34.61093,15
0,34.62575,15
