0,0.0127906,1
0,0.0281519,1
0,0.0393399,1
0,0.050257,1
0,0.076106,1
0,0.0856192,1
0,0.0945531,1
0,0.104177,1
0,0.1128124,1
0,0.1244803,1
0,0.13436,1
0,0.1441138,1
0,0.1538665,1
0,0.1637139,1
0,0.1754494,1
0,0.1857289,1
0,0.1947485,1
0,0.2053561,1
0,0.2141161,1
0,0.2263832,1
0,0.2366932,1
0,0.2454209,1
0,0.2568895,1
0,0.2677561,1
0,0.2778684,1
0,0.2884005,1
0,0.2979273,1
0,0.3072492,1
0,0.3185712,1
0,0.3288092,1
0,0.3383637,1
0,0.3491037,1
0,0.3597427,1
0,0.3724318,1
0,0.3855021,1
0,0.3973653,1
0,0.4080432,1
0,0.4205367,1
0,0.4336004,1
0,0.4437465,1
0,0.4547813,1
0,0.4640386,1
0,0.4759485,1
0,0.4865058,1
0,0.4957982,1
0,0.5073612,1
0,0.5188059,1
0,0.5293592,1
0,0.5384369,1
0,0.5490964,1
0,0.5585165,1
0,0.5696937,1
0,0.5796631,1
0,0.5892436,1
0,0.5986148,1
0,0.6090757,1
0,0.6203876,1
0,0.6300967,1
0,0.6402286,1
0,0.6499873,1
0,0.6595972,1
0,0.6720775,1
0,0.6817011,1
0,0.6914946,1
0,0.7027098,1
0,0.7126894,1
0,0.7252904,1
0,0.735237,1
0,0.7449736,1
0,0.7569544,1
0,0.7680946,1
0,0.77659,1
0,0.7865902,1
0,0.7955934,1
0,0.8071381,1
0,0.8198578,1
0,0.8309214,1
0,0.8399327,1
0,0.8505355,1
0,0.8594955,1
0,0.8708166,1
0,0.880302,1
0,0.8903017,1
0,0.9000514,1
0,0.90953,1
0,0.9217426,1
0,0.9322722,1
0,0.9415882,1
0,0.95188,1
0,0.9610305,1
0,0.9728739,1
0,0.9838414,1
0,0.992292,1
0,1.002988,1
0,1.013123,1
0,1.025057,1
-0.05,1.036029,1
-0.05,1.048481,1
-0.14,1.058191,1
-0.14,1.070246,1
-0.14,1.080701,1
-0.23,1.09003,1
-0.23,1.098819,1
-0.23,1.108463,1
-0.29,1.119749,1
-0.29,1.130085,1
-0.44,1.140099,1
-0.49,1.166856,1
-0.49,1.179677,1
-0.39,1.190253,1
-0.39,1.201572,1
-0.39,1.212223,1
-0.35,1.224713,1
-0.35,1.235643,1
-0.35,1.245669,1
-0.35,1.261318,1
-0.37,1.272756,1
-0.37,1.28252,1
-0.55,1.29212,1
-0.55,1.3134,1
-0.73,1.325231,1
-0.73,1.335558,1
-0.91,1.344465,1
-0.91,1.354354,1
-0.91,1.364184,1
-1.06,1.374607,1
-1.06,1.386164,1
-1.37,1.395836,1
-1.37,1.406197,1
-1.37,1.415859,1
-1.64,1.427065,1
-1.64,1.437515,1
-1.8,1.447979,1
-1.9,1.473912,1
-1.9,1.4843,1
-1.9,1.492679,1
-2.04,1.50282,1
-2.04,1.511535,1
-2.04,1.524008,1
-2.2,1.535105,1
-2.2,1.544724,1
-2.31,1.556592,1
-2.31,1.569021,1
-2.34,1.579733,1
-2.34,1.59112,1
-2.5,1.602878,1
-2.62,1.630724,1
-2.62,1.641075,1
-2.62,1.652151,1
-2.72,1.661782,1
-2.72,1.674378,1
-3,1.685457,1
-3,1.695465,1
-3,1.706521,1
-3.2,1.716977,1
-3.2,1.728691,1
-3.14,1.738996,1
-3.14,1.750544,1
-2.67,1.759595,1
-1.54,1.7854,1
-1.54,1.795726,1
-1.54,1.806134,1
-0.43,1.817398,1
-0.43,1.829165,1
-0.11,1.839594,1
-0.11,1.850272,1
-0.11,1.859807,1
-0.16,1.871004,1
-0.16,1.88144,1
-0.57,1.891391,1
-0.57,1.901425,1
-0.57,1.910876,1
-1.47,1.936174,1
-2.29,1.945798,1
-2.29,1.956613,1
-3.22,1.96905,1
-3.22,1.979668,1
-3.22,1.990322,1
-3.88,2.000189,1
-3.88,2.011371,1
-3.96,2.022923,1
-3.96,2.034353,1
-3.96,2.044338,1
-3.46,2.055103,1
-3.46,2.06571,1
-2.32,2.089067,1
-1.12,2.098653,1
-1.12,2.108399,1
-1.12,2.120041,1
-1.07,2.129742,1
-1.07,2.140151,1
-1.49,2.15038,1
-1.49,2.158952,1
-1.49,2.170909,1
-2.6,2.180447,1
-2.6,2.190281,1
-2.6,2.200212,1
-3.58,2.208795,1
-3.58,2.219867,1
-3.91,2.242444,1
-4.12,2.253531,1
-4.12,2.264095,1
-4.12,2.275312,1
-3.76,2.285205,1
-3.76,2.293919,1
-3.76,2.304374,1
-2.94,2.312869,1
-2.94,2.325114,1
-1.84,2.335055,1
-1.84,2.346251,1
-0.67,2.358579,1
-0.67,2.3738,1
-0.3,2.407515,1
-0.13,2.422644,1
-0.06,2.439126,1
-0.06,2.451146,1
-0.07,2.461444,1
-0.07,2.476268,1
-0.07,2.490098,1
-0.07,2.503701,1
-0.06,2.5131,1
-0.06,2.525631,1
-0.04,2.548555,1
-0.04,2.559332,1
-0.01,2.575457,1
-0.01,2.586717,1
0,2.595333,1
0,2.60635,1
0,2.617435,1
0,2.628691,1
0,2.638405,1
0,2.647794,1
0,2.657187,1
0,2.66988,1
0,2.682502,1
0,2.706614,1
0,2.718175,1
0,2.729945,1
0,2.740799,1
0,2.752688,1
0,2.76521,1
0,2.779849,1
0,2.798444,1
0,2.809207,1
0,2.822358,1
0,2.833665,1
0,2.857731,1
0,2.869067,1
0,2.879897,1
0,2.891841,1
0,2.901408,1
0,2.911901,1
0,2.923492,1
0,2.933184,1
0,2.943096,1
0,2.952827,1
0,2.962157,1
0,2.974378,1
0,2.98566,1
0,2.998681,1
0,3.009791,1
0,3.021255,1
0,3.032332,1
0,3.041585,1
0,3.052248,1
0,3.060594,1
0,3.070796,1
0,3.080421,1
0,3.092861,1
0,3.10477,1
-0.02,3.115652,1
-0.02,3.126895,1
-0.29,3.138166,1
-1.25,3.163371,1
-1.25,3.174919,1
-1.25,3.186968,1
-2.6,3.197339,1
-2.6,3.208322,1
-3.75,3.218765,1
-3.75,3.228575,1
-3.75,3.240092,1
-4.45,3.251391,1
-4.45,3.261232,1
-5.27,3.273565,1
-5.27,3.284749,1
-5.58,3.2942,1
-5.47,3.318896,1
-5.47,3.330426,1
-5.47,3.341355,1
-4.49,3.351672,1
-4.49,3.360699,1
-2.37,3.372006,1
-2.37,3.383852,1
-2.37,3.394169,1
-0.77,3.405309,1
-0.77,3.417757,1
-0.15,3.43022,1
-0.15,3.440199,1
-0.08,3.452428,1
-0.12,3.474591,1
-0.12,3.486885,1
-0.12,3.497176,1
-0.66,3.510087,1
-0.66,3.522504,1
-2.06,3.532734,1
-2.06,3.543704,1
-3.97,3.557243,1
-3.97,3.571008,1
-5.59,3.582424,1
-5.59,3.59293,1
-5.59,3.604089,1
-6.46,3.626696,1
-6.65,3.63796,1
-6.65,3.648799,1
-6.53,3.658155,1
-6.53,3.672025,1
-6.53,3.681905,1
-6.1,3.691652,1
-6.1,3.702951,1
-5.2,3.713086,1
-5.2,3.724914,1
-5.2,3.734346,1
-3.64,3.74398,1
-3.64,3.754461,1
-1.89,3.778635,1
-1,3.790696,1
-1,3.800812,1
-1,3.810233,1
-0.54,3.821632,1
-0.54,3.831125,1
-0.33,3.842789,1
-0.33,3.853561,1
-0.33,3.863952,1
-0.27,3.872626,1
-0.27,3.88586,1
-0.22,3.89622,1
-0.22,3.906669,1
-0.15,3.928799,1
-0.15,3.939262,1
-0.08,3.951429,1
-0.08,3.962861,1
-0.05,3.97634,1
-0.05,3.98789,1
-0.03,3.998353,1
-0.03,4.009422,1
-0.01,4.021698,1
-0.01,4.032548,1
-0.01,4.042655,1
-0.01,4.052104,1
-0.01,4.060977,1
-0.01,4.086916,1
-0.01,4.099641,1
-0.01,4.114099,1
-0.01,4.124516,1
-0.02,4.134208,1
-0.02,4.146097,1
-0.02,4.157681,1
-0.02,4.170125,1
-0.02,4.179999,1
-0.02,4.190002,1
-0.02,4.199289,1
-0.01,4.209405,1
-0.01,4.221354,1
0,4.232209,1
0,4.24281,1
0,4.254935,1
0,4.280373,1
-0.01,4.289635,1
-0.01,4.30124,1
-0.04,4.311345,1
-0.04,4.325152,1
-0.18,4.336335,1
-0.18,4.34698,1
-0.18,4.357045,1
-1.19,4.367682,1
-1.19,4.377384,1
-2.82,4.403738,1
-4.29,4.413339,1
-4.29,4.423322,1
-4.29,4.432301,1
-5.36,4.442442,1
-5.36,4.455201,1
-5.46,4.465807,1
-5.46,4.476627,1
-5.46,4.48725,1
-4.92,4.496474,1
-4.92,4.507536,1
-3.67,4.518677,1
-3.67,4.529936,1
-1.66,4.553117,1
-1.66,4.563275,1
-0.8,4.573173,1
-0.8,4.584914,1
-0.69,4.595246,1
-0.69,4.605731,1
-0.69,4.614954,1
-1.2,4.624943,1
-1.2,4.634222,1
-1.2,4.643735,1
-2.54,4.654328,1
-2.54,4.666518,1
-3.9,4.677222,1
-3.9,4.688479,1
-5.16,4.712341,1
-5.99,4.723863,1
-5.99,4.735383,1
-5.99,4.745064,1
-6.04,4.754951,1
-6.04,4.765691,1
-5.6,4.775281,1
-5.6,4.786168,1
-5.6,4.795222,1
-5.05,4.805519,1
-5.05,4.815252,1
-3.98,4.828025,1
-3.98,4.838076,1
-3.98,4.848213,1
-2.44,4.872494,1
-1.03,4.884556,1
-1.03,4.893861,1
-0.25,4.905293,1
-0.25,4.916154,1
-0.25,4.927292,1
-0.07,4.937939,1
-0.07,4.949745,1
-0.02,4.958348,1
-0.02,4.969303,1
-0.02,4.978489,1
0,4.990219,1
0,5.000636,1
0,5.024953,1
0,5.035839,1
0,5.047716,1
0,5.060093,1
0,5.071264,1
0,5.080979,1
0,5.095822,1
0,5.106572,1
0,5.117973,1
0,5.128579,1
0,5.138555,1
0,5.148426,1
0,5.159116,1
0,5.181725,1
0,5.193562,1
0,5.20373,1
0,5.212102,1
0,5.222876,1
0,5.233813,1
0,5.242736,1
0,5.254609,1
0,5.263618,1
0,5.274948,1
0,5.285521,1
0,5.293663,1
0,5.304088,1
0,5.312203,1
0,5.336251,1
0,5.345928,1
0,5.355313,1
0,5.364645,1
0,5.373531,1
0,5.384764,1
0,5.393724,1
0,5.404874,1
0,5.419476,1
0,5.430762,1
0,5.4435,1
0,5.457622,1
0,5.469165,1
0,5.498358,1
0,5.509848,1
0,5.521303,1
0,5.530595,1
0,5.539675,1
0,5.550154,1
0,5.560992,1
0,5.573244,1
0,5.5838,1
0,5.59257,1
0,5.604342,1
0,5.616232,2
0,5.629765,2
0,5.639983,2
0,5.650805,2
0,5.6607,2
0,5.670574,2
0,5.679667,2
0,5.690081,2
0,5.701428,2
0,5.712163,2
0,5.738087,2
0,5.749151,2
0,5.766095,2
0,5.775029,2
0,5.785284,2
0,5.794459,2
0,5.805668,2
-0.07,5.816131,2
-0.07,5.825925,2
-0.24,5.836521,2
-0.24,5.848334,2
-0.24,5.858724,2
-0.35,5.868341,2
-0.35,5.889901,2
-0.35,5.901099,2
-0.35,5.911672,2
-0.23,5.921226,2
-0.23,5.931885,2
-0.09,5.940366,2
-0.09,5.950744,2
-0.09,5.960204,2
-0.03,5.972674,2
-0.03,5.983971,2
0,5.994236,2
0,6.006381,2
0,6.018811,2
0,6.045427,2
0,6.055459,2
0,6.066796,2
0,6.077018,2
0,6.088236,2
0,6.09822,2
0,6.107051,2
0,6.116961,2
-0.01,6.126728,2
-0.01,6.138731,2
-0.06,6.149631,2
-0.06,6.158878,2
-0.06,6.16971,2
-0.23,6.193117,2
-0.67,6.203654,2
-0.67,6.214061,2
-0.67,6.222537,2
-1.27,6.234236,2
-1.27,6.244246,2
-2.18,6.255299,2
-2.18,6.265469,2
-2.18,6.273837,2
-3.35,6.283354,2
-3.35,6.293357,2
-4.15,6.304455,2
-4.15,6.31475,2
-4.15,6.324632,2
-4.32,6.346246,2
-4.04,6.357569,2
-4.04,6.370203,2
-4.04,6.379589,2
-2.96,6.391045,2
-2.96,6.404557,2
-1.38,6.416999,2
-1.38,6.42821,2
-0.35,6.438694,2
-0.35,6.451311,2
-0.22,6.461828,2
-0.22,6.472255,2
-0.22,6.484167,2
-0.26,6.509389,2
-0.84,6.520182,2
-0.84,6.53114,2
-3.09,6.539855,2
-3.09,6.551304,2
-3.09,6.560863,2
-4.76,6.572286,2
-4.76,6.584001,2
-6.07,6.59479,2
-6.07,6.60532,2
-6.92,6.616249,2
-6.92,6.626487,2
-6.92,6.638239,2
-6.89,6.661578,2
-5.84,6.670728,2
-5.84,6.680418,2
-5.84,6.691225,2
-3.67,6.702563,2
-3.67,6.713426,2
-1.81,6.72257,2
-1.81,6.732889,2
-1.81,6.741811,2
-0.76,6.752977,2
-0.76,6.766185,2
-0.24,6.775834,2
-0.24,6.786442,2
-0.09,6.798593,2
-0.05,6.823723,2
-0.05,6.834238,2
-0.05,6.84442,2
-0.03,6.853686,2
-0.03,6.863311,2
-0.02,6.874638,2
-0.02,6.885009,2
-0.02,6.894582,2
-0.01,6.906668,2
-0.01,6.916646,2
-0.01,6.926162,2
-0.01,6.938208,2
-0.01,6.95044,2
-0.01,6.973648,2
-0.01,6.984377,2
-0.01,6.995955,2
-0.01,7.007823,2
-0.01,7.018847,2
-0.01,7.028968,2
-0.01,7.037979,2
-0.01,7.05095,2
-0.01,7.060177,2
-0.01,7.071445,2
-0.01,7.082605,2
-0.01,7.093469,2
-0.01,7.103948,2
-0.01,7.128253,2
-0.02,7.140379,2
-0.02,7.151345,2
-0.04,7.161871,2
-0.04,7.172463,2
-0.04,7.182827,2
-0.07,7.193763,2
-0.07,7.205935,2
-0.16,7.218193,2
-0.16,7.231031,2
-0.71,7.240115,2
-0.71,7.25232,2
-1.89,7.269497,2
-3.73,7.29269,2
-3.73,7.302284,2
-3.73,7.313284,2
-5.34,7.321519,2
-5.34,7.334234,2
-6.3,7.344349,2
-6.3,7.353925,2
-6.3,7.363793,2
-6.53,7.373328,2
-6.53,7.383423,2
-6.06,7.397223,2
-6.06,7.407129,2
-6.06,7.417973,2
-5.21,7.429399,2
-3.63,7.454755,2
-3.63,7.466441,2
-1.7,7.475133,2
-1.7,7.487383,2
-0.53,7.49815,2
-0.53,7.509645,2
-0.53,7.519763,2
-0.19,7.532722,2
-0.19,7.54311,2
-0.33,7.554509,2
-0.33,7.565625,2
-1.48,7.576251,2
-1.48,7.588682,2
-3.89,7.611506,2
-3.89,7.622006,2
-5.61,7.634362,2
-5.61,7.644812,2
-6.66,7.65569,2
-6.66,7.66683,2
-6.66,7.675446,2
-6.85,7.68724,2
-6.85,7.69864,2
-6.35,7.708584,2
-6.35,7.718452,2
-6.35,7.729735,2
-4.83,7.740721,2
-2.32,7.764695,2
-2.32,7.774523,2
-0.97,7.785587,2
-0.97,7.795916,2
-0.97,7.80599,2
-0.36,7.815175,2
-0.36,7.824912,2
-0.36,7.835879,2
-0.08,7.846135,2
-0.08,7.855393,2
-0.03,7.866569,2
-0.03,7.875487,2
-0.02,7.889151,2
-0.02,7.901534,2
-0.01,7.926532,2
-0.01,7.939798,2
-0.01,7.950944,2
-0.01,7.959722,2
-0.01,7.97084,2
-0.01,7.980971,2
-0.01,7.992245,2
-0.01,8.00281,2
-0.01,8.013289,2
0,8.022979,2
0,8.035138,2
-0.01,8.045986,2
-0.01,8.055942,2
0,8.079451,2
0,8.090269,2
0,8.10108,2
0,8.111905,2
0,8.121367,2
0,8.133518,2
0,8.142785,2
0,8.152678,2
0,8.162233,2
0,8.17186,2
-0.01,8.181742,2
-0.01,8.191685,2
-0.01,8.203249,2
-0.01,8.212799,2
-0.01,8.222093,2
0,8.233885,2
0,8.243027,2
0,8.256607,2
0,8.267052,2
0,8.275428,2
-0.01,8.286514,2
-0.01,8.297243,2
-0.01,8.310061,2
-0.01,8.320142,2
-0.01,8.333511,2
-0.01,8.344273,3
-0.01,8.355772,3
-0.01,8.365543,3
-0.01,8.381969,3
-0.01,8.393481,3
-0.01,8.404457,3
-0.01,8.415442,3
-0.01,8.428179,3
-0.01,8.438843,3
-0.01,8.461241,3
-0.01,8.47059,3
-0.01,8.480569,3
-0.01,8.491895,3
-0.01,8.505769,3
-0.01,8.515659,3
-0.01,8.526438,3
-0.01,8.539248,3
-0.01,8.548877,3
-0.01,8.563008,3
-0.01,8.574977,3
-0.01,8.584914,3
-0.01,8.594279,3
-0.01,8.604012,3
-0.01,8.612975,3
-0.01,8.624863,3
-0.01,8.636617,3
-0.03,8.645396,3
-0.03,8.656033,3
-0.03,8.666521,3
-0.07,8.676209,3
-0.07,8.688191,3
-0.25,8.698089,3
-0.25,8.708859,3
-0.25,8.722266,3
-1.02,8.732472,3
-1.02,8.745743,3
-2.34,8.770473,3
-4.25,8.780547,3
-4.25,8.79201,3
-5.27,8.804503,3
-5.27,8.815207,3
-5.27,8.82541,3
-5.43,8.836477,3
-5.43,8.844917,3
-5.57,8.859053,3
-5.57,8.870038,3
-6.01,8.88063,3
-6.01,8.891298,3
-6.01,8.902085,3
-6.08,8.927663,3
-5.31,8.938207,3
-5.31,8.948225,3
-3.28,8.960956,3
-3.28,8.972058,3
-1.19,8.982973,3
-1.19,8.993633,3
-1.19,9.003916,3
-0.34,9.013065,3
-0.34,9.025139,3
-0.34,9.036132,3
-0.34,9.044805,3
-0.34,9.055792,3
-1.35,9.077415,3
-4.1,9.089898,3
-4.1,9.100769,3
-4.1,9.112054,3
-6.1,9.121789,3
-6.1,9.131622,3
-7.37,9.142514,3
-7.37,9.154055,3
-7.53,9.164577,3
-7.53,9.175929,3
-7.53,9.186401,3
-6.57,9.195413,3
-6.57,9.20698,3
-4.42,9.232459,3
-1.84,9.243118,3
-1.84,9.255999,3
-1.84,9.267895,3
-0.57,9.280106,3
-0.57,9.292017,3
-0.13,9.304862,3
-0.13,9.315754,3
-0.04,9.327552,3
-0.04,9.338959,3
-0.01,9.349269,3
-0.01,9.360819,3
-0.01,9.387769,3
0,9.402388,3
0,9.414205,3
0,9.425235,3
0,9.436464,3
0,9.445574,3
0,9.457731,3
0,9.46859,3
0,9.478795,3
0,9.489214,3
0,9.500026,3
0,9.509484,3
0,9.521783,3
0,9.544411,3
0,9.556387,3
0,9.567117,3
0,9.577689,3
0,9.589744,3
0,9.599463,3
-0.01,9.60846,3
-0.01,9.619643,3
-0.01,9.631069,3
-0.08,9.640869,3
-0.08,9.650063,3
-0.81,9.660399,3
-0.81,9.672578,3
-2.33,9.696095,3
-2.33,9.707585,3
-4.73,9.718575,3
-4.73,9.730476,3
-6.25,9.741508,3
-6.25,9.754655,3
-6.66,9.764423,3
-6.66,9.774461,3
-6.66,9.785108,3
-6.12,9.795068,3
-6.12,9.807006,3
-4.35,9.816813,3
-4.35,9.827076,3
-2.01,9.852611,3
-2.01,9.862909,3
-0.78,9.873999,3
-0.78,9.88236,3
-0.78,9.892249,3
-0.72,9.902901,3
-0.72,9.912978,3
-1.3,9.924821,3
-1.3,9.936596,3
-3.08,9.946045,3
-3.08,9.957175,3
-3.08,9.966959,3
-5.12,9.976561,3
-5.12,9.993391,3
-6.24,10.0188,3
-6.17,10.02997,3
-6.17,10.0443,3
-5.79,10.0555,3
-5.79,10.0656,3
-4.61,10.07638,3
-4.61,10.0889,3
-2.59,10.10202,3
-2.59,10.11331,3
-2.59,10.12357,3
-0.82,10.13266,3
-0.82,10.14233,3
-0.16,10.15287,3
-0.06,10.17922,3
-0.06,10.18934,3
-0.06,10.19899,3
-0.03,10.20774,3
-0.03,10.21973,3
-0.02,10.23182,3
-0.02,10.24386,3
-0.02,10.25503,3
-0.02,10.26427,3
-0.02,10.27542,3
-0.02,10.28587,3
-0.02,10.29658,3
-0.02,10.30816,3
-0.02,10.33186,3
-0.02,10.34184,3
-0.02,10.35328,3
-0.02,10.36319,3
-0.02,10.37375,3
-0.01,10.38684,3
-0.01,10.39922,3
-0.01,10.40837,3
-0.01,10.4198,3
-0.01,10.43019,3
-0.02,10.43961,3
-0.02,10.45049,3
-0.02,10.46167,3
-0.02,10.48593,3
-0.02,10.49755,3
-0.02,10.5096,3
-0.02,10.5202,3
-0.02,10.52879,3
-0.02,10.53966,3
-0.02,10.54815,3
-0.02,10.56098,3
-0.02,10.57153,3
-0.02,10.58142,3
-0.02,10.59111,3
-0.02,10.60196,3
-0.02,10.61325,3
-0.02,10.62366,3
-0.02,10.63321,3
-0.02,10.64269,3
-0.02,10.6535,3
-0.02,10.66457,3
-0.02,10.67468,3
-0.02,10.68437,3
-0.02,10.69403,3
-0.02,10.70419,3
-0.02,10.71407,3
-0.01,10.72565,3
-0.01,10.73679,3
-0.01,10.74574,3
-0.01,10.75623,3
-0.01,10.76471,3
-0.01,10.79071,3
-0.01,10.80107,3
-0.01,10.81008,3
-0.01,10.82333,3
-0.01,10.83447,3
-0.01,10.84373,3
-0.01,10.85553,3
-0.01,10.86924,4
0,10.88351,4
0,10.89569,4
0,10.90842,4
0,10.92304,4
0,10.93446,4
0,10.94693,4
0,10.95706,4
0,10.97101,4
0,10.98323,4
0,11.0089,4
0,11.02369,4
0,11.03614,4
0,11.04841,4
0,11.05878,4
0,11.07206,4
0,11.08444,4
0,11.0972,4
0,11.10758,4
0,11.12146,4
0,11.13266,4
0,11.14381,4
0,11.17401,4
0,11.18551,4
0,11.19689,4
0,11.20831,4
0,11.22178,4
0,11.23323,4
0,11.24438,4
0,11.25498,4
0,11.26812,4
0,11.27928,4
0,11.29078,4
0,11.30201,4
0,11.33007,4
0,11.33937,4
0,11.35023,4
0,11.3599,4
0,11.37283,4
0,11.38307,4
0,11.39287,4
-0.01,11.40261,4
-0.01,11.41551,4
-0.28,11.42755,4
-0.28,11.4383,4
-1.76,11.44972,4
-1.76,11.46017,4
-3.98,11.48684,4
-3.98,11.49781,4
-6.08,11.50755,4
-6.08,11.52033,4
-7.34,11.53346,4
-7.34,11.54624,4
-8.31,11.55794,4
-8.31,11.56951,4
-8.46,11.58051,4
-8.46,11.5934,4
-7.6,11.60849,4
-7.6,11.62104,4
-5.1,11.64733,4
-2.71,11.65823,4
-2.71,11.67155,4
-1.02,11.68337,4
-1.02,11.69434,4
-1.02,11.70519,4
-0.39,11.71806,4
-0.39,11.73003,4
-0.44,11.73966,4
-0.44,11.75175,4
-1.75,11.76327,4
-1.75,11.77768,4
-4.16,11.80576,4
-6.23,11.81796,4
-6.23,11.83055,4
-7.57,11.8426,4
-7.57,11.8536,4
-7.44,11.86612,4
-7.44,11.87652,4
-7.44,11.88753,4
-6.26,11.89803,4
-6.26,11.90856,4
-4.01,11.92309,4
-4.01,11.93558,4
-1.71,11.96464,4
-0.44,11.9787,4
-0.44,11.99016,4
-0.11,12.00331,4
-0.11,12.01646,4
-0.04,12.02907,4
-0.04,12.03954,4
-0.02,12.05324,4
-0.02,12.06674,4
-0.01,12.0799,4
-0.01,12.091,4
0,12.11926,4
0,12.13143,4
0,12.14413,4
0,12.15502,4
0,12.1682,4
0,12.17939,4
0,12.1902,4
0,12.20138,4
0,12.215,4
0,12.22673,4
0,12.23743,4
0,12.2491,4
0,12.27451,4
0,12.28625,4
0,12.29802,4
0,12.30826,4
0,12.32094,4
0,12.33199,4
0,12.34517,4
0,12.35574,4
0,12.36853,4
0,12.37907,4
0,12.38882,4
0,12.39964,4
0,12.42701,4
0,12.43955,4
0,12.45225,4
0,12.46301,4
0,12.47518,4
0,12.48585,4
0,12.49667,4
0,12.5069,4
0,12.52016,4
0,12.53129,4
0,12.54017,4
0,12.5517,4
0,12.58129,4
0,12.59483,4
0,12.60693,4
0,12.6266,4
0,12.63783,4
0,12.64893,4
0,12.6602,4
-0.01,12.67296,4
-0.01,12.68487,4
-0.01,12.69633,4
-0.06,12.70687,4
-0.33,12.73557,4
-0.33,12.74739,4
-1.37,12.75739,4
-1.37,12.76856,4
-3.78,12.78028,4
-3.78,12.79186,4
-5.7,12.80538,4
-5.7,12.8185,4
-6.54,12.83039,4
-6.54,12.84152,4
-6.59,12.85466,4
-6.59,12.86731,4
-5.98,12.89071,4
-5.98,12.90376,4
-4.1,12.91602,4
-4.1,12.92588,4
-1.75,12.93549,4
-1.75,12.94868,4
-0.85,12.959,4
-0.85,12.96978,4
-0.85,12.97965,4
-0.45,12.98873,4
-0.45,13.00153,4
-0.29,13.01391,4
-0.29,13.02509,4
-0.6,13.052,4
-1.82,13.06328,4
-1.82,13.07345,4
-1.82,13.08422,4
-3.51,13.095,4
-3.51,13.10784,4
-5.43,13.11813,4
-5.43,13.12916,4
-5.43,13.13787,4
-7.41,13.15027,4
-7.41,13.16133,4
-8.06,13.17154,4
-8.06,13.18271,4
-7.63,13.20793,4
-5.8,13.21787,4
-5.8,13.22855,4
-5.8,13.2383,4
-3.49,13.24994,4
-3.49,13.25943,4
-1.57,13.26964,4
-1.57,13.27924,4
-1.57,13.29008,4
-0.58,13.30234,4
-0.58,13.31487,4
-0.17,13.32491,4
-0.17,13.33637,4
-0.04,13.36089,4
-0.04,13.37235,4
-0.01,13.38428,4
-0.01,13.39719,4
0,13.40933,4
0,13.42086,4
0,13.43326,4
0,13.44466,4
0,13.45714,4
0,13.46924,4
0,13.47888,4
0,13.48974,4
0,13.51677,4
0,13.52854,4
0,13.53808,4
0,13.55232,4
0,13.56418,4
0,13.57509,4
0,13.58636,4
0,13.60006,4
0,13.61296,4
0,13.62288,4
0,13.63703,4
0,13.64834,4
0,13.67321,4
0,13.68481,4
0,13.6992,4
0,13.71031,4
0,13.72156,4
0,13.73233,4
0,13.74305,4
0,13.75718,4
0,13.77051,4
0,13.78342,4
0,13.79695,4
0,13.81066,4
0,13.84577,4
0,13.86,4
0,13.87379,4
0,13.88701,4
0,13.89989,4
0,13.91381,4
0,13.92891,4
0,13.94026,4
0,13.95435,4
0,13.96749,4
0,13.99804,4
0,14.01354,4
0,14.02537,4
0,14.03834,4
0,14.05263,4
0,14.06539,4
0,14.07589,4
0,14.0881,4
0,14.10132,4
0,14.11424,4
0,14.12622,4
0,14.15724,4
0,14.16916,4
0,14.18078,4
0,14.19302,4
0,14.20597,4
0,14.21999,4
0,14.23194,4
0,14.24384,4
0,14.25912,4
0,14.27585,4
0,14.2879,5
0,14.30015,5
0,14.32923,5
0,14.34171,5
0,14.3536,5
0,14.36528,5
0,14.37968,5
0,14.39681,5
0,14.40966,5
0,14.42225,5
0,14.43643,5
0,14.44832,5
0,14.46159,5
0,14.49082,5
0,14.50387,5
0,14.51691,5
0,14.5301,5
0,14.54133,5
0,14.5511,5
0,14.56187,5
0,14.57239,5
0,14.58402,5
0,14.59508,5
0,14.60553,5
0,14.61559,5
0,14.62766,5
0,14.63875,5
0,14.6492,5
0,14.65907,5
0,14.67035,5
0,14.68288,5
0,14.69349,5
0,14.70372,5
0,14.71341,5
0,14.7247,5
0,14.73613,5
0,14.74691,5
0,14.75777,5
0,14.76793,5
0,14.79714,5
0,14.81021,5
0,14.82251,5
0,14.83603,5
0,14.84897,5
0,14.86012,5
0,14.87062,5
-0.01,14.88548,5
-0.01,14.89787,5
-0.01,14.90961,5
-0.01,14.92032,5
0,14.94783,5
0,14.95987,5
0,14.97175,5
0,14.98422,5
0,14.99585,5
0,15.00801,5
0,15.01718,5
0,15.0288,5
0,15.04042,5
0,15.0512,5
0,15.06176,5
0,15.07255,5
0,15.09875,5
0,15.10996,5
0,15.1188,5
0,15.13005,5
0,15.13878,5
0,15.1502,5
0,15.15981,5
0,15.16872,5
0,15.17928,5
-0.01,15.18922,5
-0.01,15.20034,5
-0.01,15.21244,5
-0.01,15.22215,5
-0.01,15.23318,5
-0.05,15.26073,5
-0.15,15.27161,5
-0.15,15.28296,5
-0.52,15.29466,5
-0.52,15.30665,5
-1.38,15.31754,5
-1.38,15.33005,5
-1.38,15.33993,5
-2.7,15.35016,5
-2.7,15.36031,5
-4.32,15.36984,5
-4.32,15.38127,5
-4.32,15.39339,5
-5.57,15.41712,5
-6.24,15.42776,5
-6.24,15.43701,5
-6.49,15.44738,5
-6.49,15.45942,5
-6.49,15.4702,5
-6.61,15.47978,5
-6.61,15.48981,5
-6.25,15.50109,5
-6.25,15.51239,5
-6.25,15.52155,5
-4.54,15.53197,5
-4.54,15.54109,5
-2.13,15.55312,5
-0.94,15.57674,5
-0.94,15.58682,5
-0.94,15.6004,5
-0.46,15.61185,5
-0.46,15.6222,5
-0.7,15.63338,5
-0.7,15.64541,5
-1.9,15.65646,5
-1.9,15.66929,5
-1.9,15.67936,5
-3.35,15.69228,5
-3.35,15.70293,5
-5.34,15.71604,5
-6.93,15.74256,5
-6.93,15.7524,5
-7.31,15.76624,5
-7.31,15.7774,5
-7.31,15.78724,5
-7.31,15.80277,5
-7.22,15.81337,5
-7.22,15.82437,5
-7.22,15.83389,5
-6.84,15.84453,5
-6.84,15.85448,5
-5.96,15.86618,5
-3.82,15.891,5
-3.82,15.90208,5
-3.82,15.91251,5
-1.67,15.92264,5
-1.67,15.93391,5
-0.58,15.94529,5
-0.58,15.95763,5
-0.17,15.96803,5
-0.17,15.98026,5
-0.05,15.99274,5
-0.05,16.00566,5
-0.05,16.01702,5
-0.02,16.04651,5
-0.02,16.05802,5
-0.02,16.06781,5
-0.01,16.08321,5
-0.01,16.09579,5
-0.01,16.10704,5
-0.01,16.11636,5
0,16.1265,5
0,16.13719,5
0,16.14879,5
0,16.16057,5
0,16.17035,5
0,16.1962,5
0,16.20868,5
0,16.21862,5
0,16.23101,5
0,16.24125,5
0,16.25053,5
0,16.26248,5
0,16.27181,5
0,16.2812,5
0,16.29393,5
0,16.30439,5
0,16.31477,5
0,16.32601,5
0,16.34864,5
0,16.36055,5
0,16.3733,5
0,16.38384,5
0,16.39672,5
0,16.41073,5
0,16.4198,5
0,16.43013,5
0,16.43982,5
0,16.44933,5
-0.02,16.46041,5
-0.02,16.47005,5
-0.02,16.48092,5
-0.11,16.50472,5
-0.79,16.51513,5
-0.79,16.5275,5
-0.79,16.53766,5
-1.89,16.54774,5
-1.89,16.55659,5
-3.48,16.56731,5
-3.48,16.57788,5
-3.48,16.58781,5
-5.64,16.59973,5
-5.64,16.61073,5
-6.73,16.61967,5
-6.73,16.63111,5
-6.99,16.65648,5
-6.99,16.66722,5
-6.38,16.67716,5
-6.38,16.68741,5
-4.77,16.69847,5
-4.77,16.71007,5
-4.77,16.71955,5
-2.63,16.73125,5
-2.63,16.74167,5
-1,16.75292,5
-1,16.76821,5
-0.48,16.7797,5
-0.48,16.79114,5
-0.51,16.81713,5
-1.08,16.82809,5
-1.08,16.83709,5
-1.08,16.84828,5
-2.57,16.85943,5
-2.57,16.87148,5
-4.88,16.88336,5
-4.88,16.89412,5
-6.44,16.90461,5
-6.44,16.91446,5
-6.44,16.92653,5
-7.14,16.9373,5
-7.14,16.94799,5
-7.14,16.97058,5
-6.9,16.98142,5
-6.9,16.99813,5
-6.07,17.01383,5
-6.07,17.02906,5
-4.56,17.04308,5
-2.57,17.05912,5
-2.57,17.07201,5
-0.95,17.08801,5
-0.95,17.10135,5
-0.2,17.13771,5
-0.2,17.15277,5
-0.02,17.16829,5
-0.02,17.18385,5
0,17.19936,5
0,17.21519,5
0,17.23101,5
0,17.24541,5
0,17.25611,5
0,17.28115,5
0,17.29325,5
0,17.3055,5
0,17.31533,5
0,17.32635,5
0,17.33617,5
0,17.34933,5
0,17.35991,5
0,17.36899,5
0,17.37955,5
0,17.39099,5
0,17.40335,5
0,17.41465,5
0,17.42531,5
0,17.43481,5
0,17.44531,5
0,17.45776,5
0,17.46837,5
0,17.48043,5
0,17.49214,5
0,17.5023,5
0,17.51859,5
