0.04,0.0124588,1
0.04,0.0205976,1
0.04,0.0290608,1
0.04,0.0359932,1
0.04,0.0550388,1
0.04,0.063474,1
0.04,0.0711341,1
0.04,0.0797019,1
0.04,0.0871448,1
0.04,0.096084,1
0.04,0.1034858,1
0.04,0.1123747,1
0.04,0.1191435,1
0.04,0.1290307,1
0.04,0.136836,1
0.04,0.1458094,1
0.04,0.1540773,1
0.04,0.1626044,1
0.04,0.1705343,1
0.04,0.1841188,1
0.04,0.192367,1
0.04,0.2115962,1
0.04,0.2185579,1
0.04,0.2272278,1
0.04,0.2348147,1
0.04,0.2431101,1
0.04,0.2508037,1
0.04,0.2582251,1
0.04,0.2670947,1
0.03,0.275141,1
0.03,0.2829045,1
0.03,0.2904049,1
0.03,0.2990321,1
0.03,0.3055222,1
0.03,0.3145328,1
0.03,0.3219368,1
0.02,0.3307828,1
0.02,0.3380492,1
0.02,0.3465143,1
0.01,0.3656498,1
0.01,0.3727533,1
0,0.3807776,1
0,0.3877644,1
0,0.396541,1
-0.01,0.4039551,1
-0.01,0.4126824,1
-0.01,0.4207418,1
-0.02,0.4293299,1
-0.02,0.4366458,1
-0.02,0.4456771,1
-0.02,0.4537217,1
-0.03,0.462415,1
-0.03,0.4696221,1
-0.03,0.4793253,1
-0.04,0.4858755,1
-0.04,0.4955526,1
-0.04,0.503085,1
-0.04,0.5216907,1
-0.04,0.5298332,1
-0.05,0.5377827,1
-0.05,0.5464024,1
-0.05,0.5537593,1
-0.04,0.5626007,1
-0.04,0.5694566,1
-0.04,0.5785603,1
-0.03,0.5854184,1
-0.03,0.5946647,1
-0.03,0.6021856,1
-0.03,0.6108246,1
-0.01,0.6178237,1
-0.01,0.6263655,1
-0.01,0.6345307,1
0,0.6425071,1
0,0.6503565,1
0,0.6585723,1
0,0.6775243,1
0,0.6848941,1
0,0.693482,1
0,0.7005302,1
0,0.7092454,1
0,0.7173107,1
0,0.7255067,1
0,0.7338588,1
0,0.7451699,1
0,0.7519133,1
0,0.7610044,1
0,0.7683215,1
0,0.7774179,1
0,0.7846016,1
-0.01,0.7935635,1
-0.01,0.8009372,1
-0.01,0.809424,1
-0.01,0.8287213,1
-0.01,0.8354566,1
-0.01,0.8446621,1
-0.02,0.8521186,1
-0.02,0.860941,1
-0.02,0.8679023,1
-0.03,0.8762799,1
-0.03,0.8832812,1
-0.03,0.8919148,1
-0.04,0.9000835,1
-0.04,0.9074327,1
-0.04,0.9161846,1
-0.04,0.9232153,1
-0.05,0.9311635,1
-0.05,0.9389797,1
-0.05,0.9474363,1
-0.06,0.9560466,1
-0.06,0.9643732,1
-0.07,0.9830503,1
-0.07,0.9897825,1
-0.07,0.9984242,1
-0.08,1.005552,1
-0.08,1.014925,1
-0.08,1.022125,1
-0.1,1.030863,1
-0.1,1.038083,1
-0.1,1.047384,1
-0.11,1.054571,1
-0.11,1.062847,1
-0.11,1.071303,1
-0.13,1.079982,1
-0.13,1.087102,1
-0.13,1.09609,1
-0.13,1.103017,1
-0.16,1.111224,1
-0.16,1.119528,1
-0.2,1.138512,1
-0.2,1.146055,1
-0.2,1.155024,1
-0.23,1.163093,1
-0.23,1.173865,1
-0.23,1.182136,1
-0.26,1.189283,1
-0.26,1.197642,1
-0.26,1.205308,1
-0.3,1.214066,1
-0.3,1.221345,1
-0.3,1.230238,1
-0.33,1.237789,1
-0.33,1.245796,1
-0.33,1.253794,1
-0.35,1.262504,1
-0.35,1.270094,1
-0.32,1.289847,1
-0.32,1.298986,1
-0.32,1.31214,1
-0.23,1.319068,1
-0.23,1.327685,1
-0.23,1.334889,1
-0.25,1.343596,1
-0.25,1.351357,1
-0.25,1.360037,1
-0.28,1.367604,1
-0.28,1.376454,1
-0.28,1.383895,1
-0.3,1.392416,1
-0.3,1.400831,1
-0.3,1.408939,1
-0.3,1.416935,1
-0.35,1.424314,1
-0.41,1.444834,1
-0.41,1.452376,1
-0.41,1.4617,1
-0.41,1.468192,1
-0.53,1.477647,1
-0.53,1.485251,1
-0.53,1.494457,1
-0.66,1.501343,1
-0.66,1.510662,1
-0.66,1.518304,1
-0.84,1.526506,1
-0.84,1.534804,1
-0.84,1.543293,1
-1.02,1.550779,1
-1.02,1.559586,1
-1.02,1.567053,1
-1.31,1.575757,1
-1.31,1.595623,1
-1.62,1.602696,1
-1.62,1.611552,1
-1.62,1.619803,1
-1.91,1.628177,1
-1.91,1.636411,1
-1.91,1.645072,1
-2.23,1.652868,1
-2.23,1.661767,1
-2.23,1.669644,1
-2.64,1.678812,1
-2.64,1.686465,1
-2.64,1.695371,1
-2.64,1.702019,1
-3.05,1.711151,1
-3.05,1.71911,1
-3.05,1.728415,1
-3.33,1.746879,1
-3.33,1.754292,1
-3.66,1.762257,1
-3.66,1.769743,1
-3.66,1.779462,1
-3.95,1.786047,1
-3.95,1.795327,1
-3.95,1.802737,1
-4.28,1.811352,1
-4.28,1.819556,1
-4.28,1.828171,1
-4.61,1.836396,1
-4.61,1.845203,1
-4.61,1.853763,1
-4.9,1.861947,1
-4.9,1.869604,1
-4.9,1.878686,1
-5.17,1.896866,1
-5.17,1.904523,1
-5.46,1.914169,1
-5.46,1.920916,1
-5.46,1.929913,1
-5.78,1.937551,1
-5.78,1.946667,1
-5.78,1.954343,1
-5.78,1.963046,1
-6.2,1.969693,1
-6.2,1.979214,1
-6.2,1.986563,1
-6.68,1.995416,1
-6.68,2.002881,1
-6.68,2.011714,1
-7.21,2.018838,1
-7.21,2.028253,1
-7.21,2.036322,1
-7.64,2.05557,1
-7.64,2.06451,1
-7.8,2.074336,1
-7.8,2.082502,1
-7.8,2.090477,1
-7.4,2.099036,1
-7.4,2.106524,1
-7.4,2.115887,1
-6.4,2.122772,1
-6.4,2.131942,1
-6.4,2.140105,1
-5.3,2.148446,1
-5.3,2.155941,1
-5.3,2.165166,1
-3.84,2.172809,1
-3.84,2.181895,1
-3.84,2.189441,1
-2.9,2.209108,1
-2.9,2.217149,1
-2.41,2.225947,1
-2.41,2.23434,1
-2.41,2.241857,1
-2.1,2.24999,1
-2.1,2.259101,1
-2.1,2.267349,1
-2.1,2.275132,1
-2.08,2.282651,1
-2.08,2.29056,1
-2.08,2.299998,1
-2.17,2.307216,1
-2.17,2.316211,1
-2.17,2.324139,1
-2.32,2.335556,1
-2.32,2.343826,1
-2.59,2.362927,1
-2.59,2.369871,1
-2.59,2.379134,1
-2.99,2.386065,1
-2.99,2.396404,1
-2.99,2.40434,1
-3.49,2.414822,1
-3.49,2.424518,1
-3.89,2.43524,1
-3.89,2.446103,1
-3.89,2.456839,1
-4.31,2.468309,1
-4.31,2.479773,1
-4.8,2.495206,1
-5.43,2.515161,1
-5.43,2.523554,1
-5.43,2.532032,1
-6.03,2.539423,1
-6.03,2.548683,1
-6.03,2.557005,1
-6.52,2.566151,1
-6.52,2.574641,1
-6.52,2.583283,1
-6.88,2.590487,1
-6.88,2.600255,1
-6.88,2.608212,1
-7,2.617241,1
-7,2.625463,1
-7,2.634519,1
-6.93,2.641732,1
-6.93,2.650736,1
-6.53,2.671285,1
-6.53,2.680768,1
-6.53,2.688412,1
-5.67,2.698773,1
-5.67,2.706893,1
-5.67,2.716263,1
-4.66,2.723988,1
-4.66,2.732531,1
-4.66,2.740648,1
-3.52,2.748932,1
-3.52,2.758095,1
-3.52,2.76652,1
-2.61,2.774799,1
-2.61,2.783216,1
-2.61,2.791075,1
-2.11,2.800297,1
-2.11,2.808955,1
-1.88,2.829016,1
-1.88,2.836875,1
-1.88,2.84603,1
-1.87,2.854107,1
-1.87,2.863032,1
-1.87,2.870202,1
-1.97,2.879346,1
-1.97,2.887459,1
-1.97,2.897976,1
-2.18,2.905261,1
-2.18,2.914623,1
-2.18,2.922193,1
-2.57,2.930641,1
-2.57,2.939497,1
-2.57,2.948214,1
-3.09,2.956165,1
-3.09,2.965003,1
-3.59,2.984701,1
-3.59,2.993363,1
-3.59,3.001569,1
-4.09,3.009763,1
-4.09,3.019651,1
-4.09,3.028387,1
-4.88,3.036577,1
-4.88,3.045351,1
-4.88,3.053473,1
-5.61,3.061557,1
-5.61,3.070447,1
-5.61,3.080474,1
-6.22,3.087586,1
-6.22,3.096909,1
-6.22,3.104246,1
-6.65,3.112997,1
-6.65,3.121055,1
-6.89,3.14155,1
-6.89,3.149894,1
-6.89,3.158745,1
-7.05,3.166903,1
-7.05,3.176126,1
-7.05,3.184195,1
-7.08,3.192726,1
-7.08,3.200612,1
-7.08,3.209476,1
-6.85,3.217612,1
-6.85,3.226228,1
-6.85,3.235124,1
-6.29,3.243754,1
-6.29,3.252141,1
-6.29,3.261421,1
-4.9,3.269336,1
-4.9,3.278872,1
-3.34,3.297921,1
-3.34,3.306299,1
-3.34,3.314924,1
-2.05,3.322317,1
-2.05,3.331373,1
-2.05,3.339463,1
-1.15,3.34805,1
-1.15,3.356317,1
-1.15,3.365058,1
-0.63,3.372976,1
-0.63,3.381829,1
-0.63,3.389005,1
-0.29,3.398187,1
-0.29,3.40595,1
-0.29,3.415186,1
-0.13,3.422704,1
-0.13,3.431614,1
-0.07,3.451393,1
-0.07,3.462455,1
-0.07,3.47018,1
-0.04,3.479545,1
-0.04,3.487669,1
-0.02,3.497865,1
-0.02,3.505688,1
-0.02,3.515175,1
-0.02,3.522649,1
0,3.530615,1
0,3.539152,1
0,3.549231,1
0,3.561099,1
0,3.56814,1
0,3.576549,1
0,3.584671,1
0,3.604878,1
0,3.613452,1
0,3.620489,1
0,3.629751,1
0,3.637636,1
0,3.646731,1
0.01,3.654598,1
0.01,3.663604,1
0.01,3.671887,1
0.01,3.681465,1
0.01,3.689263,1
0.01,3.698573,1
0.01,3.711467,1
0.01,3.718863,1
0.01,3.726476,1
0.01,3.734299,1
0.01,3.742875,1
0,3.76173,1
0,3.769415,1
0,3.77875,1
0,3.785937,1
0,3.795372,1
0,3.802328,1
-0.02,3.810483,1
-0.02,3.819076,1
-0.02,3.827926,1
-0.08,3.835702,1
-0.08,3.844537,1
-0.08,3.852316,1
-0.08,3.859973,1
-0.23,3.867431,1
-0.23,3.876208,1
-0.23,3.88436,1
-0.57,3.892908,1
-0.57,3.912297,1
-1.22,3.919837,1
-1.22,3.929058,1
-1.22,3.9371,1
-2.04,3.944983,1
-2.04,3.953922,1
-2.04,3.96279,1
-3.06,3.969785,1
-3.06,3.979736,1
-3.06,3.986886,1
-3.85,3.995257,1
-3.85,4.003109,1
-3.85,4.012034,1
-4.48,4.019811,1
-4.48,4.028751,1
-4.48,4.0364,1
-5.12,4.044578,1
-5.12,4.064223,1
-5.44,4.072197,1
-5.44,4.080231,1
-5.44,4.08754,1
-5.42,4.096607,1
-5.42,4.104067,1
-5.42,4.113109,1
-5.42,4.119997,1
-4.81,4.128573,1
-4.81,4.136466,1
-4.81,4.145473,1
-3.97,4.153017,1
-3.97,4.161858,1
-3.97,4.169208,1
-2.6,4.177652,1
-2.6,4.185399,1
-2.6,4.195165,1
-1.58,4.213586,1
-1.58,4.221507,1
-0.91,4.230229,1
-0.91,4.238419,1
-0.91,4.247102,1
-0.41,4.254634,1
-0.41,4.263412,1
-0.41,4.271473,1
-0.11,4.279846,1
-0.11,4.287231,1
-0.11,4.296437,1
-0.02,4.303417,1
-0.02,4.312806,1
-0.02,4.320287,1
0.03,4.329081,1
0.03,4.337061,1
0.03,4.346099,1
0.04,4.365028,1
0.04,4.372749,1
0.04,4.381093,1
0.04,4.388453,1
0.04,4.397068,1
0.04,4.404788,1
0.04,4.414334,1
0.04,4.421386,1
0.04,4.430372,1
0.04,4.437948,1
0.04,4.445786,1
0.04,4.454191,1
0.04,4.462457,1
0.04,4.469986,1
0.04,4.478731,1
0.04,4.485672,1
0.04,4.493949,1
0.04,4.501639,1
0.04,4.520648,1
0.04,4.528904,1
0.04,4.53641,1
0.04,4.545259,1
0.04,4.552668,1
0.04,4.561694,1
0.04,4.568507,1
0.04,4.577312,1
0.04,4.584897,1
0.04,4.593934,1
0.04,4.601353,1
0.04,4.610337,1
0.04,4.617932,1
0.04,4.62571,1
0.04,4.634381,1
0.04,4.642803,1
0.04,4.650516,1
0.04,4.658637,1
0.04,4.677949,1
0.04,4.685544,1
0.04,4.69439,1
0.04,4.701329,1
0.04,4.709208,1
0.04,4.717108,1
0.04,4.725052,1
0.04,4.733913,1
0.04,4.741407,1
0.04,4.749136,1
0.04,4.761129,1
0.04,4.768119,1
0.04,4.777436,1
0.04,4.784522,1
0.04,4.79302,1
0.04,4.800464,1
0.04,4.807574,1
0.04,4.816031,1
0.04,4.824434,1
0.04,4.83352,1
0.04,4.841686,1
0.04,4.849867,1
0.04,4.857718,1
0.04,4.866395,1
0.04,4.874244,1
0.04,4.882923,1
0.04,4.89089,1
0.04,4.89936,1
0.04,4.907317,1
0.04,4.916641,1
0.04,4.92509,1
0.04,4.939509,1
0.04,4.950218,1
0.04,4.957787,1
0.04,4.967224,1
0.04,4.975124,1
0.04,4.984123,1
0.04,4.993019,1
0.04,5.001079,1
0.04,5.010128,1
0.04,5.018381,1
0.04,5.026548,1
0.04,5.035938,1
0.04,5.044212,1
0.04,5.052998,1
0.04,5.061812,1
0.04,5.069498,1
0.04,5.078819,1
0.04,5.086206,1
0.04,5.096224,1
0.04,5.10352,1
0.04,5.112617,1
0.04,5.120735,1
0.04,5.130375,1
0.04,5.139378,1
0.04,5.147569,1
0.04,5.155362,1
0.04,5.164338,1
0.04,5.172033,1
0.04,5.181228,1
0.04,5.188267,1
0.04,5.197948,1
0.04,5.205773,1
0.04,5.214803,1
0.04,5.222286,1
0.04,5.231199,1
0.04,5.238629,1
0.04,5.247316,1
0.04,5.255275,1
0.04,5.26422,1
0.04,5.272394,1
0.04,5.280713,1
0.04,5.287601,1
0.04,5.296463,1
0.04,5.304039,1
0.04,5.312946,1
0.04,5.320331,1
0.04,5.329655,1
0.04,5.337044,1
0.04,5.345573,1
0.04,5.3532,1
0.04,5.362152,1
0.04,5.369357,1
0.04,5.378424,1
0.04,5.385646,1
0.04,5.394667,1
0.04,5.402061,1
0.04,5.410818,1
0.04,5.418241,1
0.04,5.426384,1
0.04,5.434125,1
0.04,5.442547,1
0.04,5.450725,1
0.04,5.458866,1
0.04,5.466559,1
0.04,5.473874,1
0.04,5.481674,1
0.04,5.489345,1
0.04,5.497842,1
0.04,5.50513,1
0.04,5.513922,1
0.04,5.520839,1
0.04,5.528895,1
0.04,5.536571,1
0.04,5.54545,1
0.03,5.55281,1
0.03,5.561495,1
0.03,5.568669,1
0,5.577455,1
0,5.595935,1
0,5.603131,1
-0.08,5.610906,1
-0.08,5.618601,1
-0.08,5.627874,1
-0.21,5.636275,1
-0.21,5.644941,1
-0.21,5.652808,1
-0.4,5.660635,1
-0.4,5.668494,1
-0.4,5.67742,1
-0.72,5.684681,1
-0.72,5.694326,1
-0.72,5.701638,1
-1.09,5.70951,1
-1.09,5.717618,1
-1.09,5.726095,1
-1.51,5.734066,1
-1.51,5.752837,1
-2,5.76251,1
-2,5.770005,1
-2,5.77916,1
-2.48,5.786042,1
-2.48,5.795151,1
-2.48,5.802447,1
-3.13,5.811365,1
-3.13,5.819557,1
-3.13,5.828199,1
-3.13,5.835728,1
-3.96,5.844716,1
-3.96,5.852768,1
-3.96,5.861518,1
-4.72,5.868544,1
-4.72,5.877674,1
-4.72,5.88596,1
-5.42,5.904878,1
-5.42,5.913566,1
-5.86,5.920802,1
-5.86,5.929289,1
-5.86,5.937416,1
-6.19,5.946236,1
-6.19,5.954049,1
-6.19,5.962706,1
-6.53,5.96958,1
-6.53,5.978571,1
-6.53,5.98594,1
-6.77,5.995818,1
-6.77,6.003086,1
-6.77,6.012281,1
-6.93,6.019595,1
-6.93,6.028626,1
-6.93,6.0364,1
-7.04,6.058631,1
-7.04,6.066495,1
-6.94,6.075506,1
-6.94,6.083975,1
-6.94,6.092676,1
-6.27,6.100142,1
-6.27,6.10785,1
-6.27,6.116189,1
-5.26,6.123434,1
-5.26,6.13275,1
-5.26,6.140655,1
-5.26,6.148595,1
-3.85,6.156096,1
-3.85,6.164267,1
-3.85,6.172812,1
-2.82,6.181105,1
-2.82,6.195522,1
-2.03,6.215336,1
-2.03,6.223842,1
-1.75,6.23252,1
-1.75,6.24506,1
-1.75,6.252465,1
-1.87,6.261667,1
-1.87,6.269208,1
-1.87,6.278358,1
-2.17,6.285113,1
-2.17,6.294494,1
-2.17,6.301513,1
-3,6.309214,1
-3,6.317466,1
-3,6.326,1
-3.8,6.333766,1
-3.8,6.342041,1
-3.8,6.35028,1
-4.65,6.368953,1
-4.65,6.377728,1
-5.51,6.385482,1
-5.51,6.394542,1
-5.51,6.402269,1
-6.12,6.41093,1
-6.12,6.419145,1
-6.12,6.427832,1
-6.12,6.435137,1
-6.6,6.443684,1
-6.6,6.451609,1
-6.6,6.460314,1
-6.95,6.467494,1
-6.95,6.476539,1
-6.95,6.484344,1
-7.33,6.492297,1
-7.33,6.500747,1
-7.71,6.519489,1
-7.71,6.528005,1
-7.71,6.535947,1
-7.94,6.544687,1
-7.94,6.552473,1
-7.94,6.561174,1
-7.74,6.56795,1
-7.74,6.576563,1
-7.74,6.584925,1
-6.95,6.593786,1
-6.95,6.601377,1
-6.95,6.609796,1
-5.63,6.618,1
-5.63,6.625916,1
-5.63,6.634473,1
-5.63,6.642288,1
-3.73,6.650274,1
-3.73,6.659,1
-2.24,6.678813,1
-2.24,6.686668,1
-1.28,6.696277,1
-1.28,6.703646,1
-1.28,6.712682,1
-1.28,6.719731,1
-0.64,6.728679,1
-0.64,6.736433,1
-0.64,6.745072,1
-0.3,6.75274,1
-0.3,6.7615,1
-0.3,6.769249,1
-0.14,6.777944,1
-0.14,6.785367,1
-0.14,6.795396,1
-0.06,6.802404,1
-0.06,6.811025,1
-0.02,6.830118,1
-0.02,6.837455,1
-0.02,6.845958,1
0,6.853696,1
0,6.862811,1
0,6.870556,1
0,6.879599,1
0,6.886776,1
0,6.89517,1
0,6.902668,1
0.01,6.911458,1
0.01,6.919349,1
0.01,6.927954,1
0.01,6.935565,1
0.01,6.943816,1
0.01,6.952021,1
0.02,6.960832,1
0.02,6.968537,1
0.03,6.988029,1
0.03,6.996448,1
0.03,7.004091,1
0.03,7.014313,1
0.03,7.020988,1
0.03,7.02883,1
0.04,7.036651,1
0.04,7.045661,1
0.04,7.05349,1
0.04,7.061756,1
0.04,7.069207,1
0.04,7.0782,1
0.04,7.086047,1
0.04,7.095249,1
0.04,7.102516,1
0.04,7.111286,1
0.04,7.118618,1
0.04,7.137131,1
0.04,7.145774,1
0.04,7.152912,1
0.04,7.161087,1
0.04,7.168784,1
0.04,7.177712,1
0.04,7.185002,1
0.04,7.193955,1
0.04,7.20115,1
0.04,7.209121,1
0.04,7.21701,1
0.04,7.225038,1
0.04,7.233907,1
0.04,7.241352,1
0.04,7.249271,1
0.04,7.256853,1
0.04,7.265308,1
0.04,7.273175,1
0.04,7.281739,1
0.04,7.288908,1
0.04,7.29721,1
0.04,7.304755,1
0.04,7.313498,1
0.04,7.322458,1
0.04,7.331344,2
0.04,7.339792,2
0.04,7.348398,2
0.04,7.356071,2
0.04,7.364451,2
0.04,7.371795,2
0.04,7.379704,2
0.04,7.386969,2
0.04,7.395704,2
0.04,7.40354,2
0.04,7.412359,2
0.04,7.419326,2
0.04,7.438519,2
0.04,7.446813,2
0.04,7.457977,2
0.04,7.465541,2
0.04,7.474513,2
0.04,7.48272,2
0.04,7.490367,2
0.04,7.499511,2
0.04,7.506384,2
0.04,7.514996,2
0.04,7.521821,2
0.04,7.531367,2
0.04,7.538663,2
0.04,7.547436,2
0.04,7.554867,2
0.04,7.563449,2
0.04,7.571427,2
0.04,7.580513,2
0.04,7.593206,2
0.04,7.600349,2
0.04,7.608089,2
0.04,7.616133,2
0.04,7.624248,2
0.04,7.632962,2
0.04,7.640372,2
0.04,7.649063,2
0.04,7.657121,2
0.04,7.665446,2
0.04,7.673747,2
0.04,7.682086,2
0.04,7.689455,2
0.04,7.698197,2
0.04,7.705218,2
0.04,7.714254,2
0.04,7.720876,2
0.04,7.730005,2
0.04,7.737455,2
0.04,7.745985,2
0.04,7.753393,2
0.04,7.761652,2
0.04,7.768293,2
0.04,7.777745,2
0.04,7.785099,2
0.04,7.793425,2
0.04,7.800524,2
0.04,7.807894,2
0.04,7.815958,2
0.04,7.823809,2
0.04,7.832338,2
0.04,7.839872,2
0.04,7.848389,2
0.04,7.855455,2
0.04,7.863778,2
0.04,7.871682,2
0.04,7.880651,2
0.04,7.887596,2
0.04,7.896161,2
0.04,7.903134,2
0.03,7.911177,2
0.03,7.918956,2
0.03,7.928338,2
0.03,7.935798,2
0.03,7.944638,2
0.03,7.952112,2
0.03,7.960192,2
0.03,7.968063,2
0.03,7.97628,2
0.03,7.984085,2
0.02,7.992038,2
0.02,7.99998,2
0.02,8.0076,2
0.02,8.016212,2
0.02,8.024474,2
0.02,8.033175,2
0.03,8.051644,2
0.03,8.060289,2
0.03,8.068624,2
0.03,8.077349,2
0.03,8.084723,2
0.04,8.092455,2
0.04,8.100936,2
0.04,8.109096,2
0.04,8.11727,2
0.04,8.12468,2
0.04,8.13292,2
0.04,8.139469,2
0.04,8.147748,2
0.04,8.155432,2
0.04,8.164899,2
0.04,8.172106,2
0.04,8.180459,2
0.04,8.187291,2
0.04,8.206806,2
0.04,8.214448,2
0.04,8.221457,2
0.04,8.230282,2
0.04,8.237919,2
0.04,8.246607,2
0.04,8.253971,2
0.04,8.262469,2
0.04,8.269337,2
0.04,8.278258,2
0.04,8.285903,2
0.04,8.294748,2
0.04,8.301853,2
0.04,8.309888,2
0.04,8.317082,2
0.04,8.324991,2
0.04,8.334103,2
0.04,8.341507,2
0.01,8.349703,2
0.01,8.358303,2
0.01,8.366711,2
0.01,8.374142,2
-0.09,8.382703,2
-0.09,8.390488,2
-0.09,8.39907,2
-0.31,8.406095,2
-0.31,8.4148,2
-0.31,8.422423,2
-0.62,8.431412,2
-0.62,8.439486,2
-0.62,8.447699,2
-1,8.454805,2
-1,8.463517,2
-1,8.47112,2
-1,8.479568,2
-1.47,8.486588,2
-1.47,8.49617,2
-2.03,8.514816,2
-2.03,8.522476,2
-2.03,8.530042,2
-2.68,8.537686,2
-2.68,8.546165,2
-2.68,8.554034,2
-3.24,8.562584,2
-3.24,8.569974,2
-3.24,8.578988,2
-3.69,8.586183,2
-3.69,8.594772,2
-3.69,8.602388,2
-4.15,8.610911,2
-4.15,8.619357,2
-4.15,8.628114,2
-4.76,8.635987,2
-4.76,8.644625,2
-4.76,8.652899,2
-5.15,8.672711,2
-5.15,8.681699,2
-5.32,8.689881,2
-5.32,8.699052,2
-5.32,8.706712,2
-5.14,8.715724,2
-5.14,8.723611,2
-5.14,8.732352,2
-5.14,8.73993,2
-4.49,8.750975,2
-4.49,8.759521,2
-3.48,8.767832,2
-3.48,8.77661,2
-3.48,8.784399,2
-2.49,8.793016,2
-2.49,8.801847,2
-2.49,8.810709,2
-1.6,8.829719,2
-1.6,8.83752,2
-0.99,8.846626,2
-0.99,8.854948,2
-0.99,8.864183,2
-0.67,8.871473,2
-0.67,8.880443,2
-0.67,8.88811,2
-0.5,8.896928,2
-0.5,8.904638,2
-0.5,8.914711,2
-0.5,8.921474,2
-0.45,8.930239,2
-0.45,8.939249,2
-0.52,8.947729,2
-0.52,8.960684,2
-0.94,8.979114,2
-0.94,8.986429,2
-0.94,8.995805,2
-1.93,9.002554,2
-1.93,9.011126,2
-1.93,9.019407,2
-3.31,9.027859,2
-3.31,9.036159,2
-3.31,9.044472,2
-4.65,9.051935,2
-4.65,9.059924,2
-4.65,9.067903,2
-4.65,9.075991,2
-5.27,9.084172,2
-5.27,9.092309,2
-5.27,9.100389,2
-5.31,9.107311,2
-5.31,9.116438,2
-4.79,9.135147,2
-4.79,9.143593,2
-4.79,9.152063,2
-3.21,9.161039,2
-3.21,9.168685,2
-3.21,9.17825,2
-1.65,9.185176,2
-1.65,9.194141,2
-1.65,9.201651,2
-0.55,9.210307,2
-0.55,9.218914,2
-0.07,9.233739,2
-0.07,9.241618,2
-0.07,9.249625,2
-0.07,9.257556,2
0.04,9.265854,2
0.04,9.27389,2
0.04,9.292709,2
0.04,9.301363,2
0.04,9.30958,2
0.04,9.317763,2
0.04,9.32555,2
0.04,9.33412,2
0.04,9.341637,2
0.04,9.350307,2
0.04,9.35796,2
0.04,9.366653,2
0.04,9.373915,2
0.04,9.382084,2
0.04,9.3895,2
0.04,9.398632,2
0.04,9.406343,2
0.04,9.41475,2
0.04,9.422025,2
0.04,9.430708,2
0.04,9.449548,2
0.04,9.45648,2
0.04,9.464123,2
0.04,9.47202,2
0.04,9.480587,2
0.04,9.488459,2
0.04,9.497267,2
0.04,9.504206,2
0.04,9.513145,2
0.04,9.520259,2
0.04,9.529045,2
0.04,9.53643,2
0.04,9.544835,2
0.04,9.552505,2
0.04,9.560634,2
0.04,9.567923,2
0.05,9.576234,2
0.05,9.583904,2
0.05,9.602894,2
0.05,9.611754,2
0.05,9.619851,2
0.05,9.628052,2
0.05,9.635178,2
0.05,9.643087,2
0.05,9.650842,2
0.05,9.658806,2
0.05,9.666992,2
0.05,9.675156,2
0.05,9.683185,2
0.05,9.691088,2
0.05,9.699711,2
0.05,9.707209,2
0.05,9.715839,2
0.05,9.723165,2
0.05,9.731586,2
0.05,9.738303,2
0.04,9.75762,2
0.04,9.765522,2
0.04,9.773447,2
0.05,9.782021,2
0.05,9.789251,2
0.05,9.798079,2
0.05,9.80484,2
0.06,9.813136,2
0.06,9.819981,2
0.06,9.829613,2
0.05,9.837943,2
0.05,9.846575,2
0.05,9.854602,2
0.05,9.862724,2
0.05,9.869683,2
0.05,9.878796,2
0.05,9.886104,2
0.05,9.894919,2
0.05,9.912828,2
0.05,9.920271,2
0.05,9.929075,2
0.05,9.936601,2
0.05,9.945047,2
0.05,9.952146,2
0.05,9.960835,2
0.05,9.968081,2
0.05,9.976593,2
0.05,9.98423,2
0.04,9.992443,2
0.04,10.0002,2
0.04,10.00767,2
0.04,10.01705,2
0.04,10.02484,2
0.04,10.03294,2
0.04,10.04078,2
0.04,10.04936,2
0.04,10.06924,2
0.04,10.08121,2
0.04,10.08782,2
0.04,10.09688,2
0.04,10.105,2
0.04,10.1144,2
0.04,10.12188,2
0.04,10.13061,2
0.04,10.13814,2
0.04,10.14723,2
0.04,10.15518,2
0.04,10.16362,2
0.04,10.17162,2
0.04,10.18024,2
0.04,10.18744,2
0.04,10.19668,2
0.04,10.20433,2
0.04,10.2132,2
0.04,10.22102,2
0.04,10.23022,2
0.04,10.23801,2
0.04,10.24716,2
0.04,10.25544,2
0.04,10.26459,2
0.04,10.27237,2
0.04,10.28526,2
0.04,10.29394,2
0.04,10.30168,2
0.04,10.31062,2
0.04,10.3185,2
0.04,10.32733,2
0.04,10.33526,2
0.04,10.34288,2
0.04,10.35125,2
0.04,10.36038,2
0.04,10.36781,2
0.04,10.37662,2
0.04,10.38416,2
0.04,10.39171,2
0.04,10.40115,2
0.04,10.40932,2
0.04,10.41798,2
0.04,10.42615,2
0.04,10.43449,2
0.04,10.44157,2
0.04,10.4505,2
0.04,10.45833,2
0.04,10.46688,2
0.04,10.47456,2
0.04,10.48294,2
0.04,10.49061,2
0.04,10.49927,2
0.04,10.50685,2
0.04,10.51604,2
0.04,10.52338,2
0.04,10.53193,2
0.04,10.53912,2
0.04,10.54831,2
0.04,10.55617,2
0.04,10.56485,2
0.04,10.5723,2
0.04,10.58103,2
0.04,10.58831,2
0.04,10.59859,2
0.04,10.60587,2
0.04,10.61499,2
0.04,10.62256,2
0.04,10.63115,2
0.03,10.63819,2
0.03,10.64744,2
0.03,10.65504,2
0.02,10.66422,2
0.02,10.67198,2
-0.01,10.69233,2
-0.01,10.70018,2
-0.01,10.70844,2
-0.06,10.7168,2
-0.06,10.7242,2
-0.06,10.73321,2
-0.06,10.74086,2
-0.08,10.74942,2
-0.08,10.75737,2
-0.08,10.76592,2
-0.11,10.77319,2
-0.11,10.78227,2
-0.11,10.79079,2
-0.15,10.79902,2
-0.15,10.80622,2
-0.15,10.8157,2
-0.16,10.8226,2
-0.16,10.84244,2
-0.15,10.85056,2
-0.15,10.85782,2
-0.15,10.8671,2
-0.15,10.87458,2
-0.15,10.8832,2
-0.15,10.89088,2
-0.12,10.89879,2
-0.12,10.90541,2
-0.12,10.91429,2
-0.12,10.92159,2
-0.12,10.93078,2
-0.12,10.93833,2
-0.12,10.94707,2
-0.33,10.95476,2
-0.33,10.96345,2
-0.33,10.97122,2
-0.63,10.97944,2
-0.63,10.99786,2
-1.04,11.00539,2
-1.04,11.0145,2
-1.04,11.02187,2
-1.55,11.03005,2
-1.55,11.03778,2
-1.55,11.0465,2
-2.38,11.05438,2
-2.38,11.06326,2
-2.38,11.07113,2
-2.38,11.07941,2
-3.07,11.08597,2
-3.07,11.09538,2
-3.07,11.10305,2
-3.84,11.11221,2
-3.84,11.11957,2
-3.84,11.12813,2
-4.73,11.13544,2
-4.73,11.15423,2
-5.52,11.16303,2
-5.52,11.17055,2
-5.52,11.18006,2
-6.3,11.18689,2
-6.3,11.19641,2
-6.3,11.2034,2
-7.11,11.21208,2
-7.11,11.2192,2
-7.11,11.22779,2
-7.11,11.2352,2
-7.79,11.24453,2
-7.79,11.25286,2
-7.79,11.26122,2
-8.07,11.26804,2
-8.07,11.27688,2
-8.07,11.28475,2
-7.83,11.29321,2
-7.83,11.31277,2
-6.81,11.32103,2
-6.81,11.33043,2
-6.81,11.33857,2
-5.21,11.34691,2
-5.21,11.35475,2
-5.21,11.36448,2
-3.78,11.37247,2
-3.78,11.3818,2
-3.78,11.38913,2
-2.71,11.39803,2
-2.71,11.40522,2
-2.71,11.41464,2
-1.98,11.42241,2
-1.98,11.43134,2
-1.98,11.43964,2
-1.84,11.45108,2
-2.03,11.47051,2
-2.03,11.47985,2
-2.03,11.48769,2
-2.61,11.49631,2
-2.61,11.50427,2
-2.61,11.51384,2
-2.61,11.52124,2
-3.57,11.53002,2
-3.57,11.53834,2
-3.57,11.54706,2
-4.74,11.55508,2
-4.74,11.56385,2
-4.74,11.57226,2
-5.64,11.58138,2
-5.64,11.58883,2
-5.64,11.59753,2
-6.31,11.60479,2
-6.75,11.62597,2
-6.75,11.6341,2
-6.75,11.64239,2
-7.21,11.65452,2
-7.21,11.66327,2
-7.21,11.67115,2
-7.59,11.67966,2
-7.59,11.68677,2
-7.59,11.69582,2
-7.92,11.70373,2
-7.92,11.71272,2
-7.92,11.72068,2
-7.92,11.72861,2
-8.23,11.7358,2
-8.23,11.74475,2
-8.23,11.75287,2
-8.48,11.76102,2
-8.48,11.77944,2
-8.68,11.78704,2
-8.68,11.79743,2
-8.68,11.80428,2
-8.76,11.81317,2
-8.76,11.82007,2
-8.76,11.82928,2
-8.76,11.83659,2
-8.76,11.84547,2
-8.76,11.85285,2
-8.33,11.8621,2
-8.33,11.86913,2
-8.33,11.87847,2
-6.99,11.88549,2
-6.99,11.89473,2
-6.99,11.90203,2
-6.99,11.90986,2
-5.31,11.91726,2
-5.31,11.93613,2
-3.76,11.94465,2
-3.76,11.9528,2
-3.76,11.96159,2
-2.25,11.96865,2
-2.25,11.97814,2
-2.25,11.98554,2
-1.41,11.99416,2
-1.41,12.00152,2
-1.41,12.00987,2
-0.95,12.01827,2
-0.95,12.02674,2
-0.95,12.03517,2
-0.51,12.04264,2
-0.51,12.05035,2
-0.51,12.05861,2
-0.51,12.06684,2
-0.14,12.0745,2
-0.02,12.09412,2
-0.02,12.10199,2
-0.02,12.11082,2
-0.02,12.11865,2
0.02,12.12657,2
0.02,12.13454,2
0.02,12.14301,2
0.04,12.15116,2
0.04,12.15956,2
0.04,12.16777,2
0.04,12.17659,2
0.04,12.18544,2
0.04,12.19422,2
0.04,12.20214,2
0.04,12.21083,2
0.04,12.2185,2
0.04,12.22706,2
0.04,12.24637,2
0.04,12.25376,2
0.04,12.26282,2
0.04,12.27005,2
0.04,12.2792,2
0.04,12.28676,2
0.04,12.29573,2
0.04,12.303,2
0.04,12.31256,2
0.04,12.32096,2
0.04,12.33104,2
0.04,12.33926,2
0.04,12.34835,2
0.04,12.35602,2
0.04,12.36462,2
0.04,12.37196,2
0.04,12.3809,2
0.04,12.40185,2
0.04,12.41261,2
0.04,12.42197,2
0.04,12.43308,2
0.04,12.44221,2
0.04,12.45342,2
0.04,12.46262,2
0.04,12.47249,2
0.04,12.48405,2
0.04,12.49211,2
0.04,12.50074,2
0.04,12.50832,2
0.04,12.51721,2
0.04,12.5244,2
0.04,12.53386,2
0.04,12.54149,2
0.04,12.55012,2
0.04,12.55778,2
0.04,12.56639,2
0.04,12.57397,2
0.04,12.58258,2
0.04,12.59064,2
0.04,12.59946,2
0.04,12.60706,2
0.04,12.61602,2
0.04,12.62369,2
0.04,12.63253,2
0.04,12.64035,2
0.04,12.64939,2
0.04,12.65701,2
0.04,12.66522,2
0.04,12.67343,2
0.04,12.682,2
0.04,12.68992,2
0.04,12.69912,2
0.04,12.70667,2
0.04,12.71603,2
0.04,12.72281,2
0.04,12.73249,2
0.04,12.74034,2
0.04,12.75014,2
0.04,12.75975,2
0.04,12.76812,2
0.04,12.77697,2
0.04,12.78504,2
0.04,12.79399,2
0.04,12.80176,2
0.04,12.81065,2
0.04,12.81908,2
0.04,12.82696,2
0.04,12.83471,2
0.04,12.84446,2
0.04,12.85227,2
0.04,12.86339,2
0.04,12.87135,2
0.04,12.87974,2
0.04,12.88732,2
0.04,12.89687,2
0.04,12.90471,2
0.04,12.9136,2
0.04,12.92101,2
0.04,12.93065,2
0.04,12.93979,2
0.04,12.94789,2
0.04,12.95581,2
0.04,12.96481,2
0.04,12.97245,2
0.04,12.9814,2
0.04,12.98843,2
0.04,12.9979,2
0.04,13.00539,2
0.04,13.01478,2
0.04,13.02327,2
0.04,13.0327,2
0.04,13.04058,2
0.04,13.04939,2
0.04,13.05801,2
0.04,13.06674,2
0.04,13.07521,2
0.04,13.08324,2
0.04,13.0954,2
0.04,13.10225,2
0.04,13.11104,2
0.04,13.11832,2
0.04,13.12659,2
0.04,13.13416,2
0.04,13.14124,2
0.04,13.14963,2
0.04,13.15788,2
0.04,13.16593,2
0.04,13.17372,2
0.04,13.18147,2
0.04,13.18822,2
0.04,13.19669,2
0.04,13.20439,2
0.02,13.21291,2
0.02,13.22107,2
0.02,13.22981,2
0.02,13.23678,2
-0.02,13.24549,2
-0.02,13.25317,2
-0.02,13.26181,2
-0.13,13.26863,2
-0.13,13.27752,2
-0.13,13.2845,2
-0.42,13.29303,2
-0.42,13.30131,2
-0.86,13.32103,2
-0.86,13.33028,2
-0.86,13.33853,2
-1.41,13.34699,2
-1.41,13.35526,2
-1.41,13.36353,2
-2.03,13.37102,2
-2.03,13.37976,2
-2.03,13.3874,2
-2.65,13.39647,2
-2.65,13.40462,2
-2.65,13.41353,2
-3.13,13.42035,2
-3.13,13.42963,2
-3.13,13.43774,2
-3.6,13.44582,2
-3.6,13.45388,2
-4.26,13.4725,2
-4.26,13.481,2
-4.26,13.48836,2
-4.26,13.49718,2
-4.99,13.50376,2
-4.99,13.51332,2
-4.99,13.52159,2
-5.72,13.5298,2
-5.72,13.53758,2
-5.72,13.54634,2
-6.09,13.55367,2
-6.09,13.56276,2
-6.09,13.57092,2
-5.92,13.57959,2
-5.92,13.58747,2
-5.92,13.59704,2
-5.25,13.60384,2
-5.25,13.62464,2
-4.09,13.63298,2
-4.09,13.64073,2
-4.09,13.64937,2
-3.05,13.65801,2
-3.05,13.66686,2
-3.05,13.67554,2
-2.14,13.68342,2
-2.14,13.69154,2
-2.14,13.70008,2
-1.8,13.70744,2
-1.8,13.71724,2
-1.8,13.72499,2
-1.91,13.73339,2
-1.91,13.74114,2
-1.91,13.75003,2
-2.29,13.7585,2
-2.29,13.77879,2
-2.9,13.78662,2
-2.9,13.79636,2
-2.9,13.80391,2
-3.69,13.81326,2
-3.69,13.82101,2
-3.69,13.82989,2
-4.54,13.83769,2
-4.54,13.84727,2
-4.54,13.85515,2
-5.48,13.86349,2
-5.48,13.87181,2
-5.48,13.88034,2
-6.2,13.88755,2
-6.2,13.89701,2
-6.2,13.9053,2
-6.74,13.91416,2
-6.74,13.93313,2
-7.21,13.94102,2
-7.21,13.94877,2
-7.21,13.95658,2
-7.21,13.96451,2
-7.45,13.97202,2
-7.45,13.98155,2
-7.45,13.98864,2
-7.37,13.99737,2
-7.37,14.00469,2
-7.37,14.01361,2
-6.85,14.02127,2
-6.85,14.03026,2
-6.85,14.03826,2
-5.19,14.04653,2
-5.19,14.05436,2
-5.19,14.06259,2
-3.01,14.07003,2
-3.01,14.09012,2
-1.5,14.09788,2
-1.5,14.10592,2
-1.5,14.11548,2
-0.63,14.12242,2
-0.63,14.131,2
-0.63,14.13856,2
-0.63,14.1464,2
-0.17,14.15438,2
-0.17,14.16331,2
-0.17,14.17128,2
-0.03,14.17978,2
-0.03,14.18719,2
-0.03,14.19617,2
0.01,14.20345,2
0.01,14.21267,2
0.01,14.22025,2
0.03,14.23852,2
0.03,14.24693,2
0.04,14.25586,2
0.04,14.26574,2
0.04,14.27423,2
0.04,14.28242,2
0.04,14.2934,2
0.04,14.30162,2
0.04,14.30972,2
0.04,14.31801,2
0.04,14.32589,2
0.04,14.33442,2
0.04,14.34186,2
0.04,14.3503,2
0.04,14.35806,2
0.04,14.3663,2
0.04,14.37383,2
0.04,14.39268,2
0.04,14.40106,2
0.04,14.40878,2
0.04,14.41784,2
0.04,14.42505,2
0.04,14.4338,2
0.04,14.44113,2
0.04,14.44943,2
0.04,14.45703,2
0.04,14.46529,2
0.04,14.47384,2
0.04,14.48343,2
0.04,14.49703,2
0.04,14.50389,2
0.04,14.5126,2
0.04,14.51996,2
0.04,14.52871,2
0.04,14.54734,2
0.04,14.55436,2
0.04,14.56186,2
0.04,14.56913,2
0.04,14.57769,2
0.04,14.58545,2
0.04,14.59407,2
0.04,14.60106,2
0.04,14.60814,2
0.04,14.61626,2
0.04,14.62411,2
0.04,14.63309,2
0.04,14.64026,2
0.04,14.64914,2
0.04,14.65651,2
0.04,14.66451,2
0.04,14.67252,2
0.04,14.68099,2
0.04,14.69292,2
0.04,14.69985,2
0.04,14.70729,2
0.04,14.71569,2
0.04,14.72321,2
0.04,14.73214,2
0.04,14.73972,2
0.04,14.74835,2
0.04,14.75555,2
0.04,14.76365,2
0.04,14.77138,2
0.04,14.78006,2
0.04,14.78792,2
0.04,14.79693,2
0.04,14.80386,2
0.04,14.8129,2
0.04,14.82054,2
0.04,14.82948,2
0.04,14.83793,2
0.04,14.84634,2
0.04,14.85449,2
0.04,14.86321,2
0.04,14.87103,2
0.04,14.8799,2
0.04,14.88705,2
0.04,14.8959,2
0.04,14.90299,2
0.04,14.91368,2
0.04,14.9212,2
0.04,14.93012,2
0.04,14.93747,2
0.04,14.94576,2
0.04,14.95299,2
0.04,14.96187,2
0.04,14.96961,2
0.04,14.97911,2
0.04,14.98624,2
0.04,14.99563,2
0.04,15.00239,2
0.04,15.01199,2
0.04,15.02029,2
0.04,15.02961,2
0.04,15.03737,2
0.04,15.0459,2
0.04,15.05324,2
0.04,15.06206,2
0.04,15.06966,2
0.04,15.07865,2
0.04,15.08637,2
0.04,15.09524,2
0.04,15.10229,2
0.04,15.11122,2
0.04,15.11907,2
0.04,15.12766,2
0.04,15.13516,2
0.04,15.14365,2
0.04,15.15155,2
0.04,15.15997,2
0.04,15.16954,2
0.04,15.17838,3
0.04,15.18635,3
0.04,15.19341,3
0.04,15.20264,3
0.04,15.21007,3
0.04,15.21956,3
0.04,15.2268,3
0.04,15.23566,3
0.04,15.24233,3
0.04,15.25039,3
0.04,15.25824,3
0.04,15.27664,3
0.04,15.28542,3
0.04,15.29314,3
0.04,15.3021,3
0.04,15.30988,3
0.04,15.32004,3
0.04,15.32641,3
0.04,15.33397,3
0.04,15.34315,3
0.04,15.35213,3
0.04,15.36021,3
0.04,15.36813,3
0.04,15.37549,3
0.04,15.38244,3
0.04,15.39061,3
0.04,15.3984,3
0.04,15.40718,3
0.04,15.41487,3
0.04,15.4337,3
0.04,15.44146,3
0.04,15.44881,3
0.04,15.45685,3
0.04,15.46421,3
0.04,15.4727,3
0.04,15.4806,3
0.04,15.4894,3
0.04,15.49697,3
0.04,15.50469,3
0.04,15.51209,3
0.04,15.52085,3
0.04,15.52812,3
0.04,15.53678,3
0.04,15.54382,3
0.04,15.55209,3
0.04,15.55943,3
0.04,15.5679,3
0.04,15.58668,3
0.04,15.59369,3
0.04,15.60224,3
0.04,15.60993,3
0.04,15.61835,3
0.04,15.62539,3
0.04,15.63254,3
0.04,15.64094,3
0.04,15.64843,3
0.04,15.65693,3
0.04,15.66407,3
0.04,15.67248,3
0.04,15.67978,3
0.04,15.68783,3
0.04,15.69532,3
0.04,15.70367,3
0.04,15.71074,3
0.04,15.71927,3
0.04,15.72618,3
0.04,15.73528,3
0.04,15.74285,3
0.04,15.75141,3
0.04,15.75874,3
0.04,15.76692,3
0.04,15.77435,3
0.04,15.78172,3
0.04,15.79031,3
0.04,15.7986,3
0.04,15.80713,3
0.04,15.81422,3
0.04,15.82206,3
0.04,15.82942,3
0.04,15.83805,3
0.04,15.8452,3
0.04,15.85362,3
0.04,15.86076,3
0.04,15.86898,3
0.04,15.87671,3
0.04,15.89548,3
0.04,15.90317,3
0.04,15.91064,3
0.04,15.92042,3
0.04,15.92762,3
0.04,15.93617,3
0.04,15.94326,3
0.04,15.95087,3
0.04,15.95883,3
0.04,15.96766,3
0.04,15.97535,3
0.04,15.9836,3
0.04,15.99441,3
0.04,16.00228,3
0.04,16.00953,3
0.04,16.01839,3
0.04,16.02558,3
0,16.03383,3
0,16.04207,3
0,16.04917,3
-0.1,16.05773,3
-0.1,16.06538,3
-0.1,16.0744,3
-0.27,16.08169,3
-0.27,16.08987,3
-0.27,16.09741,3
-0.6,16.10595,3
-0.6,16.11317,3
-0.6,16.12348,3
-0.6,16.13001,3
-0.97,16.1389,3
-0.97,16.14586,3
-0.97,16.15467,3
-1.36,16.16207,3
-1.36,16.1712,3
-1.36,16.17949,3
-1.8,16.18773,3
-1.8,16.2074,3
-2.44,16.21544,3
-2.44,16.22753,3
-3.1,16.23595,3
-3.1,16.24341,3
-3.1,16.25229,3
-3.1,16.25998,3
-3.79,16.26819,3
-3.79,16.27641,3
-3.79,16.28405,3
-4.65,16.29185,3
-4.65,16.30044,3
-4.65,16.30829,3
-5.49,16.31584,3
-5.49,16.32404,3
-5.49,16.33092,3
-6.43,16.33983,3
-6.43,16.35936,3
-7.13,16.36776,3
-7.13,16.37623,3
-7.13,16.38413,3
-7.46,16.39181,3
-7.46,16.40071,3
-7.46,16.40854,3
-7.46,16.41623,3
-7.32,16.4248,3
-7.32,16.43382,3
-7.32,16.44257,3
-6.6,16.45027,3
-6.6,16.45928,3
-6.6,16.46705,3
-5.14,16.47576,3
-5.14,16.48435,3
-5.14,16.4928,3
-3.67,16.51208,3
-2.42,16.52085,3
-2.42,16.52861,3
-2.42,16.53815,3
-2.42,16.54507,3
-1.33,16.55412,3
-1.33,16.56251,3
-1.33,16.57119,3
-0.64,16.57912,3
-0.64,16.58935,3
-0.64,16.59774,3
-0.22,16.60619,3
-0.22,16.61506,3
-0.22,16.62428,3
-0.06,16.63253,3
-0.06,16.64163,3
0.02,16.65206,3
0.02,16.67124,3
0.04,16.67943,3
0.04,16.68823,3
0.04,16.69631,3
0.04,16.70463,3
0.04,16.71232,3
0.04,16.72127,3
0.04,16.72871,3
0.04,16.73742,3
0.04,16.74422,3
0.04,16.75352,3
0.04,16.7614,3
0.04,16.77015,3
0.04,16.77745,3
0.04,16.78594,3
0.04,16.79292,3
0.04,16.80212,3
0.04,16.82114,3
0.04,16.82818,3
0.04,16.83788,3
0.04,16.8455,3
0.04,16.85457,3
0.04,16.86227,3
0.04,16.87114,3
0.04,16.8785,3
0.04,16.88745,3
0.04,16.89583,3
0.04,16.90474,3
0.05,16.9125,3
0.05,16.92153,3
0.05,16.92864,3
0.05,16.9379,3
0.05,16.94575,3
0.05,16.95494,3
0.05,16.97537,3
0.05,16.9833,3
0.05,16.99158,3
0.05,16.99959,3
0.05,17.00822,3
0.05,17.01569,3
0.05,17.02472,3
0.05,17.03267,3
0.05,17.04102,3
0.05,17.04811,3
0.05,17.05713,3
0.05,17.06371,3
0.05,17.07225,3
0.05,17.07988,3
0.05,17.0891,3
0.05,17.09696,3
0.05,17.10503,3
0.05,17.12321,3
0.05,17.13008,3
0.05,17.13815,3
0.05,17.14561,3
0.05,17.15426,3
0.05,17.16256,3
0.05,17.17095,3
0.05,17.17863,3
0.05,17.18699,3
0.05,17.19405,3
0.05,17.2028,3
0.05,17.21028,3
0.05,17.21997,3
0.04,17.22677,3
0.04,17.23544,3
0.04,17.24233,3
0.04,17.25047,3
0.04,17.25867,3
0.04,17.27734,3
0.04,17.28584,3
0.04,17.29331,3
0.04,17.30203,3
0.04,17.30887,3
0.04,17.31713,3
0.04,17.32431,3
0.04,17.33249,3
0.04,17.34182,3
0.04,17.34919,3
0.04,17.35777,3
0.04,17.36483,3
0.04,17.37265,3
0.04,17.38071,3
0.04,17.38939,3
0.04,17.39695,3
0.04,17.4052,3
0.04,17.4125,3
0.04,17.4314,3
0.04,17.43964,3
0.04,17.4466,3
0.04,17.45577,3
0.04,17.46689,3
0.04,17.47484,3
0.04,17.48262,3
0.04,17.49146,3
0.04,17.49922,3
0.04,17.50665,3
0.04,17.51419,3
0.04,17.52317,3
0.04,17.53049,3
0.04,17.5393,3
0.04,17.54609,3
0.04,17.55414,3
0.04,17.56276,3
0.04,17.57088,3
0.04,17.57829,3
0.04,17.58702,3
0.04,17.59509,3
0.04,17.60353,3
0.04,17.61116,3
0.04,17.62029,3
0.04,17.62915,3
0.04,17.63754,3
0.04,17.64545,3
0.04,17.65362,3
0.04,17.66192,3
0.03,17.67041,3
0.03,17.67849,3
0.03,17.68692,3
0.03,17.69444,3
0.03,17.70292,3
0.03,17.71931,3
0.03,17.73909,3
0.02,17.74625,3
0.02,17.75477,3
0.02,17.76296,3
0.02,17.77153,3
0.02,17.77936,3
0.02,17.78789,3
0.01,17.79543,3
0.01,17.80436,3
0.01,17.81836,3
-0.01,17.82582,3
-0.01,17.83395,3
-0.01,17.84153,3
-0.05,17.84876,3
-0.05,17.85698,3
-0.05,17.86561,3
-0.09,17.87369,3
-0.09,17.89303,3
-0.11,17.90126,3
-0.11,17.90907,3
-0.11,17.91733,3
-0.15,17.92478,3
-0.15,17.93185,3
-0.15,17.94059,3
-0.15,17.94781,3
-0.17,17.9574,3
-0.17,17.965,3
-0.17,17.97314,3
-0.19,17.98017,3
-0.19,17.98904,3
-0.19,17.99732,3
-0.2,18.00583,3
-0.2,18.01308,3
-0.2,18.02205,3
-0.2,18.02927,3
-0.2,18.0499,3
-0.21,18.05772,3
-0.21,18.06497,3
-0.21,18.07388,3
-0.28,18.08229,3
-0.28,18.0905,3
-0.28,18.09866,3
-0.49,18.10729,3
-0.49,18.11557,3
-0.49,18.12382,3
-0.49,18.13104,3
-0.86,18.14018,3
-0.86,18.14819,3
-0.86,18.15727,3
-1.29,18.16409,3
-1.29,18.17307,3
-1.29,18.18155,3
-1.99,18.2016,3
-1.99,18.20963,3
-2.75,18.21948,3
-2.75,18.22708,3
-3.51,18.23685,3
-3.51,18.24436,3
-3.51,18.25294,3
-3.51,18.26078,3
-4.36,18.26965,3
-4.36,18.27791,3
-4.36,18.28677,3
-5.12,18.29482,3
-5.12,18.30355,3
-5.12,18.31129,3
-5.89,18.3209,3
-5.89,18.3288,3
-5.89,18.33927,3
-6.53,18.35779,3
-6.53,18.36565,3
-7.42,18.37498,3
-7.42,18.3832,3
-7.42,18.39105,3
-8.27,18.39918,3
-8.27,18.40789,3
-8.27,18.41574,3
-9.01,18.42369,3
-9.01,18.43114,3
-9.01,18.43971,3
-9.14,18.4468,3
-9.14,18.45613,3
-9.14,18.4641,3
-8.49,18.47251,3
-8.49,18.48068,3
-8.49,18.48846,3
-7.16,18.49656,3
-7.16,18.51535,3
-5.51,18.52344,3
-5.51,18.53172,3
-5.51,18.54051,3
-5.51,18.54756,3
-4.1,18.55606,3
-4.1,18.56358,3
-4.1,18.57195,3
-3.16,18.57945,3
-3.16,18.58858,3
-3.16,18.59636,3
-2.94,18.60443,3
-2.94,18.61163,3
-2.94,18.62074,3
-3.13,18.62763,3
-3.13,18.63696,3
-3.13,18.64469,3
-3.65,18.65351,3
-3.65,18.67258,3
-4.49,18.68019,3
-4.49,18.68808,3
-4.49,18.69599,3
-4.49,18.70415,3
-5.51,18.71153,3
-5.51,18.72089,3
-5.51,18.72788,3
-6.32,18.73653,3
-6.32,18.74376,3
-6.32,18.75216,3
-7.07,18.76025,3
-7.07,18.76908,3
-7.07,18.78051,3
-7.7,18.78801,3
-7.7,18.79601,3
-7.7,18.80436,3
-8.36,18.82278,3
-8.36,18.82995,3
-8.78,18.8388,3
-8.78,18.84666,3
-8.78,18.85609,3
-9.06,18.86306,3
-9.06,18.87182,3
-9.06,18.87969,3
-8.94,18.88745,3
-8.94,18.89665,3
-8.94,18.90939,3
-8.14,18.91719,3
-8.14,18.9253,3
-8.14,18.93277,3
-6.86,18.94097,3
-6.86,18.94909,3
-6.86,18.9587,3
-4.94,18.97743,3
-4.94,18.98639,3
-3.34,18.99419,3
-3.34,19.00357,3
-3.34,19.01057,3
-2.06,19.01932,3
-2.06,19.02644,3
-2.06,19.03568,3
-1.22,19.04286,3
-1.22,19.05145,3
-1.22,19.05971,3
-1.22,19.06724,3
-0.6,19.07528,3
-0.6,19.08372,3
-0.6,19.0923,3
-0.2,19.10053,3
-0.2,19.10911,3
-0.04,19.12802,3
-0.04,19.13689,3
-0.04,19.14408,3
0.01,19.15268,3
0.01,19.16068,3
0.01,19.16982,3
0.03,19.17787,3
0.03,19.18661,3
0.03,19.19473,3
0.04,19.20291,3
0.04,19.21035,3
0.04,19.2199,3
0.04,19.22732,3
0.04,19.23681,3
0.04,19.24398,3
0.04,19.25264,3
0.04,19.26039,3
0.04,19.28001,3
0.04,19.28818,3
0.04,19.29583,3
0.04,19.30449,3
0.04,19.31225,3
0.04,19.32095,3
0.04,19.32864,3
0.04,19.3381,3
0.04,19.34519,3
0.04,19.3541,3
0.04,19.3625,3
0.04,19.37111,3
0.04,19.37899,3
0.04,19.38787,3
0.04,19.39614,3
0.04,19.40482,3
0.04,19.41333,3
0.04,19.43344,3
0.04,19.44115,3
0.04,19.44912,3
0.04,19.45808,3
0.04,19.46578,3
0.04,19.47396,3
0.04,19.48156,3
0.04,19.49029,3
0.04,19.49857,3
0.04,19.50715,3
0.04,19.51527,3
0.04,19.52398,3
0.04,19.53172,3
0.04,19.54056,3
0.04,19.54851,3
0.04,19.55726,3
0.04,19.56486,3
0.04,19.57279,3
0.04,19.58037,3
0.04,19.58889,3
0.04,19.59713,3
0.04,19.60566,3
0.04,19.61325,3
0.04,19.62189,3
0.04,19.62919,3
0.04,19.63786,3
0.04,19.64567,3
0.04,19.65395,3
0.04,19.66212,3
0.04,19.66988,3
0.04,19.67749,3
0.04,19.68578,3
0.04,19.69329,3
0.04,19.70175,3
0.04,19.70891,3
0.04,19.71676,3
0.04,19.72528,3
0.04,19.73465,3
0.04,19.74255,3
0.04,19.75186,3
0.04,19.75953,3
0.04,19.76875,3
0.04,19.77656,3
0.04,19.78451,3
0.04,19.79221,3
0.04,19.80053,3
0.04,19.8084,3
0.04,19.81655,3
0.04,19.82422,3
0.04,19.83158,3
0.04,19.8405,3
0.04,19.84822,3
0.04,19.85681,3
0.04,19.86369,3
0.04,19.87198,3
0.04,19.87916,3
0.04,19.8878,3
0.04,19.89568,3
0.04,19.90401,3
0.04,19.91189,3
0.04,19.92447,3
0.04,19.93252,3
0.04,19.94014,3
0.04,19.94743,3
0.04,19.95645,3
0.04,19.96373,3
0.04,19.97259,3
0.04,19.97986,3
0.04,19.9878,3
0.04,19.99557,3
0.04,20.00498,3
0.04,20.01221,3
0.04,20.02122,3
0.04,20.02788,3
0.04,20.03669,3
0.04,20.04436,3
0.04,20.05336,3
0.04,20.0611,3
0.04,20.07347,3
0.04,20.08084,3
0.04,20.08884,3
0.04,20.09748,3
0.04,20.1063,3
0.04,20.114,3
0.04,20.12272,3
0.04,20.13021,3
0.04,20.13872,3
0.04,20.14702,3
0.04,20.15563,3
0.04,20.16395,3
0.04,20.17251,3
0.04,20.18095,3
0.04,20.20049,3
0.04,20.20832,3
0.04,20.21616,3
0.04,20.22478,3
0.04,20.23267,3
0.01,20.24138,3
0.01,20.24939,3
0.01,20.25838,3
-0.14,20.26609,3
-0.14,20.27477,3
-0.14,20.28386,3
-0.48,20.29199,3
-0.48,20.30081,3
-0.48,20.30872,3
-0.48,20.31644,3
-1,20.3245,3
-1,20.33291,3
-1.51,20.35401,3
-1.51,20.36217,3
-2.12,20.37106,3
-2.12,20.37918,3
-2.12,20.38788,3
-2.77,20.3957,3
-2.77,20.40431,3
-2.77,20.41227,3
-3.38,20.42123,3
-3.38,20.42906,3
-3.38,20.43893,3
-3.38,20.44576,3
-4.05,20.45455,3
-4.05,20.46292,3
-4.93,20.47215,3
-4.93,20.48066,3
-4.93,20.48936,3
-5.58,20.50891,3
-5.58,20.51768,3
-6.16,20.52555,3
-6.16,20.53429,3
-6.16,20.54234,3
-6.52,20.55074,3
-6.52,20.55924,3
-6.52,20.56798,3
-6.52,20.57596,3
-6.63,20.58403,3
-6.63,20.59157,3
-6.63,20.60108,3
-6.36,20.60857,3
-6.36,20.61773,3
-6.36,20.62573,3
-5.52,20.6337,3
-5.52,20.64223,3
-4.17,20.66238,3
-4.17,20.67122,3
-4.17,20.67889,3
-3.25,20.68748,3
-3.25,20.69611,3
-3.25,20.70456,3
-2.29,20.71199,3
-2.29,20.7214,3
-2.29,20.72865,3
-2.12,20.73763,3
-2.12,20.74545,3
-2.12,20.75417,3
-2.18,20.7623,3
-2.18,20.77133,3
-2.18,20.77919,3
-2.44,20.7876,3
-2.44,20.79619,3
-2.79,20.81546,3
-2.79,20.82458,3
-2.79,20.83308,3
-3.38,20.84324,3
-3.38,20.85179,3
-3.38,20.86044,3
-3.95,20.86886,3
-3.95,20.87686,3
-3.95,20.88571,3
-4.65,20.89331,3
-4.65,20.90255,3
-4.65,20.9102,3
-5.51,20.91877,3
-5.51,20.92677,3
-5.51,20.93615,3
-6.11,20.94326,3
-6.11,20.95247,3
-6.46,20.97296,3
-6.46,20.98097,3
-6.46,20.9896,3
-6.45,20.99735,3
-6.45,21.00617,3
-6.45,21.01465,3
-6.05,21.02347,3
-6.05,21.03148,3
-6.05,21.04055,3
-5.24,21.04763,3
-5.24,21.05662,3
-5.24,21.06475,3
-3.95,21.07362,3
-3.95,21.08179,3
-3.95,21.09044,3
-2.7,21.09848,3
-2.7,21.10687,3
-1.68,21.12926,3
-1.68,21.13795,3
-1.68,21.14496,3
-0.93,21.15372,3
-0.93,21.16186,3
-0.93,21.17039,3
-0.43,21.17791,3
-0.43,21.1873,3
-0.43,21.19471,3
-0.13,21.20329,3
-0.13,21.21127,3
-0.13,21.2209,3
-0.04,21.22848,3
-0.04,21.23786,3
-0.04,21.24528,3
-0.01,21.2576,3
-0.01,21.27634,3
0.01,21.28424,3
0.01,21.29262,3
0.01,21.30148,3
0.03,21.30861,3
0.03,21.31758,3
0.03,21.32505,3
0.03,21.33185,3
0.03,21.34061,3
0.03,21.34919,3
0.03,21.35966,3
0.03,21.36775,3
0.03,21.37598,3
0.03,21.38392,3
0.03,21.39167,3
0.03,21.40163,3
0.04,21.40957,3
0.04,21.42863,3
0.04,21.4376,3
0.04,21.44467,3
0.04,21.4529,3
0.04,21.46095,3
0.04,21.46885,3
0.04,21.4759,3
0.04,21.48407,3
0.04,21.49172,3
0.04,21.49936,3
0.04,21.5074,3
0.04,21.51495,3
0.04,21.523,3
0.04,21.53078,3
0.04,21.53935,3
0.04,21.54799,3
0.04,21.55728,3
0.04,21.56775,3
0.04,21.58668,3
0.04,21.59358,3
0.04,21.60187,3
0.04,21.60895,3
0.04,21.61671,3
0.04,21.62507,3
0.04,21.63283,3
0.04,21.64114,3
0.04,21.64844,3
0.04,21.65663,3
0.04,21.66333,3
0.04,21.67213,3
0.04,21.67998,3
0.04,21.68827,3
0.04,21.69595,3
0.04,21.70484,3
0.04,21.71153,3
0.04,21.72045,3
0.04,21.72763,3
0.04,21.73718,3
0.04,21.74406,3
0.04,21.75248,3
0.04,21.75985,3
0.04,21.7684,3
0.04,21.77609,3
0.04,21.78402,3
0.04,21.79159,3
0.04,21.79915,3
0.04,21.8069,3
0.04,21.82172,3
0.04,21.82858,3
0.04,21.83829,3
0.04,21.84523,3
0.04,21.85368,3
0.04,21.86081,3
0.04,21.86947,3
0.04,21.87714,3
0.04,21.88662,3
0.04,21.89418,3
0.04,21.90284,3
0.04,21.90971,3
0.04,21.92014,3
0.04,21.92761,3
0.04,21.93679,3
0.04,21.94418,3
0.04,21.95288,3
0.04,21.96023,3
0.04,21.96923,3
0.04,21.97703,3
0.04,21.98615,3
0.04,21.99363,3
0.04,22.00227,3
0.04,22.0093,3
0.04,22.01864,3
0.04,22.02643,3
0.04,22.03522,3
0.04,22.04349,3
0.04,22.05172,3
0.04,22.05904,3
0.04,22.06792,3
0.04,22.07594,3
0.04,22.08411,3
0.04,22.09204,3
0.04,22.10065,3
0.04,22.10884,3
0.04,22.11751,3
0.04,22.12759,3
0.04,22.13727,4
0.04,22.14586,4
0.04,22.15403,4
0.04,22.16131,4
0.04,22.17008,4
0.04,22.17753,4
0.04,22.18638,4
0.04,22.19379,4
0.04,22.20289,4
0.04,22.21057,4
0.04,22.21948,4
0.04,22.22725,4
0.04,22.24643,4
0.04,22.2551,4
0.04,22.26245,4
0.04,22.27107,4
0.04,22.27874,4
0.04,22.28801,4
0.04,22.29552,4
0.04,22.30414,4
0.04,22.31197,4
0.04,22.32033,4
0.04,22.33191,4
0.04,22.33999,4
0.04,22.34984,4
0.04,22.35792,4
0.04,22.36648,4
0.04,22.37372,4
0.04,22.38223,4
0.04,22.40284,4
0.04,22.40999,4
0.04,22.4193,4
0.04,22.42695,4
0.04,22.43588,4
0.04,22.44852,4
0.04,22.45702,4
0.04,22.46445,4
0.04,22.47318,4
0.04,22.48088,4
0.04,22.49001,4
0.04,22.49729,4
0.04,22.50599,4
0.04,22.51304,4
0.04,22.52195,4
0.04,22.52968,4
0.04,22.53849,4
0.04,22.54616,4
0.04,22.55482,4
0.04,22.56208,4
0.04,22.57133,4
0.04,22.57921,4
0.04,22.58777,4
0.04,22.5956,4
0.04,22.60409,4
0.04,22.6112,4
0.04,22.62062,4
0.04,22.62857,4
0.04,22.63737,4
0.04,22.64541,4
0.04,22.65409,4
0.04,22.66308,4
0.04,22.67176,4
0.04,22.67981,4
0.04,22.68823,4
0.04,22.69714,4
0.04,22.70528,4
0.04,22.71406,4
0.04,22.72244,4
0.04,22.73133,4
0.04,22.73974,4
0.04,22.74865,4
0.04,22.75687,4
0.04,22.76595,4
0.04,22.77437,4
0.04,22.78329,4
0.04,22.79111,4
0.04,22.80033,4
0.04,22.80887,4
0.04,22.81826,4
0.04,22.82614,4
0.04,22.83476,4
0.04,22.84233,4
0.04,22.8512,4
0.04,22.85861,4
0.04,22.86634,4
0.04,22.87433,4
0.04,22.88199,4
0.04,22.89079,4
0.04,22.89837,4
0.04,22.90669,4
0.04,22.91428,4
0.02,22.92273,4
0.02,22.93124,4
0.02,22.9395,4
0.02,22.94719,4
-0.01,22.95559,4
-0.01,22.96316,4
-0.01,22.97184,4
-0.07,22.97914,4
-0.07,22.9884,4
-0.07,22.99582,4
-0.16,23.00431,4
-0.16,23.02413,4
-0.27,23.03288,4
-0.27,23.04093,4
-0.27,23.04848,4
-0.37,23.05656,4
-0.37,23.06446,4
-0.37,23.07311,4
-0.48,23.08053,4
-0.48,23.08902,4
-0.48,23.0972,4
-0.58,23.10577,4
-0.58,23.11321,4
-0.58,23.12181,4
-0.58,23.12899,4
-0.66,23.13714,4
-0.66,23.14485,4
-0.66,23.1537,4
-0.77,23.16097,4
-0.77,23.18164,4
-0.88,23.19017,4
-0.88,23.19794,4
-0.88,23.20702,4
-1.05,23.21398,4
-1.05,23.22276,4
-1.05,23.23037,4
-1.27,23.23863,4
-1.27,23.24711,4
-1.27,23.25546,4
-1.65,23.26237,4
-1.65,23.27152,4
-1.65,23.27911,4
-2.14,23.28763,4
-2.14,23.29538,4
-2.14,23.30425,4
-2.14,23.31208,4
-2.7,23.33102,4
-3.45,23.33903,4
-3.45,23.34761,4
-3.45,23.3558,4
-3.45,23.36329,4
-4.28,23.37168,4
-4.28,23.37929,4
-4.28,23.38855,4
-5.19,23.39523,4
-5.19,23.40392,4
-5.19,23.41171,4
-5.8,23.42023,4
-5.8,23.4282,4
-5.8,23.43675,4
-5.98,23.44392,4
-5.98,23.45286,4
-5.98,23.45968,4
-5.82,23.469,4
-5.82,23.48838,4
-5.16,23.49537,4
-5.16,23.50358,4
-5.16,23.51164,4
-5.16,23.51994,4
-4.28,23.52748,4
-4.28,23.53949,4
-3.13,23.54723,4
-3.13,23.55596,4
-3.13,23.56433,4
-2.36,23.57291,4
-2.36,23.58085,4
-2.36,23.58988,4
-2.36,23.59697,4
-1.87,23.60601,4
-1.87,23.61393,4
-1.87,23.62335,4
-1.51,23.64235,4
-1.54,23.65283,4
-1.54,23.66033,4
-1.54,23.67011,4
-1.7,23.67734,4
-1.7,23.6872,4
-1.7,23.69494,4
-2.05,23.70757,4
-2.05,23.71658,4
-2.05,23.72528,4
-2.6,23.73342,4
-2.6,23.74123,4
-2.6,23.75033,4
-3.38,23.75814,4
-3.38,23.76721,4
-3.38,23.77535,4
-4.34,23.79488,4
-4.34,23.80389,4
-5.08,23.8118,4
-5.08,23.82069,4
-5.08,23.82919,4
-5.68,23.83769,4
-5.68,23.84658,4
-5.68,23.85528,4
-6.09,23.86315,4
-6.09,23.87267,4
-6.09,23.88223,4
-6.21,23.89083,4
-6.21,23.90091,4
-6.21,23.9094,4
-6.1,23.91975,4
-6.1,23.92856,4
-5.64,23.94843,4
-5.64,23.95633,4
-4.72,23.96387,4
-4.72,23.9724,4
-4.72,23.97985,4
-3.58,23.98883,4
-3.58,23.99817,4
-3.58,24.0069,4
-2.58,24.01602,4
-2.58,24.02412,4
-2.58,24.03412,4
-1.84,24.0417,4
-1.84,24.05147,4
-1.84,24.05926,4
-1.45,24.06855,4
-1.45,24.07647,4
-1.45,24.08641,4
-1.39,24.10535,4
-1.39,24.11233,4
-1.53,24.12082,4
-1.53,24.12876,4
-1.53,24.13761,4
-1.84,24.14505,4
-1.84,24.154,4
-1.84,24.16129,4
-1.84,24.1699,4
-2.55,24.17749,4
-2.55,24.18641,4
-2.55,24.19395,4
-3.41,24.2021,4
-3.41,24.21008,4
-3.41,24.2191,4
-4.28,24.22697,4
-4.28,24.23561,4
-4.28,24.24336,4
-5.14,24.26177,4
-5.14,24.27059,4
-5.79,24.27836,4
-5.79,24.28731,4
-5.79,24.29434,4
-6.42,24.30252,4
-6.42,24.31076,4
-6.42,24.31916,4
-6.74,24.32663,4
-6.74,24.3355,4
-6.74,24.3428,4
-6.74,24.35205,4
-6.95,24.35923,4
-6.95,24.36821,4
-6.95,24.37541,4
-7.08,24.38301,4
-7.08,24.39145,4
-7.08,24.39982,4
-7.14,24.42003,4
-7.14,24.42729,4
-6.99,24.43654,4
-6.99,24.4451,4
-6.99,24.45411,4
-6.52,24.46112,4
-6.52,24.47074,4
-6.52,24.47828,4
-5.47,24.48718,4
-5.47,24.49568,4
-5.47,24.50468,4
-4.18,24.51229,4
-4.18,24.52097,4
-4.18,24.52912,4
-3.06,24.53728,4
-3.06,24.5454,4
-3.06,24.55438,4
-2.3,24.57333,4
-2.3,24.58142,4
-1.63,24.59044,4
-1.63,24.59872,4
-1.63,24.60773,4
-1.13,24.6149,4
-1.13,24.62421,4
-1.13,24.63311,4
-0.88,24.64112,4
-0.88,24.65038,4
-0.88,24.65856,4
-0.72,24.66696,4
-0.72,24.67509,4
-0.72,24.68357,4
-0.6,24.69179,4
-0.6,24.70034,4
-0.6,24.70885,4
-0.49,24.72755,4
-0.49,24.73713,4
-0.43,24.74471,4
-0.43,24.75294,4
-0.43,24.76063,4
-0.37,24.76971,4
-0.37,24.77768,4
-0.37,24.78674,4
-0.37,24.7935,4
-0.32,24.80141,4
-0.32,24.81269,4
-0.28,24.82137,4
-0.28,24.82987,4
-0.28,24.83836,4
-0.28,24.84589,4
-0.25,24.85361,4
-0.25,24.86145,4
-0.21,24.8814,4
-0.21,24.8893,4
-0.21,24.89672,4
-0.18,24.90575,4
-0.18,24.91353,4
-0.18,24.92192,4
-0.16,24.92995,4
-0.16,24.93942,4
-0.16,24.94899,4
-0.16,24.95699,4
-0.16,24.96949,4
-0.16,24.97682,4
-0.16,24.98538,4
-0.16,24.99359,4
-0.16,25.00392,4
-0.16,25.01162,4
-0.16,25.03107,4
-0.16,25.03909,4
-0.16,25.04678,4
-0.16,25.05532,4
-0.16,25.06305,4
-0.16,25.07154,4
-0.16,25.07838,4
-0.16,25.08773,4
-0.16,25.09524,4
-0.16,25.10394,4
-0.16,25.11152,4
-0.16,25.12082,4
-0.16,25.12816,4
-0.16,25.13711,4
-0.16,25.14466,4
-0.16,25.15372,4
-0.16,25.16204,4
-0.16,25.17048,4
-0.16,25.17834,4
-0.15,25.18736,4
-0.15,25.19514,4
-0.15,25.2039,4
-0.15,25.21157,4
-0.15,25.22045,4
-0.15,25.22787,4
-0.14,25.23713,4
-0.14,25.24522,4
-0.14,25.25381,4
-0.14,25.26089,4
-0.13,25.26921,4
-0.13,25.27706,4
-0.13,25.28585,4
-0.13,25.2933,4
-0.13,25.30147,4
-0.13,25.309,4
-0.13,25.31706,4
-0.13,25.33675,4
-0.13,25.34349,4
-0.13,25.35185,4
-0.13,25.35925,4
-0.13,25.36824,4
-0.13,25.37579,4
-0.13,25.38487,4
-0.13,25.39182,4
-0.14,25.40024,4
-0.14,25.40769,4
-0.14,25.4171,4
-0.14,25.42624,4
-0.14,25.43404,4
-0.14,25.44128,4
-0.14,25.44949,4
-0.14,25.45688,4
-0.14,25.46429,4
-0.14,25.47259,4
-0.14,25.4914,4
-0.14,25.49836,4
-0.14,25.50726,4
-0.14,25.51445,4
-0.14,25.52377,4
-0.14,25.53131,4
-0.14,25.53991,4
-0.14,25.5475,4
-0.13,25.55627,4
-0.13,25.56571,4
-0.13,25.57504,4
-0.13,25.58235,4
-0.13,25.59188,4
-0.13,25.59979,4
-0.13,25.60822,4
-0.13,25.61649,4
-0.13,25.62487,4
-0.13,25.64393,4
-0.14,25.65281,4
-0.14,25.66077,4
-0.14,25.67043,4
-0.14,25.67756,4
-0.14,25.68645,4
-0.14,25.6941,4
-0.14,25.70345,4
-0.13,25.71156,4
-0.13,25.72066,4
-0.13,25.72856,4
-0.13,25.73671,4
-0.13,25.74516,4
-0.13,25.75371,4
-0.12,25.76115,4
-0.12,25.77058,4
-0.12,25.77816,4
-0.12,25.79754,4
-0.12,25.80564,4
-0.13,25.81295,4
-0.13,25.8218,4
-0.13,25.83009,4
-0.13,25.83851,4
-0.13,25.84681,4
-0.13,25.85547,4
-0.12,25.86306,4
-0.12,25.87186,4
-0.12,25.87962,4
-0.12,25.88891,4
-0.12,25.89707,4
-0.12,25.9057,4
-0.11,25.91284,4
-0.11,25.92187,4
-0.11,25.93097,4
-0.11,25.95055,4
-0.11,25.95777,4
-0.09,25.96578,4
-0.09,25.97484,4
-0.09,25.98313,4
-0.09,25.99125,4
-0.09,25.99814,4
-0.09,26.00661,4
-0.09,26.01409,4
-0.08,26.0227,4
-0.08,26.0313,4
-0.08,26.03992,4
-0.07,26.0475,4
-0.07,26.05554,4
-0.07,26.0671,4
-0.05,26.07431,4
-0.05,26.08228,4
-0.04,26.10256,4
-0.04,26.11004,4
-0.04,26.1184,4
-0.03,26.12598,4
-0.03,26.13409,4
-0.03,26.14249,4
-0.02,26.15302,4
-0.02,26.1613,4
-0.02,26.17124,4
0,26.17891,4
0,26.1882,4
0,26.19684,4
0.02,26.20539,4
0.02,26.21461,4
0.02,26.22351,4
0.04,26.2333,4
0.04,26.25702,4
0.04,26.26526,4
0.04,26.27397,4
0.04,26.28144,4
0.04,26.29025,4
0.04,26.29761,4
0.04,26.30617,4
0.04,26.31352,4
0.04,26.32163,4
0.04,26.3308,4
0.04,26.33935,4
0.04,26.34799,4
0.04,26.35622,4
0.04,26.36448,4
0.04,26.37294,4
0.04,26.38144,4
0.04,26.39004,4
0.04,26.41023,4
0.04,26.41857,4
0.04,26.42607,4
0.04,26.43448,4
0.04,26.44202,4
0.04,26.45019,4
0.04,26.45766,4
0.04,26.46569,4
0.04,26.47378,4
0.04,26.48117,4
0.04,26.49025,4
0.04,26.49769,4
0.04,26.50655,4
0.04,26.51382,4
0.04,26.52165,4
0.04,26.52963,4
0.04,26.53826,4
0.04,26.5459,4
0.04,26.56433,4
0.04,26.57225,4
0.04,26.58033,4
0.04,26.58877,4
0.04,26.5956,4
0.04,26.60414,4
0.04,26.6121,4
0.04,26.62104,4
0.04,26.62884,4
0.04,26.63766,4
0.04,26.64518,4
0.04,26.6538,4
0.04,26.66156,4
0.04,26.67047,4
0.04,26.67785,4
0.04,26.68695,4
0.04,26.69382,4
0.04,26.70276,4
0.04,26.71021,4
0.04,26.71921,4
0.04,26.72693,4
0.04,26.73578,4
0.04,26.74297,4
0.04,26.75091,4
0.04,26.75875,4
0.04,26.76769,4
0.04,26.7754,4
0.04,26.78421,4
0.04,26.79204,4
0.04,26.79958,4
0.04,26.80835,4
0.04,26.8165,4
0.04,26.82605,4
0.04,26.83585,4
0.04,26.84444,4
0.04,26.85312,4
0.04,26.86024,4
0.04,26.86981,4
0.04,26.87746,4
0.04,26.8871,4
0.04,26.89419,4
0.04,26.90261,4
0.04,26.91004,4
0.04,26.91904,4
0.04,26.9274,4
0.04,26.93623,4
0.04,26.94353,4
0.04,26.95185,4
0.04,26.95912,4
0.04,26.96849,4
0.04,26.97601,4
0.04,26.98576,4
0.04,26.99406,4
0.04,27.00259,4
0.04,27.01025,4
0.04,27.01887,4
0.04,27.0283,4
0.04,27.0393,4
0.04,27.04759,4
0.04,27.05608,4
0.04,27.06382,4
0.04,27.07258,4
0.04,27.08031,4
0.04,27.09023,4
0.04,27.09802,4
0.04,27.10673,4
0.04,27.11384,4
0.04,27.12205,4
0.04,27.13024,4
0.04,27.13916,4
0.04,27.14679,4
0.04,27.15629,4
0.04,27.16383,4
0.04,27.17205,4
0.04,27.18,4
0.04,27.18905,4
0.04,27.19674,4
0.04,27.20543,4
0.04,27.21269,4
0.04,27.22093,4
0.04,27.22916,4
0.04,27.23787,4
0.04,27.24543,4
0.04,27.25412,4
0.04,27.26136,4
0.04,27.27005,4
0.04,27.27776,4
0.04,27.28676,4
0.04,27.29411,4
0.04,27.30288,4
0.04,27.31022,4
0.04,27.3189,4
0.04,27.32714,4
0.04,27.33696,4
0.04,27.34457,4
0.04,27.35347,4
0.04,27.36056,4
0.03,27.36893,4
0.03,27.37693,4
0.03,27.38651,4
-0.01,27.39731,4
-0.01,27.40609,4
-0.01,27.41428,4
-0.11,27.42223,4
-0.11,27.43089,4
-0.11,27.43954,4
-0.3,27.44801,4
-0.3,27.45643,4
-0.3,27.46434,4
-0.3,27.47243,4
-0.61,27.49228,4
-0.99,27.50082,4
-0.99,27.50921,4
-0.99,27.51814,4
-1.5,27.52638,4
-1.5,27.53563,4
-1.5,27.54341,4
-2.25,27.55168,4
-2.25,27.55975,4
-2.25,27.56926,4
-3.18,27.57691,4
-3.18,27.59038,4
-3.18,27.5976,4
-4.22,27.6061,4
-4.22,27.61323,4
-4.22,27.62152,4
-5.34,27.6297,4
-5.34,27.64886,4
-5.98,27.65682,4
-5.98,27.6652,4
-5.98,27.67349,4
-6.25,27.68098,4
-6.25,27.68972,4
-6.25,27.69719,4
-6.25,27.70575,4
-6.3,27.71374,4
-6.3,27.72229,4
-6.3,27.73033,4
-6.35,27.73835,4
-6.35,27.74593,4
-6.35,27.75444,4
-6.45,27.76161,4
-6.45,27.7713,4
-6.45,27.77878,4
-6.41,27.78742,4
-6.41,27.80569,4
-6.23,27.81302,4
-6.23,27.82151,4
-6.23,27.82894,4
-5.58,27.83778,4
-5.58,27.846,4
-5.58,27.85479,4
-5.58,27.86154,4
-4.58,27.87101,4
-4.58,27.8783,4
-4.58,27.88727,4
-3.56,27.89426,4
-3.56,27.90327,4
-3.56,27.91136,4
-2.61,27.91973,4
-2.61,27.92763,4
-2.61,27.93642,4
-1.94,27.94439,4
-1.94,27.96326,4
-1.69,27.97178,4
-1.69,27.97951,4
-1.69,27.98901,4
-1.69,27.99622,4
-1.69,28.00555,4
-1.69,28.01218,4
-1.85,28.02076,4
-1.85,28.02892,4
-1.85,28.0376,4
-2.24,28.04535,4
-2.24,28.05386,4
-2.24,28.06085,4
-2.24,28.07008,4
-2.86,28.07729,4
-2.86,28.08659,4
-2.86,28.09414,4
-3.49,28.10264,4
-4.37,28.12215,4
-4.37,28.13035,4
-4.37,28.13867,4
-4.37,28.14627,4
-5.39,28.15474,4
-5.39,28.16257,4
-5.39,28.17219,4
-6.34,28.18028,4
-6.34,28.18965,4
-6.34,28.19715,4
-6.99,28.20704,4
-6.99,28.21513,4
-6.99,28.22421,4
-7.57,28.23227,4
-7.57,28.24062,4
-7.57,28.24849,4
-7.93,28.2571,4
-7.93,28.27704,4
-8.25,28.28615,4
-8.25,28.29427,4
-8.25,28.30371,4
-8.34,28.31169,4
-8.34,28.32066,4
-8.34,28.32858,4
-8.15,28.33658,4
-8.15,28.34496,4
-8.15,28.35411,4
-7.67,28.36149,4
-7.67,28.37077,4
-7.67,28.37817,4
-6.78,28.38697,4
-6.78,28.3956,4
-6.78,28.40441,4
-5.69,28.41193,4
-5.69,28.43153,4
-4.4,28.44021,4
-4.4,28.44868,4
-4.4,28.45789,4
-3.51,28.46564,4
-3.51,28.47393,4
-3.51,28.4817,4
-2.92,28.49125,4
-2.92,28.49951,4
-2.92,28.50848,4
-2.81,28.51615,4
-2.81,28.52469,4
-2.81,28.53372,4
-2.9,28.54148,4
-2.9,28.55088,4
-2.9,28.55924,4
-3.05,28.56816,4
-3.05,28.58713,4
-3.37,28.59464,4
-3.37,28.60389,4
-3.37,28.61157,4
-4.02,28.62037,4
-4.02,28.62892,4
-4.02,28.63764,4
-4.95,28.64524,4
-4.95,28.65462,4
-4.95,28.66209,4
-5.92,28.67108,4
-5.92,28.67909,4
-5.92,28.68883,4
-6.72,28.69614,4
-6.72,28.70515,4
-6.72,28.71217,4
-7.39,28.72046,4
-7.39,28.74354,4
-7.75,28.75141,4
-7.75,28.75892,4
-7.75,28.76833,4
-7.75,28.77545,4
-7.75,28.78343,4
-7.75,28.79199,4
-7.2,28.79943,4
-7.2,28.80815,4
-7.2,28.8159,4
-7.2,28.82429,4
-6.21,28.83155,4
-6.21,28.84,4
-6.21,28.84782,4
-4.65,28.85654,4
-4.65,28.8645,4
-4.65,28.87352,4
-3.4,28.89172,4
-3.4,28.90045,4
-2.09,28.90908,4
-2.09,28.91876,4
-1.23,28.93101,4
-1.23,28.93909,4
-1.23,28.94745,4
-0.63,28.96147,4
-0.63,28.96986,4
-0.63,28.97748,4
-0.28,28.98589,4
-0.28,28.99313,4
-0.28,29.00186,4
-0.16,29.00957,4
-0.16,29.01866,4
-0.16,29.0268,4
-0.1,29.04509,4
-0.1,29.05355,4
-0.05,29.06125,4
-0.05,29.07017,4
-0.05,29.07701,4
-0.02,29.08592,4
-0.02,29.0935,4
-0.02,29.10223,4
-0.02,29.10971,4
-0.01,29.11823,4
-0.01,29.12612,4
-0.01,29.13587,4
-0.01,29.14388,4
-0.01,29.15249,4
-0.01,29.1597,4
0,29.16895,4
0,29.17659,4
0,29.18597,4
0.01,29.20501,4
0.01,29.21256,4
0.01,29.22089,4
0.01,29.22932,4
0.01,29.23796,4
0.02,29.24583,4
0.02,29.25443,4
0.02,29.26155,4
0.02,29.27049,4
0.02,29.2782,4
0.02,29.28674,4
0.02,29.2947,4
0.02,29.30341,4
0.02,29.31087,4
0.03,29.31934,4
0.03,29.32759,4
0.03,29.33727,4
0.03,29.35777,4
0.03,29.36671,4
0.03,29.37516,4
0.03,29.38375,4
0.03,29.39206,4
0.03,29.40103,4
0.03,29.40902,4
0.03,29.41764,4
0.03,29.42569,4
0.03,29.43495,4
0.03,29.4429,4
0.04,29.45294,4
0.04,29.46111,4
0.04,29.47059,4
0.04,29.47952,4
0.04,29.48871,4
0.04,29.50931,4
0.04,29.51749,4
0.04,29.52522,4
0.04,29.53328,4
0.04,29.54098,4
0.04,29.54872,4
0.04,29.55756,4
0.04,29.56689,4
0.04,29.57516,4
0.04,29.58698,4
0.04,29.59427,4
0.04,29.60218,4
0.04,29.6097,4
0.04,29.61811,4
0.04,29.62565,4
0.04,29.63441,4
0.04,29.64232,4
0.04,29.65173,4
0.04,29.65921,4
0.04,29.66881,4
0.04,29.67627,4
0.04,29.68575,4
0.04,29.69322,4
0.04,29.70263,4
0.04,29.71037,4
0.04,29.71946,4
0.04,29.7272,4
0.04,29.7352,4
0.04,29.74245,4
0.04,29.75047,4
0.04,29.75811,4
0.04,29.76698,4
0.04,29.77451,4
0.04,29.78266,4
0.04,29.79073,4
0.04,29.79863,4
0.04,29.81855,4
0.04,29.8253,4
0.04,29.83288,4
0.04,29.84107,4
0.04,29.85066,4
0.04,29.85835,4
0.04,29.86711,4
0.04,29.87426,4
0.04,29.88146,4
0.04,29.88967,4
0.04,29.89732,4
0.04,29.90601,4
0.04,29.91367,4
0.04,29.92167,4
0.04,29.9295,4
0.04,29.93822,4
0.04,29.94588,4
0.04,29.95477,4
0.04,29.96187,4
0.04,29.97017,4
0.04,29.97758,4
0.04,29.98649,4
0.04,29.99389,4
0.04,30.00259,4
0.04,30.01036,4
0.04,30.01876,4
0.04,30.02586,4
0.04,30.03442,4
0.04,30.04269,4
0.04,30.05135,4
0.04,30.05853,4
0.04,30.06661,4
0.02,30.07377,4
0.02,30.08152,4
0.02,30.09405,4
-0.06,30.10223,4
-0.06,30.11037,4
-0.29,30.12892,4
-0.29,30.13774,4
-0.29,30.14563,4
-0.65,30.15365,4
-0.65,30.1611,4
-0.65,30.17011,4
-1.01,30.17709,4
-1.01,30.18654,4
-1.01,30.19371,4
-1.42,30.2017,4
-1.42,30.20991,4
-1.42,30.21851,4
-1.42,30.22715,4
-1.89,30.23595,4
-1.89,30.24447,4
-2.41,30.25753,4
-2.41,30.26633,4
-2.98,30.28634,4
-2.98,30.29351,4
-2.98,30.30223,4
-3.57,30.30999,4
-3.57,30.31924,4
-3.57,30.32832,4
-4.12,30.33641,4
-4.12,30.34431,4
-4.12,30.35258,4
-4.67,30.35967,4
-4.67,30.36898,4
-4.67,30.37641,4
-5.02,30.38591,4
-5.02,30.39351,4
-5.02,30.40193,4
-5.02,30.40999,4
-5.38,30.41898,4
-5.64,30.43884,4
-5.64,30.44633,4
-5.64,30.45463,4
-5.88,30.46206,4
-5.88,30.47105,4
-5.88,30.47847,4
-5.88,30.48745,4
-6.16,30.49502,4
-6.16,30.50454,4
-6.16,30.51256,4
-6.49,30.52097,4
-6.49,30.52914,4
-6.49,30.53827,4
-6.69,30.54626,4
-6.69,30.55553,4
-6.69,30.56337,4
-6.88,30.57283,4
-7.06,30.59233,4
-7.06,30.60108,4
-7.06,30.60965,4
-7.22,30.61803,4
-7.22,30.62595,4
-7.22,30.63514,4
-7.22,30.64264,4
-7.36,30.65174,4
-7.36,30.65935,4
-7.36,30.66888,4
-7.44,30.67598,4
-7.44,30.68579,4
-7.44,30.69368,4
-7.52,30.70236,4
-7.52,30.71075,4
-7.52,30.71926,4
-7.62,30.72701,4
-7.62,30.74722,4
-7.73,30.75578,4
-7.73,30.76376,4
-7.73,30.77228,4
-7.9,30.77986,4
-7.9,30.79037,4
-7.9,30.79795,4
-8.02,30.80652,4
-8.02,30.81403,4
-8.02,30.82276,4
-8.16,30.83054,4
-8.16,30.83964,4
-8.16,30.8477,4
-8.4,30.85515,4
-8.4,30.86303,4
-8.4,30.8722,4
-8.62,30.87961,4
-8.62,30.89941,4
-8.8,30.9073,4
-8.8,30.91505,4
-8.8,30.92381,4
-8.93,30.93194,4
-8.93,30.94046,4
-8.93,30.94814,4
-9.05,30.9564,4
-9.05,30.96465,4
-9.05,30.97298,4
-9.05,30.98008,4
-9.06,30.9894,4
-9.06,30.99645,4
-9.06,31.00603,4
-8.93,31.01327,4
-8.93,31.02238,4
-8.93,31.03131,4
-8.58,31.05033,4
-8.58,31.05822,4
-7.75,31.06744,4
-7.75,31.07517,4
-7.75,31.08286,4
-5.89,31.09138,4
-5.89,31.09946,4
-5.89,31.10797,4
-4.22,31.11522,4
-4.22,31.12376,4
-4.22,31.13139,4
-2.82,31.1397,4
-2.82,31.14821,4
-2.82,31.15658,4
-2.82,31.16413,4
-1.55,31.17254,4
-1.55,31.17995,4
-1.55,31.18909,4
-0.71,31.20727,4
-0.71,31.21438,4
-0.17,31.22382,4
-0.17,31.23175,4
-0.17,31.24033,4
-0.02,31.24936,4
-0.02,31.25775,4
-0.02,31.26572,4
0.02,31.27376,4
0.02,31.28103,4
0.02,31.29004,4
0.04,31.2974,4
0.04,31.30626,4
0.04,31.31346,4
0.04,31.32193,4
0.04,31.32941,4
0.04,31.3378,4
0.04,31.34512,4
0.04,31.36394,4
0.04,31.37234,4
0.04,31.37951,4
0.04,31.38812,4
0.04,31.39467,4
0.04,31.40313,4
0.04,31.4108,4
0.04,31.4227,4
0.04,31.42941,4
0.04,31.43777,4
0.04,31.44476,4
0.04,31.45349,4
0.04,31.46112,4
0.04,31.47026,4
0.04,31.47744,4
0.04,31.48633,4
0.04,31.49276,4
0.04,31.50146,4
0.04,31.50901,4
0.04,31.51775,4
0.04,31.52522,4
0.04,31.53311,4
0.04,31.54009,4
0.04,31.54877,4
0.04,31.55694,4
0.04,31.5647,4
0.04,31.57328,4
0.04,31.58046,4
0.04,31.58919,4
0.04,31.59676,4
0.04,31.60699,4
0.04,31.61555,4
0.04,31.62961,4
0.04,31.63756,4
0.04,31.64531,4
0.04,31.65359,4
0.04,31.66096,4
0.04,31.67032,4
0.04,31.67785,4
0.04,31.68786,4
0.04,31.69431,4
0.04,31.70211,4
0.04,31.71012,4
0.04,31.71902,4
0.04,31.72648,4
0.04,31.73505,4
0.04,31.74217,4
0.04,31.75088,4
0.04,31.75874,4
0.04,31.76781,4
0.04,31.77542,4
0.04,31.7835,4
0.04,31.79099,4
0.04,31.80147,4
0.04,31.81102,4
0.04,31.82397,4
0.04,31.83259,4
0.04,31.84092,4
0.04,31.8488,4
0.04,31.85662,4
0.04,31.86536,4
0.04,31.87422,4
0.04,31.88398,4
0.04,31.89235,4
0.04,31.90229,4
0.04,31.91057,4
0.04,31.92072,4
0.04,31.92881,4
0.04,31.93805,4
0.04,31.94678,4
0.04,31.95588,4
0.04,31.96505,4
0.04,31.97374,4
0.04,31.98321,4
0.04,31.99181,4
0.04,32.00148,4
0.04,32.00964,4
0.04,32.02051,4
0.04,32.02842,4
0.04,32.03745,4
0.04,32.04539,4
0.04,32.05388,4
0.04,32.06277,4
0.04,32.07118,4
0.04,32.07949,4
0.04,32.08825,4
0.04,32.09681,4
0.04,32.10522,4
0.04,32.11358,4
0.04,32.1229,4
0.04,32.13062,4
0.04,32.13917,4
0.04,32.14788,4
0.04,32.15626,4
0.04,32.16482,4
0.04,32.17318,4
0.04,32.18205,4
0.04,32.19064,4
0.04,32.19989,4
0.04,32.2086,4
0.04,32.21649,4
0.04,32.22388,4
0.04,32.23185,4
0.04,32.24044,4
0.04,32.2484,4
0.04,32.2564,4
0.04,32.26361,4
0.04,32.27228,4
0.04,32.28043,4
0.04,32.28894,4
0.04,32.29657,4
0.04,32.30526,4
0.04,32.3125,4
0.04,32.3204,4
0.04,32.32855,4
0.04,32.33736,4
0.04,32.34511,4
0.04,32.35429,4
0.04,32.36229,4
0.04,32.37333,4
0.04,32.38359,4
0.04,32.39411,4
0.04,32.40508,4
0.04,32.41394,4
0.04,32.42407,4
0.04,32.43294,4
0.04,32.44497,4
0.04,32.45557,4
0.04,32.46289,4
0.04,32.47135,4
0.04,32.47877,4
0.04,32.48881,4
0.04,32.49834,5
0.04,32.50552,5
0.04,32.51371,5
0.04,32.52119,5
0.04,32.53035,5
0.04,32.53793,5
0.04,32.54676,5
0.04,32.55418,5
0.04,32.56303,5
0.04,32.56983,5
0.04,32.57738,5
0.04,32.58538,5
0.04,32.59417,5
0.04,32.60284,5
0.04,32.62101,5
0.04,32.62981,5
0.04,32.6377,5
0.04,32.64621,5
0.04,32.65358,5
0.04,32.66131,5
0.04,32.66917,5
0.04,32.67773,5
0.04,32.68576,5
0.04,32.69307,5
0.04,32.70134,5
0.04,32.70815,5
0.04,32.71717,5
0.04,32.72485,5
0.04,32.73336,5
0.04,32.74216,5
0.04,32.75122,5
0.04,32.75931,5
0.04,32.76802,5
0.04,32.77559,5
0.04,32.78429,5
0.04,32.79171,5
0.04,32.79986,5
0.04,32.80681,5
0.04,32.8153,5
0.04,32.82263,5
0.04,32.83182,5
0.04,32.83989,5
0.04,32.84862,5
0.04,32.85611,5
0.04,32.86484,5
0.04,32.87279,5
0.04,32.88117,5
0.04,32.88853,5
0.04,32.89656,5
0.04,32.90362,5
0.04,32.91175,5
0.04,32.91948,5
0.04,32.92808,5
0.04,32.9359,5
0.04,32.94542,5
0.04,32.95248,5
0.04,32.96207,5
0.04,32.97019,5
0.04,32.97837,5
0.04,32.98663,5
0.04,32.99587,5
0.04,33.00335,5
0.04,33.01247,5
0.04,33.02024,5
0.04,33.02963,5
0.04,33.03727,5
0.04,33.04641,5
0.04,33.05379,5
0.04,33.06295,5
0.04,33.07088,5
0.04,33.08035,5
0.04,33.08808,5
0.04,33.09636,5
0.04,33.10349,5
0.04,33.1126,5
0.04,33.12068,5
0.04,33.1287,5
0.04,33.1367,5
0.04,33.1452,5
0.04,33.15344,5
0.04,33.16199,5
0.04,33.16977,5
0.04,33.17839,5
0.04,33.18593,5
0.04,33.19524,5
0.04,33.2024,5
0.04,33.21151,5
0.04,33.21963,5
0.04,33.22791,5
0.04,33.23625,5
0.04,33.24452,5
0.04,33.25271,5
0.04,33.26124,5
0.04,33.26948,5
0.04,33.27843,5
0.04,33.28635,5
0.04,33.29581,5
0.04,33.30335,5
0.04,33.31173,5
0.04,33.31956,5
0.04,33.32759,5
0.04,33.33631,5
0.04,33.3439,5
0.04,33.35234,5
0.04,33.36081,5
0.04,33.36922,5
0.04,33.37752,5
0.04,33.39808,5
0.04,33.40608,5
0.04,33.41534,5
0.04,33.42256,5
0.04,33.43096,5
0.04,33.43824,5
0.04,33.44727,5
0.04,33.45508,5
0.04,33.46411,5
0.04,33.47116,5
0.04,33.48046,5
0.04,33.48766,5
0.04,33.49682,5
0.04,33.50822,5
0.04,33.51639,5
0.04,33.52376,5
0.04,33.53226,5
0.04,33.55145,5
0.04,33.5586,5
0.04,33.56701,5
0.04,33.57464,5
0.04,33.58406,5
0.04,33.59223,5
0.04,33.60321,5
0.04,33.6114,5
0.04,33.61965,5
0.04,33.6271,5
0.04,33.63634,5
0.04,33.64456,5
0.04,33.65314,5
0.04,33.66168,5
0.04,33.66924,5
0.04,33.67838,5
0.04,33.68699,5
0.04,33.70813,5
0.05,33.71661,5
0.05,33.72989,5
0.05,33.73801,5
0.05,33.74659,5
0.05,33.75484,5
0.05,33.76354,5
0.05,33.77028,5
0.05,33.77962,5
0.05,33.78761,5
0.05,33.79625,5
0.05,33.804,5
0.05,33.81256,5
0.05,33.82009,5
0.05,33.82827,5
0.05,33.83664,5
0.05,33.84509,5
0.05,33.86452,5
0.05,33.87184,5
0.05,33.88089,5
0.05,33.88838,5
0.05,33.89737,5
0.05,33.90389,5
0.05,33.91295,5
0.05,33.9207,5
0.05,33.92958,5
0.05,33.93718,5
0.05,33.94511,5
0.05,33.95226,5
0.05,33.96095,5
0.05,33.97002,5
0.04,33.97788,5
0.04,33.98586,5
0.04,33.99357,5
0.04,34.00198,5
0.04,34.0206,5
0.04,34.02785,5
0.04,34.03572,5
0.04,34.04337,5
0.04,34.05193,5
0.04,34.05956,5
0.04,34.06786,5
0.04,34.07537,5
0.04,34.08323,5
0.04,34.09037,5
0.04,34.09867,5
0.04,34.10599,5
0.04,34.11498,5
0.04,34.12226,5
0.04,34.13024,5
0.04,34.1377,5
0.04,34.14696,5
0.04,34.15467,5
0.04,34.16417,5
0.04,34.17142,5
0.04,34.18105,5
0.04,34.18898,5
0.04,34.19889,5
0.04,34.20623,5
0.04,34.21552,5
0.04,34.22301,5
0.03,34.23264,5
0.03,34.24038,5
0.03,34.24897,5
0.01,34.25661,5
0.01,34.26531,5
0.01,34.27324,5
0.01,34.28206,5
0,34.28999,5
0,34.29881,5
0,34.30678,5
-0.04,34.32606,5
-0.04,34.33414,5
-0.08,34.34196,5
-0.08,34.35025,5
-0.08,34.35839,5
-0.14,34.36649,5
-0.14,34.37428,5
-0.14,34.38282,5
-0.22,34.39019,5
-0.22,34.39859,5
-0.22,34.40588,5
-0.31,34.41388,5
-0.31,34.42158,5
-0.31,34.43052,5
-0.31,34.43822,5
-0.39,34.44648,5
-0.39,34.45442,5
-0.39,34.46302,5
-0.47,34.48201,5
-0.47,34.48878,5
-0.51,34.49757,5
-0.51,34.50478,5
-0.51,34.51339,5
-0.56,34.52068,5
-0.56,34.52877,5
-0.56,34.53635,5
-0.81,34.54436,5
-0.81,34.5527,5
-0.81,34.56202,5
-1.12,34.56961,5
-1.12,34.57859,5
-1.12,34.58572,5
-1.12,34.59317,5
-1.45,34.60341,5
-1.45,34.6119,5
-1.45,34.62026,5
-1.76,34.63856,5
-2.07,34.64732,5
-2.07,34.65529,5
-2.07,34.66373,5
-2.07,34.67063,5
-2.36,34.67873,5
-2.36,34.6868,5
-2.36,34.69579,5
-2.65,34.703,5
-2.65,34.71131,5
-2.65,34.71989,5
-2.89,34.72692,5
-2.89,34.73631,5
-2.89,34.74465,5
-3.1,34.75309,5
-3.1,34.76279,5
-3.1,34.77079,5
-3.28,34.78994,5
-3.28,34.79899,5
-3.46,34.8069,5
-3.46,34.8158,5
-3.46,34.82352,5
-3.69,34.83216,5
-3.69,34.84068,5
-3.69,34.84917,5
-4.07,34.85702,5
-4.07,34.86573,5
-4.07,34.87379,5
-4.63,34.88259,5
-4.63,34.89102,5
-4.63,34.89996,5
-5.22,34.90683,5
-5.22,34.9156,5
-5.22,34.92328,5
-5.62,34.94331,5
-5.62,34.95574,5
-5.99,34.96497,5
-5.99,34.97283,5
-5.99,34.98245,5
-6.34,34.98942,5
-6.34,34.99889,5
-6.34,35.00631,5
-6.54,35.01538,5
-6.54,35.02312,5
-6.54,35.03211,5
-6.81,35.0402,5
-6.81,35.04901,5
-6.81,35.05703,5
-6.89,35.06542,5
-6.89,35.07406,5
-6.68,35.0957,5
-6.68,35.10445,5
-5.85,35.11412,5
-5.85,35.12277,5
-5.85,35.13232,5
-5.85,35.13976,5
-4.44,35.14835,5
-4.44,35.15656,5
-4.44,35.16539,5
-3.16,35.17267,5
-3.16,35.1829,5
-3.16,35.19002,5
-2.44,35.19949,5
-2.44,35.20729,5
-2.44,35.21666,5
-1.94,35.22355,5
-1.94,35.2329,5
-1.5,35.25326,5
-1.5,35.26226,5
-1.5,35.2698,5
-1.45,35.27862,5
-1.45,35.28668,5
-1.47,35.29861,5
-1.47,35.30582,5
-1.47,35.31495,5
-1.47,35.3223,5
-1.59,35.33017,5
-1.59,35.33812,5
-1.59,35.34625,5
-1.75,35.35461,5
-1.75,35.36307,5
-2.06,35.37472,5
-2.06,35.38365,5
-2.56,35.40181,5
-2.56,35.40913,5
-2.56,35.41782,5
-2.56,35.42455,5
-3.33,35.43294,5
-3.33,35.44098,5
-3.33,35.44949,5
-4.06,35.45712,5
-4.06,35.46561,5
-4.06,35.47244,5
-4.88,35.48206,5
-4.88,35.48977,5
-4.88,35.49894,5
-5.62,35.50623,5
-5.62,35.51554,5
-5.62,35.52262,5
-6.08,35.53204,5
-6.08,35.54013,5
-6.31,35.55972,5
-6.31,35.56796,5
-6.31,35.57576,5
-6.15,35.58364,5
-6.15,35.59101,5
-6.15,35.59958,5
-6.15,35.60676,5
-5.64,35.61559,5
-5.64,35.62323,5
-5.64,35.6324,5
-4.63,35.64017,5
-4.63,35.64897,5
-4.63,35.65714,5
-3.38,35.66545,5
-3.38,35.67437,5
-3.38,35.68324,5
-2.46,35.69154,5
-1.84,35.71231,5
-1.84,35.71991,5
-1.84,35.72789,5
-1.84,35.73573,5
-1.32,35.74262,5
-1.32,35.7514,5
-1.32,35.76121,5
-0.93,35.76874,5
-0.93,35.77793,5
-0.93,35.78559,5
-0.93,35.79284,5
-0.93,35.80145,5
-0.93,35.80914,5
-1.11,35.81781,5
-1.11,35.8255,5
-1.11,35.8336,5
-1.11,35.84074,5
-1.5,35.8494,5
-2.3,35.86868,5
-2.3,35.87584,5
-2.3,35.88446,5
-2.3,35.89156,5
-3.45,35.90066,5
-3.45,35.90797,5
-3.45,35.91713,5
-4.55,35.92369,5
-4.55,35.93273,5
-4.55,35.94046,5
-5.4,35.94849,5
-5.4,35.95679,5
-5.4,35.96534,5
-5.78,35.97224,5
-5.78,35.98153,5
-5.78,35.98909,5
-5.78,35.99786,5
-5.89,36.00534,5
-5.63,36.02446,5
-5.63,36.03321,5
-5.63,36.04179,5
-4.82,36.05043,5
-4.82,36.05843,5
-4.82,36.06728,5
-4.82,36.07517,5
-3.66,36.0838,5
-3.66,36.09145,5
-3.66,36.10067,5
-2.34,36.10781,5
-2.34,36.11747,5
-2.34,36.12509,5
-1.5,36.13358,5
-1.5,36.14189,5
-1.5,36.15026,5
-0.87,36.1579,5
-0.87,36.17862,5
-0.59,36.18637,5
-0.59,36.19481,5
-0.59,36.20364,5
-0.6,36.2123,5
-0.6,36.22148,5
-0.6,36.23063,5
-0.73,36.2385,5
-0.73,36.24681,5
-0.73,36.25534,5
-1.17,36.26389,5
-1.17,36.27162,5
-1.17,36.28101,5
-2.4,36.28838,5
-2.4,36.298,5
-2.4,36.30565,5
-3.98,36.31421,5
-5.32,36.33781,5
-5.32,36.34698,5
-5.32,36.35497,5
-6,36.36306,5
-6,36.37082,5
-6,36.37998,5
-6,36.38766,5
-6.05,36.39726,5
-6.05,36.40546,5
-5.53,36.41594,5
-5.53,36.42453,5
-5.53,36.43353,5
-4.35,36.44102,5
-4.35,36.44983,5
-4.35,36.45834,5
-2.87,36.46779,5
-2.87,36.49164,5
-1.69,36.50021,5
-1.69,36.5078,5
-1.69,36.5175,5
-1,36.52458,5
-1,36.53264,5
-1,36.54068,5
-0.7,36.549,5
-0.7,36.55722,5
-0.7,36.56588,5
-0.77,36.57364,5
-0.77,36.58224,5
-0.77,36.59076,5
-1.28,36.59946,5
-1.28,36.60817,5
-1.28,36.61672,5
-2.65,36.62462,5
-2.65,36.6472,5
-4.22,36.65633,5
-4.22,36.66497,5
-4.22,36.67178,5
-5.62,36.6804,5
-5.62,36.68817,5
-5.62,36.69736,5
-6.44,36.70492,5
-6.44,36.71334,5
-6.44,36.72079,5
-6.76,36.72884,5
-6.76,36.737,5
-6.76,36.74564,5
-6.5,36.75285,5
-6.5,36.76188,5
-6.5,36.76955,5
-6.5,36.77843,5
-5.64,36.79786,5
-3.99,36.80492,5
-3.99,36.81361,5
-3.99,36.82204,5
-2.36,36.83049,5
-2.36,36.83856,5
-2.36,36.84723,5
-2.36,36.85426,5
-1.26,36.86277,5
-1.26,36.87021,5
-1.26,36.87933,5
-0.53,36.8863,5
-0.53,36.89553,5
-0.53,36.90276,5
-0.18,36.91032,5
-0.18,36.9193,5
-0.18,36.92666,5
-0.02,36.93606,5
-0.02,36.95478,5
0.02,36.96349,5
0.02,36.97107,5
0.02,36.97985,5
0.04,36.98695,5
0.04,36.99594,5
0.04,37.00378,5
0.04,37.01173,5
0.04,37.02001,5
0.04,37.02709,5
0.04,37.035,5
0.04,37.04282,5
0.04,37.05165,5
0.04,37.05985,5
0.04,37.06865,5
0.04,37.07645,5
0.04,37.08484,5
0.04,37.09281,5
0.04,37.11373,5
0.04,37.12075,5
0.04,37.12971,5
0.04,37.13766,5
0.04,37.14694,5
0.04,37.15514,5
0.04,37.16399,5
0.04,37.17089,5
0.04,37.18012,5
0.04,37.18797,5
0.04,37.1969,5
0.04,37.20428,5
0.04,37.21325,5
0.04,37.22093,5
0.04,37.23004,5
0.04,37.23784,5
0.04,37.24683,5
0.04,37.26752,5
0.04,37.28015,5
0.04,37.28712,5
0.04,37.29602,5
0.04,37.3031,5
0.04,37.31069,5
0.04,37.32162,5
0.04,37.33003,5
0.04,37.33777,5
0.04,37.34666,5
0.04,37.35441,5
0.04,37.36296,5
0.04,37.3708,5
0.04,37.37977,5
0.04,37.38706,5
0.04,37.39526,5
0.04,37.40338,5
0.04,37.42273,5
0.04,37.43075,5
0.04,37.43861,5
0.04,37.44785,5
0.04,37.45649,5
0.04,37.46661,5
0.04,37.47367,5
0.04,37.482,5
0.04,37.49322,5
0.04,37.5017,5
0.04,37.50942,5
0.04,37.518,5
0.04,37.52555,5
0.04,37.53349,5
0.04,37.54165,5
0.04,37.55017,5
0.04,37.5583,5
0.04,37.57798,5
0.04,37.58633,5
0.04,37.5952,5
0.04,37.60398,5
0.04,37.617,5
0.04,37.62371,5
0.04,37.63231,5
0.04,37.63973,5
0.04,37.64896,5
0.04,37.65656,5
0.04,37.66544,5
0.04,37.67465,5
0.04,37.68388,5
0.04,37.69271,5
0.04,37.70202,5
0.04,37.7126,5
0.04,37.73172,5
0.04,37.73867,5
0.04,37.74694,5
0.04,37.75458,5
0.04,37.76324,5
0.04,37.77075,5
0.04,37.77923,5
0.04,37.78722,5
0.04,37.79582,5
0.04,37.80366,5
0.04,37.8134,5
0.04,37.82128,5
0.04,37.8303,5
0.04,37.8383,5
0.04,37.84687,5
0.04,37.85466,5
0.04,37.8647,5
0.05,37.88425,5
0.05,37.89091,5
0.05,37.89956,5
0.05,37.90684,5
0.05,37.91578,5
0.05,37.92274,5
0.05,37.93097,5
0.05,37.9385,5
0.05,37.94707,5
0.05,37.9547,5
0.05,37.96335,5
0.05,37.97113,5
0.04,37.97953,5
0.04,37.98687,5
0.04,37.99508,5
0.04,38.00246,5
0.04,38.01019,5
0.04,38.01891,5
0.05,38.03767,5
0.05,38.04579,5
0.05,38.05347,5
0.05,38.06172,5
0.05,38.06908,5
0.05,38.07645,5
0.04,38.08517,5
0.04,38.0928,5
0.04,38.10313,5
0.04,38.1117,5
0.04,38.11923,5
0.04,38.12601,5
0.04,38.13469,5
0.04,38.14227,5
0.04,38.15076,5
0.04,38.15772,5
0.04,38.16645,5
0.04,38.17387,5
0.04,38.19342,5
0.04,38.20069,5
0.04,38.20865,5
0.04,38.21795,5
0.04,38.22561,5
0.04,38.23346,5
0.04,38.24068,5
0.04,38.24911,5
0.04,38.25668,5
0.05,38.2653,5
0.05,38.27231,5
0.05,38.28051,5
0.04,38.28827,5
0.04,38.29713,5
0.04,38.30586,5
0.04,38.31553,5
0.04,38.3228,5
0.04,38.33171,5
0.05,38.33933,5
0.05,38.34856,5
0.05,38.35618,5
0.05,38.36441,5
0.05,38.37181,5
0.05,38.38001,5
0.05,38.38779,5
0.05,38.39707,5
0.05,38.40481,5
0.05,38.41372,5
0.05,38.42147,5
0.05,38.4295,5
0.05,38.43749,5
0.05,38.44582,5
0.05,38.45366,5
0.05,38.4621,5
0.05,38.46957,5
0.05,38.47799,5
0.05,38.48596,5
0.05,38.50645,5
0.05,38.51488,5
0.05,38.52259,5
0.05,38.53144,5
0.05,38.53947,5
0.05,38.54809,5
0.05,38.55575,5
0.05,38.56381,5
0.05,38.57175,5
0.05,38.58035,5
0.05,38.58826,5
0.05,38.59679,5
0.05,38.6046,5
0.05,38.61325,5
0.05,38.62092,5
0.05,38.62964,5
0.05,38.6375,5
0.05,38.64981,5
0.05,38.65682,5
0.05,38.66537,5
0.05,38.67316,5
0.04,38.68259,5
0.04,38.69032,5
0.04,38.69936,5
0.04,38.70643,5
0.04,38.71517,5
0.04,38.72281,5
0.04,38.73189,5
0.04,38.7394,5
0.04,38.74795,5
0.04,38.75563,5
0.04,38.76367,5
0.04,38.77198,5
0.04,38.78147,5
0.04,38.79396,5
0.04,38.81345,5
0.04,38.82068,5
0.04,38.82904,5
0.04,38.83753,5
0.04,38.84594,5
0.04,38.85329,5
0.04,38.86204,5
0.04,38.86987,5
0.04,38.87896,5
0.04,38.88661,5
0.04,38.89529,5
0.04,38.90246,5
0.04,38.91169,5
0.04,38.92013,5
0.04,38.92881,5
0.04,38.9364,5
0.04,38.9448,5
0.04,38.95224,5
0.04,38.96044,5
0.04,38.96877,5
0.04,38.97705,5
0.04,38.98499,5
0.04,38.99273,5
0.04,39.00174,5
0.04,39.00969,5
0.04,39.01862,5
0.04,39.02643,5
0.04,39.03527,5
0.04,39.04237,5
0.04,39.05056,5
0.04,39.05856,5
0.04,39.06738,5
0.04,39.07519,5
0.04,39.08388,5
0.04,39.09126,5
0.04,39.09964,5
0.04,39.10725,5
0.04,39.11625,5
0.04,39.12381,5
0.04,39.13251,5
0.04,39.14003,5
0.04,39.14833,5
0.04,39.15644,5
0.04,39.16533,5
0.04,39.17357,5
0.04,39.18232,5
0.04,39.1893,5
0.04,39.19772,5
0.04,39.206,5
0.04,39.21631,5
0.04,39.22516,5
0.04,39.23504,5
0.04,39.24328,5
0.04,39.25305,5
0.04,39.26323,5
0.04,39.27174,5
0.04,39.28215,5
0.04,39.29117,5
0.04,39.30219,5
0.04,39.31039,5
0.04,39.31928,5
0.04,39.32654,5
0.04,39.33557,5
0.04,39.34319,5
0.04,39.35371,5
0.04,39.36246,5
0.04,39.37076,5
0.04,39.38136,5
0.04,39.39082,5
0.04,39.4019,5
0.04,39.41056,5
0.04,39.42067,5
0.04,39.4311,5
0.04,39.43912,5
0.04,39.4478,5
0.04,39.4561,5
0.04,39.46644,5
0.04,39.47488,5
0.04,39.48442,5
0.04,39.49236,5
0.04,39.50265,5
0.04,39.51144,5
0.04,39.52187,5
0.04,39.53227,5
0.04,39.54179,5
0.04,39.5518,5
0.04,39.5611,5
0.04,39.57075,5
0.04,39.58093,5
0.04,39.58981,5
0.04,39.59908,5
0.04,39.60616,5
0.04,39.61768,5
0.04,39.62705,5
0.04,39.63817,5
0.04,39.6491,5
0.04,39.65803,5
0.04,39.6675,5
0.04,39.67776,5
0.04,39.68699,5
0.04,39.69713,5
0.04,39.70661,5
0.04,39.7169,5
0.04,39.72534,5
0.04,39.73593,5
0.04,39.74515,5
0.04,39.75498,5
0.04,39.76534,5
0.04,39.77372,5
0.04,39.78465,5
0.04,39.7932,5
0.02,39.80322,5
0.02,39.8122,5
-0.04,39.8214,5
-0.04,39.83076,5
-0.04,39.83953,5
-0.18,39.84909,5
-0.18,39.85892,5
-0.18,39.86866,5
-0.42,39.89083,5
-0.86,39.90108,5
-0.86,39.91024,5
-0.86,39.92166,5
-1.22,39.93153,5
-1.22,39.94033,5
-1.55,39.95346,5
-1.55,39.96294,5
-1.55,39.97307,5
-2.12,39.98485,5
-2.12,39.99374,5
-2.71,40.00333,5
-2.71,40.01256,5
-2.71,40.02183,5
-3.34,40.04356,5
-4.05,40.0565,5
-4.05,40.06664,5
-4.05,40.07573,5
-4.71,40.0848,5
-4.71,40.0936,5
-4.71,40.10387,5
-5.45,40.11301,5
-5.45,40.12307,5
-6.13,40.1331,5
-6.13,40.14708,5
-6.13,40.15574,5
-6.79,40.16503,5
-6.79,40.17455,5
-7.45,40.19891,5
-7.45,40.20847,5
-8.04,40.219,5
-8.04,40.23022,5
-8.59,40.23993,5
-8.59,40.24966,5
-8.59,40.25799,5
-8.87,40.26736,5
-8.87,40.2762,5
-8.87,40.28576,5
-8.98,40.29399,5
-8.98,40.30418,5
-8.98,40.31352,5
-8.88,40.32141,5
-8.88,40.33097,5
-8.23,40.35104,5
-8.23,40.36043,5
-7.09,40.37001,5
-7.09,40.38079,5
-7.09,40.38898,5
-5.29,40.39804,5
-5.29,40.40605,5
-5.29,40.41566,5
-3.68,40.4236,5
-3.68,40.43314,5
-3.68,40.44194,5
-2.8,40.45102,5
-2.8,40.46169,5
-2.8,40.46962,5
-2.81,40.47923,5
-2.81,40.48776,5
-3.41,40.50877,5
-3.41,40.51803,5
-4.61,40.52645,5
-4.61,40.53595,5
-4.61,40.54419,5
-6.25,40.55238,5
-6.25,40.56117,5
-6.25,40.56978,5
-7.76,40.57894,5
-7.76,40.58721,5
-7.76,40.59734,5
-8.75,40.60641,5
-8.75,40.61553,5
-8.75,40.62357,5
-9.44,40.63271,5
-9.44,40.64165,5
-9.64,40.66252,5
-9.64,40.67151,5
-9.46,40.68305,5
-9.46,40.69075,5
-9.46,40.70022,5
-8.85,40.70745,5
-8.85,40.71746,5
-8.85,40.72541,5
-7.95,40.735,5
-7.95,40.74507,5
-7.95,40.75346,5
-6.29,40.76243,5
-6.29,40.77134,5
-6.29,40.78172,5
-4.57,40.78972,5
-4.57,40.79961,5
-3.26,40.81971,5
-3.26,40.82882,5
-2.19,40.83778,5
-2.19,40.84682,5
-2.19,40.85553,5
-1.44,40.86435,5
-1.44,40.87298,5
-1.44,40.8824,5
-0.87,40.89003,5
-0.87,40.89953,5
-0.87,40.90732,5
-0.56,40.91776,5
-0.56,40.92817,5
-0.32,40.93967,5
-0.32,40.95078,5
-0.16,40.97597,5
-0.16,40.98804,5
-0.06,40.99863,5
-0.06,41.00719,5
-0.02,41.01732,5
-0.02,41.02635,5
-0.02,41.03709,5
0,41.04764,5
0,41.05731,5
0,41.06668,5
0.01,41.07494,5
0.01,41.08558,5
0.03,41.09427,5
0.03,41.10423,5
0.04,41.12392,5
0.04,41.13405,5
0.04,41.1423,5
0.04,41.15139,5
0.04,41.16014,5
0.04,41.16886,5
0.04,41.17713,5
0.04,41.18653,5
0.04,41.19612,5
0.04,41.204,5
0.04,41.21273,5
0.04,41.22096,5
0.04,41.23016,5
0.04,41.2382,5
0.04,41.24742,5
0.04,41.25619,5
0.04,41.2765,5
0.04,41.2858,5
0.04,41.29421,5
0.04,41.30304,5
0.04,41.31425,5
0.04,41.32294,5
0.04,41.33196,5
0.04,41.34042,5
0.04,41.34907,5
0.04,41.35689,5
0.04,41.36589,5
0.04,41.37402,5
0.04,41.38457,5
0.04,41.39223,5
0.04,41.40169,5
0.04,41.41012,5
0.04,41.41924,5
0.04,41.42841,5
0.04,41.43705,5
0.04,41.44688,5
0.04,41.45555,5
0.04,41.4647,5
0.04,41.4725,5
0.04,41.48665,5
0.04,41.4953,5
0.04,41.50386,5
0.04,41.51264,5
0.04,41.52102,5
0.04,41.52943,5
0.04,41.53777,5
0.04,41.54675,5
0.04,41.5552,5
0.04,41.56443,5
0.04,41.58408,5
0.04,41.59135,5
0.04,41.5997,5
0.04,41.60701,5
0.04,41.61536,5
0.04,41.623,5
0.04,41.63211,5
0.04,41.63948,5
0.04,41.6485,5
0.04,41.65609,5
0.04,41.66436,5
0.04,41.67229,5
0.04,41.68118,5
0.04,41.6888,5
0.04,41.6976,5
0.04,41.70499,5
0.04,41.71284,5
0.04,41.72087,5
0.04,41.74049,5
0.04,41.74821,5
0.04,41.75664,5
0.04,41.76514,5
0.04,41.77278,5
0.04,41.78127,5
0.04,41.7888,5
0.05,41.79726,5
0.05,41.80528,5
0.05,41.81489,5
0.04,41.82289,5
0.04,41.83212,5
0.04,41.8404,5
0.05,41.84867,5
0.05,41.85721,5
0.05,41.86591,5
0.05,41.87413,5
0.05,41.8936,5
0.05,41.90162,5
0.05,41.91002,5
0.05,41.91881,5
0.05,41.92668,5
0.05,41.93489,5
0.05,41.94387,5
0.06,41.95243,5
0.06,41.96072,5
0.06,41.96902,5
0.06,41.97673,5
0.06,41.98491,5
0.06,41.99277,5
0.06,42.00219,5
0.05,42.00975,5
0.05,42.01847,5
0.05,42.02625,5
0.06,42.04665,5
0.06,42.05411,5
0.06,42.0641,5
0.06,42.07105,5
0.06,42.08035,5
0.06,42.08772,5
0.06,42.09693,5
0.06,42.10434,5
0.05,42.11272,5
0.05,42.12018,5
0.05,42.12945,5
0.05,42.13721,5
0.05,42.14631,5
0.05,42.15451,5
0.05,42.16256,5
0.05,42.16979,5
0.05,42.17892,5
0.05,42.19813,5
0.05,42.20564,5
0.05,42.21668,5
0.05,42.22684,5
0.05,42.23802,5
0.05,42.24849,5
0.05,42.25864,5
0.05,42.26913,5
0.05,42.27724,5
0.05,42.28739,5
0.05,42.29827,5
0.05,42.30585,5
0.05,42.31493,5
0.05,42.32173,5
0.05,42.33108,5
0.05,42.35068,5
0.05,42.35799,5
0.05,42.36658,5
0.05,42.37519,5
0.05,42.38395,5
0.05,42.39108,5
0.05,42.3995,5
0.05,42.40648,5
0.05,42.4153,5
0.05,42.42294,5
0.05,42.43203,5
0.05,42.44014,5
0.05,42.44876,5
0.05,42.45632,5
0.05,42.46631,5
0.05,42.4751,5
0.05,42.4839,5
0.05,42.4915,5
0.05,42.50115,5
0.05,42.50879,5
0.05,42.51758,5
0.05,42.52528,5
0.05,42.53437,5
0.05,42.5421,5
0.05,42.55055,5
0.05,42.55982,5
0.05,42.56866,5
0.05,42.58117,5
0.05,42.58893,5
0.05,42.59782,5
0.05,42.60543,5
0.05,42.61434,5
0.05,42.62233,5
0.04,42.6324,5
0.04,42.64049,5
0.04,42.65997,5
0.04,42.66819,5
0.04,42.67713,5
0.04,42.6874,5
0.04,42.69603,5
0.04,42.70358,5
0.04,42.71202,5
0.04,42.72036,5
0.04,42.72916,5
0.04,42.73739,5
0.04,42.7514,5
0.04,42.75928,5
0.04,42.77539,5
0.04,42.78349,5
0.04,42.79146,5
0.04,42.80032,5
0.04,42.80868,5
0.04,42.81726,5
0.04,42.82465,5
0.04,42.8325,5
0.04,42.84114,5
0.04,42.8504,5
0.04,42.85807,5
0.04,42.86677,5
0.04,42.87489,5
0.04,42.88267,5
0.04,42.89082,5
0.04,42.89981,5
0.04,42.90756,5
0.04,42.91628,5
0.04,42.92346,5
0.04,42.93159,5
0.04,42.9396,5
0.04,42.94838,5
0.04,42.95639,5
0.04,42.96533,5
0.04,42.97242,5
0.04,42.98141,5
0.04,42.98933,5
0.04,42.99851,5
0.04,43.00608,5
0.04,43.01497,5
0.04,43.02201,5
0.04,43.03033,5
0.04,43.0383,5
0.04,43.0472,5
0.04,43.05513,5
0.04,43.06425,5
0.04,43.0715,5
0.04,43.08051,5
0.04,43.08844,5
0.02,43.09732,5
0.02,43.10534,5
-0.03,43.125,5
-0.03,43.13351,5
-0.03,43.14188,5
-0.17,43.15035,5
-0.17,43.15767,5
-0.17,43.16634,5
-0.17,43.17416,5
-0.44,43.18301,5
-0.44,43.19059,5
-0.83,43.20056,5
-0.83,43.2076,5
-0.83,43.21606,5
-0.83,43.22335,5
-1.3,43.23261,5
-1.3,43.24035,5
-1.3,43.24982,5
-1.72,43.25737,5
-1.72,43.27737,5
-2.06,43.28525,5
-2.06,43.29278,5
-2.06,43.30175,5
-2.96,43.30996,5
-2.96,43.31948,5
-2.96,43.32745,5
-3.81,43.3363,5
-3.81,43.34478,5
-3.81,43.35283,5
-4.77,43.36143,5
-4.77,43.37037,5
-4.77,43.37932,5
-6.07,43.38715,5
-6.07,43.39653,5
-6.07,43.40408,5
-7.1,43.41272,5
-7.1,43.43253,5
-7.97,43.44004,5
-7.97,43.44918,5
-7.97,43.45751,5
-8.71,43.46609,5
-8.71,43.47448,5
-8.71,43.48384,5
-9.3,43.49069,5
-9.3,43.50099,5
-9.3,43.5086,5
-9.74,43.51763,5
-9.74,43.52574,5
-9.74,43.53452,5
-9.88,43.54191,5
-9.88,43.55079,5
-9.88,43.55966,5
-9.78,43.56821,5
-9.78,43.58776,5
-9.37,43.5967,5
-9.37,43.60454,5
-9.37,43.61331,5
-8.28,43.62144,5
-8.28,43.62931,5
-8.28,43.63776,5
-6.67,43.64607,5
-6.67,43.65429,5
-6.67,43.6626,5
-4.76,43.66985,5
-4.76,43.67839,5
-4.76,43.68642,5
-3.29,43.69553,5
-3.29,43.70321,5
-3.29,43.71148,5
-3.29,43.71964,5
-1.85,43.73833,5
-0.96,43.74747,5
-0.96,43.755,5
-0.96,43.76315,5
-0.96,43.77044,5
-0.35,43.77903,5
-0.35,43.78672,5
-0.35,43.79588,5
-0.09,43.80396,5
-0.09,43.81408,5
-0.09,43.82204,5
-0.02,43.83205,5
-0.02,43.84032,5
-0.02,43.8488,5
0.02,43.85707,5
0.02,43.86617,5
0.04,43.87906,5
0.04,43.89855,5
0.04,43.9057,5
0.04,43.9141,5
0.04,43.92155,5
0.04,43.9297,5
0.04,43.93741,5
0.04,43.94607,5
0.04,43.95366,5
0.04,43.96289,5
0.04,43.97035,5
0.04,43.98023,5
0.04,43.98756,5
0.04,43.99643,5
0.04,44.00399,5
0.04,44.01309,5
0.04,44.02117,5
0.04,44.03021,5
0.04,44.05452,5
0.04,44.06282,5
0.04,44.07083,5
0.04,44.0793,5
0.04,44.0864,5
0.04,44.09394,5
0.04,44.1023,5
0.04,44.11013,5
0.04,44.11895,5
0.04,44.12659,5
0.04,44.13505,5
0.04,44.1419,5
0.04,44.15075,5
0.04,44.15862,5
0.05,44.16772,5
0.05,44.17581,5
0.05,44.18465,5
0.05,44.20376,5
0.05,44.21199,5
0.05,44.22002,5
0.05,44.228,5
0.05,44.23706,5
0.05,44.24596,5
0.05,44.2538,5
0.05,44.26348,5
0.05,44.27099,5
0.05,44.27991,5
0.05,44.28811,5
0.06,44.29703,5
0.06,44.30502,5
0.06,44.31406,5
0.06,44.32149,5
0.06,44.33025,5
0.06,44.33876,5
0.06,44.35825,5
0.06,44.3666,5
0.06,44.37531,5
0.06,44.38401,5
0.06,44.39202,5
0.07,44.40092,5
0.07,44.40824,5
0.07,44.417,5
0.06,44.42454,5
0.06,44.43385,5
0.06,44.44178,5
0.06,44.45075,5
0.06,44.45881,5
0.06,44.467,5
0.05,44.47554,5
0.05,44.48472,5
0.05,44.49359,5
0.05,44.51347,5
0.05,44.52086,5
0.05,44.5295,5
0.05,44.53726,5
0.05,44.54544,5
0.05,44.55273,5
0.05,44.56152,5
0.05,44.56985,5
0.05,44.57858,5
0.05,44.58628,5
0.05,44.59485,5
0.05,44.6025,5
0.05,44.61065,5
0.05,44.61961,5
0.05,44.62786,5
0.05,44.63676,5
0.05,44.64513,5
0.05,44.66453,5
0.05,44.67165,5
0.05,44.68045,5
0.05,44.68767,5
0.05,44.69663,5
0.05,44.7043,5
0.05,44.71285,5
0.05,44.72057,5
0.05,44.72891,5
0.05,44.73633,5
0.05,44.74503,5
0.05,44.75395,5
0.05,44.76321,5
0.05,44.77089,5
0.05,44.77987,5
0.05,44.78682,5
0.05,44.79563,5
0.05,44.80329,5
0.05,44.81148,5
0.04,44.81892,5
0.04,44.82607,5
0.04,44.83419,5
0.04,44.84257,5
0.04,44.85096,5
0.04,44.85917,5
0.04,44.86765,5
0.04,44.87569,5
0.04,44.88406,5
0.04,44.89213,5
0.04,44.90063,5
0.04,44.90903,5
0.04,44.9172,5
0.04,44.92534,5
0.04,44.93398,5
0.04,44.94209,5
0.04,44.95068,5
0.04,44.96954,5
0.04,44.97662,5
0.04,44.98523,5
0.04,44.99398,5
0.04,45.00345,5
0.04,45.01117,5
0.04,45.0195,5
0.04,45.02668,5
0.04,45.03648,5
0.04,45.0437,5
0.04,45.05199,5
0.04,45.05993,5
0.04,45.06818,5
0.04,45.07531,5
0.04,45.08381,5
0.04,45.0909,5
0.04,45.09943,5
0.04,45.10689,5
0.04,45.12669,5
0.04,45.13432,5
0.04,45.1414,5
0.04,45.14936,5
0.04,45.16063,5
0.04,45.16881,5
0.04,45.17651,5
0.04,45.185,5
0.04,45.19252,5
0.04,45.20169,5
0.05,45.20966,5
0.05,45.2183,5
0.05,45.22565,5
0.04,45.23425,5
0.04,45.24168,5
0.04,45.25014,5
0.04,45.25744,5
0.04,45.26573,5
0.04,45.27346,5
0.04,45.28238,5
0.04,45.28954,5
0.04,45.29879,5
0.04,45.30578,5
0.04,45.3154,5
0.04,45.32751,5
0.04,45.33522,5
0.04,45.3428,5
0.04,45.35136,5
0.04,45.35882,5
0.04,45.36724,5
0.04,45.37542,5
0.04,45.38427,5
-0.02,45.39185,5
-0.02,45.40017,5
-0.02,45.40716,5
-0.15,45.4161,5
-0.15,45.43503,5
-0.43,45.44209,5
-0.43,45.44986,5
-0.43,45.45794,5
-0.82,45.4668,5
-0.82,45.47398,5
-0.82,45.48297,5
-1.19,45.48975,5
-1.19,45.49924,5
-1.19,45.51153,5
-1.48,45.51867,5
-1.48,45.52636,5
-1.48,45.53476,5
-1.64,45.54193,5
-1.64,45.55041,5
-1.64,45.55875,5
-2.28,45.56764,5
-2.28,45.58683,5
-2.9,45.59494,5
-2.9,45.60319,5
-2.9,45.61148,5
-3.36,45.61897,5
-3.36,45.62677,5
-3.36,45.63565,5
-3.36,45.6431,5
-3.76,45.65168,5
-3.76,45.66119,5
-3.76,45.6692,5
-4.2,45.67815,5
-4.2,45.68673,5
-4.2,45.69598,5
-4.59,45.70346,5
-4.59,45.71378,5
-4.59,45.72197,5
-4.83,45.74136,5
-4.85,45.75054,5
-4.85,45.75845,5
-4.85,45.76618,5
-4.85,45.77374,5
-4.67,45.78278,5
-4.67,45.79028,5
-4.67,45.79893,5
-4.19,45.80585,5
-4.19,45.81451,5
-4.19,45.82223,5
-3.43,45.83049,5
-3.43,45.839,5
-3.43,45.84729,5
-2.37,45.85537,5
-2.37,45.86356,5
-2.37,45.8716,5
-1.66,45.8807,5
-1.66,45.90069,5
-1.15,45.90841,5
-1.15,45.91817,5
-1.15,45.92554,5
-0.87,45.93383,5
-0.87,45.94199,5
-0.87,45.95096,5
-0.91,45.95886,5
-0.91,45.96823,5
-0.91,45.97656,5
-1.59,45.98494,5
-1.59,45.99252,5
-1.59,46.00122,5
-2.92,46.00904,5
-2.92,46.01841,5
-2.92,46.02604,5
-4.33,46.03481,5
-4.33,46.05458,5
-5.18,46.0635,5
-5.18,46.07164,5
-5.18,46.08087,5
-5.43,46.08806,5
-5.43,46.09747,5
-5.43,46.10501,5
-5.18,46.11444,5
-5.18,46.12238,5
-5.18,46.13123,5
-4.3,46.13872,5
-4.3,46.14779,5
-4.3,46.15641,5
-2.64,46.16481,5
-2.64,46.17274,5
-2.64,46.18205,5
-2.64,46.18912,5
-1.16,46.20935,5
-0.34,46.21762,5
-0.34,46.22466,5
-0.34,46.23344,5
-0.34,46.24107,5
-0.09,46.24944,5
-0.09,46.25777,5
-0.09,46.26598,5
-0.01,46.27351,5
-0.01,46.28204,5
-0.01,46.2898,5
0.03,46.29887,5
0.03,46.30629,5
0.03,46.31607,5
0.04,46.32304,5
0.04,46.33208,5
0.04,46.34004,5
0.04,46.35836,5
0.04,46.36651,5
0.04,46.37399,5
0.04,46.38235,5
0.04,46.38959,5
0.04,46.39832,5
0.04,46.40545,5
0.04,46.414,5
0.04,46.42161,5
0.04,46.42956,5
0.04,46.43736,5
0.04,46.44559,5
0.04,46.45584,5
0.04,46.46471,5
0.04,46.47199,5
0.04,46.48064,5
0.04,46.48802,5
0.04,46.49684,5
0.04,46.51524,5
0.04,46.52235,5
0.04,46.53022,5
0.04,46.5379,5
0.04,46.54607,5
0.04,46.55356,5
0.04,46.56187,5
0.04,46.56924,5
0.04,46.57705,5
0.04,46.58474,5
0.04,46.59223,5
0.04,46.60132,5
0.04,46.60905,5
0.04,46.61904,5
0.04,46.6317,5
0.04,46.63824,5
0.04,46.64723,5
0.04,46.65479,5
0.04,46.66357,5
0.04,46.67081,5
0.04,46.67952,5
0.04,46.68664,5
0.04,46.69499,5
0.04,46.70245,5
0.04,46.70988,5
0.04,46.71846,5
0.04,46.72599,5
0.04,46.73392,5
0.04,46.74158,5
0.04,46.74962,5
0.04,46.7574,5
0.04,46.76545,5
0.04,46.7725,5
0.04,46.78234,5
0.04,46.78984,5
0.04,46.7993,5
0.04,46.80704,5
0.04,46.81543,5
0.04,46.82237,5
0.04,46.83006,5
0.04,46.83753,5
0.04,46.84698,5
