0,0.0154173,1
0,0.0287169,1
0,0.0399041,1
0,0.0516823,1
0,0.0631164,1
0,0.0755491,1
0,0.09052961,1
0,0.1048733,1
0,0.1190546,1
0,0.1310309,1
0,0.142353,1
0,0.1538508,1
0,0.165887,1
0,0.1800782,1
0,0.1911091,1
0,0.2037623,1
0,0.2168165,1
0,0.2277856,1
0,0.2401965,1
0,0.251079,1
0,0.2625995,1
0,0.273575,1
0,0.2848905,1
0,0.2961688,1
0,0.3078423,1
0,0.3196468,1
0,0.3328331,1
0,0.3451461,1
0,0.3568473,1
0,0.3700515,1
0,0.3831553,1
0,0.3963122,1
0,0.4084653,1
0,0.4208127,1
0,0.4374689,1
0,0.450546,1
0,0.4613987,1
0,0.4728035,1
0,0.4864804,1
0,0.4989729,1
0,0.5127466,1
0,0.5399633,1
0,0.5592516,1
0,0.5742666,1
0,0.5879965,1
0,0.6008582,1
0,0.6134786,1
0,0.6249725,1
0,0.6375868,1
0,0.6508631,1
0,0.6644681,1
0,0.6751338,1
0,0.6876135,1
0,0.7088568,1
0,0.7299536,1
0,0.7421749,1
0,0.7660458,1
0,0.7929105,1
0,0.8093824,1
0,0.8217309,1
0,0.8357531,1
0,0.849394,1
0,0.8832712,1
0,0.9005673,1
0,0.919091,1
0,0.9305893,1
0,0.9412277,1
0,0.9532695,1
0,0.9653509,1
0,0.9762497,1
0,0.9879727,1
0,1.003333,1
-0.01,1.017717,1
-0.02,1.03675,1
-0.02,1.050831,1
-0.03,1.066288,1
-0.03,1.075914,1
-0.04,1.087181,1
-0.04,1.099178,1
-0.08,1.112739,1
-0.08,1.123124,1
-0.08,1.134516,1
-0.13,1.155035,1
-0.18,1.168247,1
-0.18,1.178696,1
-0.18,1.189388,1
-0.22,1.200657,1
-0.22,1.211264,1
-0.26,1.224728,1
-0.26,1.235937,1
-0.29,1.250705,1
-0.29,1.260883,1
-0.31,1.27431,1
-0.31,1.290916,1
-0.31,1.314465,1
-0.26,1.328773,1
-0.26,1.33873,1
-0.2,1.350283,1
-0.2,1.364505,1
-0.18,1.373051,1
-0.18,1.383612,1
-0.18,1.392005,1
-0.26,1.402435,1
-0.26,1.411446,1
-0.26,1.420908,1
-0.35,1.432911,1
-0.35,1.443611,1
-0.44,1.463776,1
-0.44,1.473078,1
-0.6,1.482393,1
-0.6,1.491814,1
-0.87,1.503635,1
-0.87,1.515222,1
-0.87,1.526169,1
-1.32,1.537382,1
-1.32,1.547646,1
-1.84,1.55549,1
-1.84,1.564879,1
-1.84,1.573009,1
-2.55,1.582751,1
-2.55,1.591072,1
-2.55,1.600862,1
-3.53,1.61956,1
-3.53,1.62929,1
-4.49,1.637565,1
-4.49,1.648327,1
-4.49,1.65665,1
-5.36,1.666746,1
-5.36,1.675242,1
-6.41,1.685493,1
-6.41,1.694051,1
-6.41,1.703593,1
-7.28,1.711976,1
-7.28,1.721921,1
-7.28,1.731453,1
-7.59,1.739991,1
-7.59,1.750138,1
-7.59,1.758598,1
-7.19,1.776959,1
-5.66,1.79015,1
-5.66,1.799791,1
-5.66,1.809151,1
-3.43,1.820022,1
-3.43,1.832012,1
-1.85,1.841328,1
-1.85,1.850643,1
-1.85,1.85904,1
-0.78,1.869299,1
-0.78,1.877924,1
-0.78,1.887815,1
-0.26,1.896999,1
-0.26,1.906133,1
-0.26,1.916688,1
-0.18,1.935537,1
-0.17,1.945894,1
-0.17,1.954828,1
-0.17,1.965451,1
-0.16,1.974432,1
-0.16,1.985454,1
-0.16,1.995125,1
-0.21,2.005588,1
-0.21,2.016492,1
-0.25,2.026454,1
-0.25,2.040756,1
-0.49,2.05128,1
-0.49,2.060419,1
-0.49,2.070625,1
-1.02,2.088118,1
-1.02,2.098751,1
-1.81,2.107596,1
-1.81,2.117101,1
-1.81,2.1261,1
-2.86,2.135394,1
-2.86,2.145511,1
-4.18,2.154213,1
-4.18,2.164858,1
-4.18,2.173836,1
-5.42,2.183439,1
-5.42,2.192147,1
-5.42,2.201986,1
-6.5,2.210727,1
-6.5,2.220003,1
-7.57,2.230447,1
-7.57,2.24972,1
-8.36,2.258545,1
-8.36,2.26983,1
-8.36,2.278103,1
-8.94,2.287494,1
-8.94,2.296062,1
-8.94,2.304746,1
-9.36,2.313558,1
-9.36,2.322642,1
-9.36,2.331792,1
-9.65,2.340642,1
-9.65,2.349884,1
-9.65,2.357637,1
-9.39,2.366641,1
-9.39,2.374378,1
-9.39,2.384399,1
-7.77,2.40188,1
-7.77,2.410728,1
-5.58,2.421619,1
-5.58,2.432701,1
-3.51,2.443015,1
-3.51,2.451745,1
-3.51,2.460483,1
-1.87,2.469114,1
-1.87,2.477316,1
-1.87,2.487014,1
-0.75,2.495922,1
-0.75,2.504976,1
-0.75,2.514397,1
-0.25,2.522833,1
-0.25,2.532002,1
-0.25,2.540472,1
-0.14,2.557722,1
-0.14,2.567197,1
-0.12,2.575428,1
-0.12,2.585564,1
-0.09,2.594561,1
-0.09,2.604669,1
-0.09,2.61672,1
-0.08,2.62662,1
-0.08,2.636309,1
-0.06,2.647419,1
-0.06,2.656498,1
-0.06,2.666021,1
-0.04,2.674096,1
-0.04,2.683666,1
-0.04,2.692474,1
-0.04,2.711627,1
-0.04,2.721015,1
-0.03,2.729829,1
-0.03,2.739198,1
-0.03,2.749455,1
-0.03,2.757525,1
-0.03,2.767026,1
-0.03,2.775229,1
-0.02,2.785495,1
-0.02,2.794508,1
-0.02,2.804044,1
-0.02,2.813298,1
-0.02,2.822265,1
-0.02,2.832605,1
-0.02,2.84337,1
-0.01,2.861611,1
-0.01,2.87083,1
-0.01,2.880316,1
-0.01,2.889777,1
-0.01,2.899219,1
-0.01,2.907955,1
-0.01,2.917042,1
-0.01,2.926041,1
-0.01,2.936041,1
-0.01,2.946645,1
-0.01,2.95554,1
-0.01,2.966023,1
-0.01,2.974581,1
-0.01,2.984172,1
-0.01,2.99272,1
-0.01,3.003944,1
-0.01,3.021798,1
-0.01,3.031502,1
-0.01,3.040247,1
-0.01,3.050541,1
-0.01,3.058594,1
-0.01,3.070308,1
-0.01,3.079014,1
-0.01,3.090445,1
-0.01,3.102791,1
-0.01,3.115777,1
-0.01,3.126352,1
-0.01,3.13594,1
-0.01,3.145941,1
-0.01,3.158214,1
-0.01,3.180738,1
-0.01,3.192758,1
-0.01,3.204884,1
-0.01,3.214722,1
-0.01,3.225166,1
-0.01,3.235752,1
-0.01,3.244545,1
-0.01,3.254073,1
-0.01,3.263549,1
-0.01,3.272869,1
-0.01,3.282653,1
-0.01,3.290747,1
-0.01,3.300168,1
-0.01,3.308594,1
-0.01,3.317811,1
-0.01,3.327028,1
-0.01,3.336639,1
-0.01,3.348167,1
-0.01,3.356511,1
-0.01,3.366589,1
-0.02,3.375149,1
-0.02,3.386081,1
-0.02,3.39888,1
-0.04,3.407564,1
-0.04,3.418165,1
-0.07,3.42827,1
-0.07,3.438547,1
-0.07,3.449478,1
-0.17,3.458038,1
-0.17,3.468223,1
-0.44,3.487922,1
-0.44,3.498208,1
-0.8,3.507195,1
-0.8,3.516902,1
-0.8,3.525765,1
-1.56,3.534863,1
-1.56,3.544431,1
-1.56,3.553788,1
-2.76,3.563342,1
-2.76,3.572349,1
-4.27,3.582783,1
-4.27,3.592795,1
-4.27,3.603977,1
-5.55,3.613202,1
-5.55,3.623678,1
-6.31,3.643117,1
-6.31,3.658128,1
-6.37,3.668841,1
-6.37,3.677748,1
-5.65,3.688171,1
-5.65,3.698277,1
-5.65,3.707294,1
-3.81,3.716362,1
-3.81,3.726195,1
-3.81,3.735787,1
-1.79,3.74529,1
-1.79,3.754512,1
-0.72,3.76502,1
-0.72,3.773474,1
-0.72,3.784241,1
-0.23,3.803287,1
-0.23,3.812845,1
-0.11,3.821697,1
-0.11,3.83292,1
-0.09,3.842475,1
-0.09,3.851839,1
-0.09,3.861091,1
-0.09,3.870352,1
-0.09,3.879852,1
-0.09,3.888913,1
-0.11,3.898216,1
-0.11,3.907582,1
-0.11,3.917418,1
-0.16,3.92633,1
-0.16,3.935968,1
-0.4,3.953884,1
-0.4,3.963444,1
-0.74,3.97196,1
-0.74,3.982933,1
-0.74,3.991247,1
-1.37,4.000072,1
-1.37,4.009212,1
-1.37,4.018314,1
-2.31,4.027245,1
-2.31,4.036444,1
-2.31,4.045472,1
-3.55,4.054199,1
-3.55,4.064138,1
-3.55,4.072206,1
-5.23,4.081725,1
-5.23,4.091002,1
-6.41,4.109203,1
-6.41,4.119936,1
-7.38,4.129694,1
-7.38,4.138477,1
-7.38,4.148423,1
-7.95,4.156486,1
-7.95,4.166667,1
-7.95,4.174751,1
-8.01,4.184613,1
-8.01,4.193762,1
-8.01,4.204062,1
-8.25,4.212474,1
-8.25,4.223131,1
-8.39,4.233035,1
-8.39,4.243084,1
-8.08,4.262653,1
-8.08,4.272036,1
-8.08,4.282972,1
-6.32,4.291275,1
-6.32,4.301525,1
-3.46,4.310709,1
-3.46,4.320166,1
-3.46,4.329596,1
-1.39,4.338319,1
-1.39,4.348717,1
-1.39,4.357712,1
-0.4,4.367508,1
-0.4,4.37625,1
-0.4,4.386171,1
-0.15,4.394487,1
-0.11,4.414871,1
-0.11,4.423663,1
-0.11,4.433216,1
-0.17,4.441578,1
-0.17,4.451498,1
-0.17,4.461894,1
-0.46,4.470611,1
-0.46,4.480397,1
-0.46,4.490208,1
-1.1,4.499498,1
-1.1,4.508663,1
-1.1,4.517853,1
-2.25,4.527002,1
-2.25,4.536231,1
-4.19,4.545817,1
-4.19,4.566098,1
-6.35,4.575179,1
-6.35,4.585204,1
-6.35,4.593688,1
-8,4.603838,1
-8,4.613471,1
-9.2,4.623319,1
-9.2,4.633531,1
-9.2,4.642896,1
-10.05,4.65204,1
-10.05,4.662708,1
-10.05,4.671317,1
-10.64,4.681344,1
-10.64,4.690999,1
-11.04,4.700254,1
-11.04,4.719863,1
-11.28,4.729165,1
-11.28,4.738431,1
-11.28,4.748217,1
-11.54,4.756279,1
-11.54,4.766513,1
-11.54,4.774971,1
-11.94,4.78514,1
-11.94,4.794705,1
-12.2,4.804484,1
-12.2,4.814524,1
-12.2,4.825788,1
-12.45,4.836039,1
-12.45,4.845448,1
-12.45,4.855192,1
-12.72,4.873641,1
-12.67,4.883348,1
-12.67,4.89146,1
-12.67,4.901263,1
-12.75,4.910025,1
-12.75,4.920157,1
-12.75,4.929471,1
-12.8,4.938158,1
-12.8,4.948161,1
-12.8,4.956474,1
-12.94,4.965934,1
-12.94,4.974759,1
-12.94,4.984313,1
-13.01,4.992636,1
-13.01,5.00225,1
-13.01,5.011298,1
-13.02,5.032852,1
-13.04,5.04221,1
-13.04,5.051795,1
-13.04,5.06065,1
-13.14,5.069282,1
-13.14,5.077846,1
-13.14,5.087626,1
-12.61,5.09681,1
-12.61,5.105883,1
-9.33,5.116143,1
-9.33,5.125373,1
-9.33,5.134264,1
-4.77,5.142624,1
-4.77,5.151564,1
-4.77,5.160418,1
-1.66,5.168809,1
-1.66,5.187746,1
-0.32,5.197321,1
-0.32,5.206689,1
-0.32,5.216368,1
-0.03,5.225932,1
-0.03,5.23596,1
0,5.246327,1
0,5.255371,1
0,5.269823,1
0,5.278753,1
0,5.287895,1
0,5.297007,1
0,5.305542,1
0,5.315852,1
0,5.324082,1
0,5.343919,1
0,5.353397,1
0,5.363221,1
0,5.371943,1
0,5.382256,1
0,5.39065,1
0,5.400023,1
0,5.408535,1
0,5.417634,1
0,5.426545,1
0,5.435756,1
0,5.44472,1
0,5.454004,1
0,5.464404,1
0,5.472706,1
0,5.482205,1
0,5.490481,1
0,5.499699,1
0,5.508048,1
0,5.51719,1
0,5.525654,1
0,5.535113,1
0,5.543569,1
0,5.552413,1
0,5.560956,1
0,5.569911,1
0,5.578757,1
0,5.587613,1
0,5.597467,1
0,5.608322,1
0,5.617649,1
0,5.627121,1
0,5.636186,1
0,5.65566,1
0,5.666159,1
0,5.675336,1
0,5.685394,1
0,5.693704,1
0,5.703526,1
0,5.713814,1
0,5.725367,1
0,5.735054,1
0,5.743996,1
0,5.753628,1
0,5.763002,1
-0.01,5.771799,1
-0.01,5.781561,1
-0.01,5.790159,1
-0.03,5.808162,1
-0.03,5.817849,1
-0.2,5.827664,1
-0.2,5.838188,1
-0.85,5.848567,1
-0.85,5.856947,1
-0.85,5.866337,1
-2.23,5.874882,1
-2.23,5.884338,1
-2.23,5.893241,1
-4.36,5.902041,1
-4.36,5.911057,1
-4.36,5.920728,1
-6.38,5.929868,1
-6.38,5.938536,1
-7.84,5.94883,1
-7.84,5.966936,1
-9.02,5.976005,1
-9.02,5.985498,1
-9.02,5.993935,1
-10.01,6.003779,1
-10.01,6.013304,1
-10.01,6.022503,1
-10.69,6.031821,1
-10.69,6.041422,1
-10.69,6.051424,1
-11.32,6.060126,1
-11.32,6.070086,1
-11.71,6.07874,1
-11.71,6.088184,1
-11.71,6.096923,1
-11.96,6.106297,1
-11.96,6.124855,1
-12.38,6.135286,1
-12.38,6.144571,1
-12.38,6.154006,1
-12.54,6.163604,1
-12.54,6.172354,1
-12.54,6.182156,1
-12.72,6.189907,1
-12.72,6.199657,1
-12.95,6.208858,1
-12.95,6.219517,1
-12.95,6.228419,1
-13.1,6.236876,1
-13.1,6.246561,1
-13.1,6.254861,1
-13.27,6.264241,1
-13.27,6.282403,1
-13.3,6.2911,1
-13.3,6.300361,1
-13.3,6.309127,1
-13.24,6.317986,1
-13.24,6.329417,1
-13.22,6.337973,1
-13.22,6.347908,1
-13.22,6.356208,1
-12.99,6.365976,1
-12.99,6.374487,1
-12.99,6.38381,1
-11.8,6.392132,1
-11.8,6.402186,1
-11.8,6.410548,1
-8.17,6.419625,1
-8.17,6.438078,1
-6.93,6.448048,1
-6.93,6.456207,1
-6.93,6.466117,1
-6.57,6.47441,1
-6.57,6.484006,1
-6.57,6.49221,1
-5.64,6.501091,1
-5.64,6.50993,1
-5.64,6.518781,1
-3.83,6.52782,1
-3.83,6.537019,1
-1.94,6.547305,1
-1.94,6.555674,1
-1.94,6.56575,1
-0.94,6.573917,1
-0.94,6.59194,1
-0.42,6.60118,1
-0.42,6.609192,1
-0.42,6.617912,1
-0.24,6.62647,1
-0.24,6.638165,1
-0.24,6.648798,1
-0.18,6.656581,1
-0.18,6.66684,1
-0.18,6.674866,1
-0.14,6.683485,1
-0.14,6.691235,1
-0.14,6.700073,1
-0.11,6.708463,1
-0.11,6.717693,1
-0.11,6.727948,1
-0.06,6.747759,1
-0.04,6.756382,1
-0.04,6.766407,1
-0.04,6.774445,1
-0.03,6.783809,1
-0.03,6.792574,1
-0.03,6.802265,1
-0.03,6.811167,1
-0.03,6.821794,1
-0.02,6.834931,1
-0.02,6.844824,1
-0.02,6.854821,1
-0.02,6.865086,1
-0.02,6.874576,1
-0.01,6.888921,1
-0.01,6.908625,1
-0.01,6.91912,1
-0.01,6.928107,1
-0.01,6.937591,1
-0.01,6.947777,1
-0.01,6.956046,1
0,6.965462,1
0,6.974143,1
0,6.984674,1
0,6.992882,1
0,7.002452,1
0,7.01069,1
0,7.020247,1
0,7.029695,1
0,7.038305,1
0,7.049189,1
0,7.06838,1
0,7.077128,1
0,7.086663,1
0,7.09565,1
0,7.105093,1
0,7.114563,1
0,7.123291,1
0,7.132986,1
0,7.141572,1
0,7.15091,1
0,7.159355,1
0,7.169459,1
0,7.179352,1
0,7.188442,1
0,7.198239,1
0,7.206405,1
0,7.214938,1
0,7.223188,1
0,7.232126,1
0,7.240414,1
0,7.249196,1
0,7.257427,1
0,7.266362,1
0,7.274411,1
0,7.283345,1
0,7.29196,1
0,7.301074,1
0,7.309504,1
0,7.318893,1
0,7.327902,1
0,7.336565,1
0,7.345431,1
0,7.353877,1
0,7.362763,1
0,7.370656,1
0,7.379653,1
0,7.387954,1
0,7.397584,1
0,7.405926,1
0,7.415618,1
0,7.423523,1
0,7.433234,1
0,7.441432,1
0,7.450308,1
0,7.458211,1
0,7.467784,1
0,7.475982,1
0,7.484895,1
0,7.49318,1
0,7.502117,1
0,7.510069,1
0,7.519398,1
0,7.527735,1
0,7.536809,1
0,7.545909,1
0,7.553936,1
0,7.564704,1
0,7.604687,2
0,7.626761,2
0,7.635375,2
0,7.644753,2
0,7.652739,2
0,7.662905,2
0,7.67084,2
0,7.680062,2
0,7.68775,2
0,7.696696,2
0,7.704464,2
0,7.713791,2
0,7.732798,2
0,7.740486,2
0,7.747973,2
0,7.75561,2
0,7.7654,2
0,7.776253,2
0,7.783821,2
0,7.791599,2
0,7.800118,2
0,7.808942,2
0,7.817468,2
0,7.827473,2
0,7.835917,2
0,7.845019,2
0,7.853218,2
0,7.862985,2
0,7.871096,2
0,7.881026,2
0,7.88875,2
0,7.898079,2
0,7.906191,2
0,7.916067,2
0,7.926024,2
0,7.934077,2
0,7.94352,2
0,7.951766,2
0,7.962175,2
0,7.970469,2
0,7.979977,2
0,7.988472,2
0,7.998059,2
0,8.00761,2
0,8.016729,2
0,8.026792,2
0,8.035172,2
0,8.045652,2
0,8.053943,2
0,8.063436,2
0,8.071825,2
0,8.084493,2
0,8.095975,2
0,8.10754,2
0,8.118,2
0,8.129881,2
0,8.140939,2
0,8.152936,2
0,8.165008,2
0,8.175787,2
0,8.185117,2
0,8.194953,2
0,8.203758,2
0,8.213401,2
0,8.222784,2
0,8.233381,2
0,8.243306,2
0,8.251981,2
0,8.263193,2
0,8.272351,2
0,8.281961,2
0,8.291706,2
0,8.301439,2
0,8.311226,2
0,8.32057,2
0,8.331377,2
0,8.34144,2
0,8.350903,2
0,8.361243,2
0,8.370478,2
0,8.38082,2
0,8.402987,2
0,8.418583,2
0,8.430471,2
0,8.438502,2
0,8.448068,2
0,8.459437,2
0,8.467592,2
0,8.476225,2
0,8.483957,2
0,8.493207,2
0,8.503607,2
0,8.515331,2
0,8.526851,2
0,8.535628,2
0,8.546228,2
0,8.556301,2
0,8.566412,2
0,8.576124,2
0,8.586002,2
0,8.596503,2
0,8.606779,2
0,8.621898,2
0,8.632122,2
0,8.642426,2
0,8.651665,2
0,8.662504,2
0,8.671381,2
0,8.683028,2
0,8.692695,2
0,8.70184,2
0,8.712387,2
0,8.722228,2
0,8.73196,2
0,8.742568,2
0,8.751625,2
0,8.761859,2
0,8.771311,2
0,8.78124,2
0,8.790296,2
0,8.800201,2
0,8.810463,2
0,8.819679,2
0,8.830135,2
0,8.840853,2
0,8.850256,2
0,8.860538,2
0,8.870069,2
0,8.880799,2
0,8.889961,2
0,8.901808,2
0,8.911286,2
0,8.920739,2
0,8.930704,2
0,8.941055,2
0,8.950458,2
0,8.963094,2
0,8.986906,2
0,8.996461,2
0,9.006527,2
0,9.015826,2
0,9.025627,2
0,9.03812,2
0,9.047456,2
0,9.057553,2
0,9.06743,2
0,9.077467,2
0,9.087228,2
0,9.096834,2
0,9.106104,2
0,9.116082,2
0,9.126863,2
0,9.135933,2
0,9.146202,2
0,9.157307,2
0,9.166988,2
0,9.177845,2
0,9.187549,2
0,9.197595,2
0,9.209815,2
0,9.218981,2
0,9.228114,2
0,9.237172,2
0,9.246892,2
0,9.255004,2
0,9.264882,2
0,9.274579,2
0,9.284103,2
0,9.293073,2
0,9.301765,2
0,9.311512,2
0,9.320496,2
0,9.330829,2
0,9.339296,2
0,9.348362,2
0,9.358063,2
0,9.367654,2
0,9.378813,2
0,9.387609,2
0,9.397316,2
0,9.406172,2
0,9.416026,2
0,9.425877,2
0,9.434242,2
0,9.443672,2
0,9.452727,2
0,9.46275,2
0,9.471045,2
0,9.480622,2
0,9.489017,2
0,9.498781,2
0,9.509505,2
0,9.51909,2
0,9.528883,2
0,9.537614,2
0,9.547555,2
0,9.555994,2
0,9.566099,2
0,9.575977,2
0,9.584639,2
0,9.595039,2
0,9.604727,2
0,9.614216,2
0,9.623152,2
0,9.632534,2
0,9.643805,2
0,9.653243,2
0,9.66477,2
0,9.67458,2
0,9.684659,2
0,9.694475,2
0,9.704774,2
0,9.71473,2
0,9.723494,2
0,9.734076,2
0,9.744757,2
0,9.754869,2
0,9.766736,2
0,9.777921,2
0,9.787704,2
0,9.79781,2
0,9.810589,2
0,9.820628,2
0,9.83148,2
0,9.84206,2
0,9.851468,2
0,9.861846,2
0,9.875652,2
0,9.885708,2
0,9.896908,2
0,9.906603,2
0,9.916785,2
0,9.929565,2
0,9.939713,2
0,9.950761,2
0,9.961327,2
0,9.970879,2
0,9.981421,2
0,9.991184,2
0,10.00233,2
0,10.01306,2
0,10.02257,2
0,10.03436,2
0,10.04594,2
0,10.06059,2
0,10.07208,2
0,10.08208,2
0,10.09217,2
0,10.10225,2
0,10.11249,2
0,10.1241,2
0,10.134,2
0,10.14487,2
0,10.15473,2
0,10.16552,2
0,10.17609,2
0,10.18554,2
0,10.19576,2
0,10.20572,2
0,10.21593,2
0,10.22681,2
0,10.23646,2
0,10.24693,2
0,10.25658,2
0,10.26788,2
0,10.27841,2
0,10.2886,2
0,10.29887,2
0,10.30906,2
0,10.31941,2
0,10.33072,2
0,10.34121,2
0,10.35065,2
0,10.36191,2
0,10.37125,2
-0.01,10.38264,2
-0.01,10.39464,2
-0.14,10.40395,2
-0.14,10.41647,2
-0.59,10.43021,2
-0.59,10.44146,2
-1.3,10.45123,2
-1.3,10.46232,2
-1.3,10.47207,2
-1.94,10.483,2
-1.94,10.495,2
-2.46,10.50851,2
-2.46,10.51974,2
-3.08,10.54386,2
-3.08,10.55411,2
-3.34,10.56569,2
-3.34,10.5761,2
-3.19,10.58739,2
-3.19,10.59842,2
-2.45,10.61008,2
-2.45,10.62017,2
-2.45,10.6309,2
-1.35,10.64165,2
-1.35,10.65198,2
-0.57,10.66319,2
-0.57,10.67314,2
-0.14,10.69646,2
-0.14,10.70666,2
-0.02,10.71732,2
-0.02,10.72876,2
-0.01,10.73858,2
-0.01,10.74955,2
-0.01,10.76108,2
-0.08,10.77001,2
-0.08,10.78223,2
-0.95,10.79339,2
-0.95,10.80414,2
-2.86,10.81501,2
-2.86,10.82662,2
-5.01,10.84959,2
-5.01,10.86066,2
-6.84,10.87392,2
-6.84,10.89289,2
-8.25,10.91251,2
-9.38,10.92392,2
-9.38,10.93499,2
-10.4,10.94678,2
-10.4,10.95734,2
-10.4,10.9682,2
-11.16,10.98042,2
-11.29,11.00509,2
-11.29,11.01772,2
-10.47,11.03017,2
-10.47,11.04258,2
-7.47,11.05404,2
-7.47,11.06554,2
-3.93,11.07672,2
-3.93,11.08724,2
-3.93,11.09845,2
-1.42,11.10976,2
-1.42,11.12098,2
-0.22,11.13193,2
-0.03,11.15673,2
-0.03,11.16778,2
-0.03,11.17835,2
-0.02,11.18912,2
-0.02,11.19962,2
-0.05,11.21156,2
-0.05,11.22185,2
-0.35,11.23336,2
-0.35,11.24502,2
-0.35,11.25561,2
-1.63,11.26602,2
-1.63,11.27738,2
-4.58,11.28744,2
-7.37,11.31091,2
-9.81,11.33583,2
-9.81,11.34962,2
-11.48,11.37171,2
-11.48,11.38356,2
-12.79,11.39493,2
-12.79,11.40619,2
-13.74,11.41653,2
-13.74,11.42774,2
-13.9,11.44499,2
-13.4,11.46699,2
-13.4,11.47923,2
-13.3,11.4965,2
-12.63,11.52689,2
-9.89,11.54961,2
-9.89,11.56113,2
-5.83,11.57102,2
-5.83,11.58218,2
-5.83,11.59117,2
-2.76,11.60061,2
-0.86,11.62228,2
-0.86,11.63349,2
-0.2,11.6615,2
-0.07,11.6823,2
-0.03,11.70183,2
-0.03,11.71099,2
-0.03,11.71947,2
-0.02,11.72824,2
-0.02,11.73688,2
-0.02,11.74566,2
-0.01,11.75362,2
-0.01,11.77529,2
-0.01,11.78395,2
-0.01,11.79209,2
-0.01,11.80126,2
-0.01,11.81242,2
-0.01,11.82215,2
-0.01,11.83243,2
-0.01,11.8423,2
-0.01,11.85161,2
-0.01,11.87807,2
0,11.90047,2
0,11.92571,2
0,11.94792,2
0,11.95965,2
0,11.98598,2
0,12.00619,2
0,12.01637,2
0,12.02607,2
0,12.03448,2
0,12.04811,2
0,12.06694,2
0,12.07545,2
0,12.08432,2
0,12.10543,2
0,12.1161,2
0,12.13031,2
0,12.13874,2
0,12.14717,2
0,12.15577,2
0,12.1655,2
0,12.17386,2
0,12.18272,2
0,12.19136,2
0,12.20207,2
-0.03,12.24191,2
-0.37,12.26311,2
-1.37,12.28438,2
-1.37,12.29354,2
-3.53,12.30218,2
-3.53,12.31136,2
-3.53,12.32011,2
-6.39,12.32934,2
-6.39,12.33792,2
-6.39,12.3472,2
-8.92,12.35491,2
-8.92,12.36526,2
-8.92,12.3741,2
-10.81,12.383,2
-10.81,12.39192,2
-11.99,12.41207,2
-11.99,12.4201,2
-12.51,12.42943,2
-12.51,12.43814,2
-12.51,12.44703,2
-11.99,12.45613,2
-11.99,12.46529,2
-11.99,12.47392,2
-10.11,12.48274,2
-10.11,12.49174,2
-10.11,12.50119,2
-6.42,12.50981,2
-6.42,12.51946,2
-6.42,12.52842,2
-3.32,12.53699,2
-3.32,12.54593,2
-1.2,12.56551,2
-1.2,12.57448,2
-0.34,12.58521,2
-0.34,12.59788,2
-0.34,12.6085,2
-0.1,12.61782,2
-0.1,12.62864,2
-0.04,12.63866,2
-0.04,12.65163,2
-0.04,12.67437,2
-0.08,12.70107,2
-0.22,12.72174,2
-0.22,12.73376,2
-0.68,12.75537,2
-1.89,12.77969,2
-3.65,12.79231,2
-5.2,12.82412,2
-7.19,12.84884,2
-9.31,12.88161,2
-10.71,12.90342,2
-10.71,12.91529,2
-11.11,12.93777,2
-10.19,12.96475,2
-7.76,12.98442,2
-7.76,12.99393,2
-4.14,13.00299,2
-4.14,13.01207,2
-4.14,13.02023,2
-1.55,13.02892,2
-1.55,13.0377,2
-0.36,13.05904,2
-0.36,13.06804,2
-0.06,13.07793,2
-0.06,13.08661,2
-0.06,13.09546,2
-0.01,13.10542,2
-0.01,13.11538,2
-0.01,13.12426,2
-0.01,13.13258,2
-0.01,13.14239,2
-0.01,13.15084,2
-0.01,13.16138,2
-0.01,13.16895,2
-0.01,13.17807,2
-0.01,13.18643,2
-0.01,13.19537,2
-0.01,13.21714,2
-0.01,13.2275,2
-0.01,13.23561,2
-0.01,13.24516,2
-0.01,13.25295,2
-0.01,13.26301,2
-0.01,13.27143,2
-0.01,13.2815,2
-0.01,13.28964,2
-0.01,13.29938,2
-0.01,13.30762,2
0,13.3168,2
0,13.32736,2
0,13.33519,2
0,13.34479,2
0,13.3526,2
0,13.37368,2
0,13.38392,2
0,13.39212,2
0,13.40113,2
0,13.40913,2
0,13.41786,2
0,13.42677,2
0,13.43522,2
0,13.44512,2
0,13.45275,2
0,13.46284,2
0,13.47179,2
0,13.48288,2
0,13.49145,2
0,13.5014,2
0,13.51355,2
0,13.52394,2
0,13.53425,2
0,13.54543,2
0,13.55341,2
0,13.56351,2
0,13.57214,2
0,13.58213,2
0,13.59056,2
0,13.59954,2
0,13.60854,2
0,13.61732,2
0,13.6271,2
0,13.63546,2
0,13.64493,2
0,13.65324,2
0,13.66301,2
0,13.6716,2
0,13.68084,2
0,13.6893,2
0,13.69802,2
0,13.7067,2
0,13.71711,2
0,13.74129,3
0,13.74966,3
0,13.75738,3
0,13.76493,3
0,13.77367,3
0,13.78128,3
0,13.78975,3
0,13.79712,3
0,13.80537,3
0,13.81338,3
0,13.82185,3
0,13.82945,3
0,13.83777,3
0,13.84496,3
0,13.85285,3
0,13.86099,3
0,13.86845,3
0,13.88888,3
0,13.89588,3
0,13.905,3
0,13.91257,3
0,13.92093,3
0,13.92998,3
0,13.9384,3
0,13.94638,3
0,13.95549,3
0,13.96321,3
0,13.97234,3
0,13.97999,3
0,13.98852,3
0,13.99688,3
0,14.00602,3
0,14.01393,3
0,14.02268,3
0,14.03,3
0,14.0389,3
0,14.04659,3
0,14.05545,3
0,14.06373,3
0,14.07214,3
0,14.07985,3
0,14.08861,3
0,14.09658,3
0,14.10512,3
0,14.1134,3
0,14.12209,3
0,14.13017,3
0,14.13922,3
0,14.14642,3
0,14.15518,3
0,14.16241,3
0,14.17201,3
0,14.17966,3
0,14.18831,3
0,14.19582,3
0,14.20439,3
0,14.21236,3
0,14.22294,3
0,14.22999,3
0,14.23839,3
0,14.24588,3
0,14.25508,3
0,14.26269,3
0,14.27114,3
0,14.27914,3
0,14.2869,3
0,14.29552,3
0,14.3037,3
0,14.31233,3
0,14.32072,3
0,14.32915,3
0,14.33894,3
0,14.34699,3
0,14.35622,3
0,14.36402,3
0,14.37399,3
0,14.38151,3
0,14.39077,3
0,14.39892,3
0,14.40791,3
0,14.41617,3
0,14.42465,3
0,14.4331,3
0,14.44215,3
0,14.45058,3
0,14.45963,3
0,14.46758,3
0,14.47654,3
0,14.48892,3
-0.01,14.49707,3
-0.01,14.50613,3
-0.01,14.5148,3
-0.03,14.52406,3
-0.03,14.53268,3
-0.03,14.54196,3
-0.18,14.54941,3
-0.18,14.55948,3
-0.18,14.56823,3
-1.13,14.57744,3
-1.13,14.58547,3
-1.13,14.59464,3
-3.84,14.60254,3
-3.84,14.61214,3
-3.84,14.62195,3
-6.52,14.6306,3
-6.52,14.64212,3
-8.95,14.66588,3
-8.95,14.67539,3
-10.89,14.68398,3
-10.89,14.69352,3
-10.89,14.7013,3
-12.07,14.7094,3
-12.07,14.71928,3
-12.07,14.72805,3
-12.9,14.73655,3
-12.9,14.74568,3
-13.69,14.75558,3
-13.69,14.76363,3
-13.69,14.77365,3
-14.49,14.78176,3
-14.49,14.79107,3
-14.49,14.80012,3
-14.85,14.81899,3
-14.85,14.82829,3
-14.96,14.83745,3
-14.96,14.84648,3
-14.96,14.85638,3
-15,14.86401,3
-15,14.87469,3
-15,14.88245,3
-14.99,14.89192,3
-14.99,14.90075,3
-14.99,14.90943,3
-14.87,14.91786,3
-14.87,14.92688,3
-14.87,14.93569,3
-14.38,14.94407,3
-14.38,14.95335,3
-11.53,14.9731,3
-11.53,14.9818,3
-6.15,14.99138,3
-6.15,14.99979,3
-6.15,15.00935,3
-2.27,15.01693,3
-2.27,15.02632,3
-2.27,15.035,3
-0.46,15.0434,3
-0.46,15.05128,3
-0.46,15.06087,3
-0.04,15.06866,3
-0.04,15.07802,3
-0.04,15.0862,3
-0.01,15.09538,3
-0.01,15.1033,3
0,15.12451,3
0,15.13382,3
0,15.14341,3
0,15.15244,3
0,15.1614,3
0,15.1691,3
0,15.17847,3
0,15.18727,3
0,15.19592,3
0,15.20472,3
0,15.21321,3
0,15.22185,3
0,15.23041,3
0,15.23948,3
0,15.24781,3
0,15.25671,3
0,15.27561,3
0,15.28478,3
0,15.29583,3
0,15.30499,3
0,15.31374,3
0,15.32286,3
0,15.3305,3
0,15.34064,3
0,15.34848,3
0,15.3588,3
0,15.36708,3
0,15.37559,3
0,15.38383,3
0,15.39302,3
0,15.40091,3
0,15.40983,3
0,15.42935,3
0,15.43775,3
0,15.44871,3
0,15.46002,3
0,15.46754,3
0,15.47661,3
0,15.48413,3
0,15.49378,3
0,15.50196,3
0,15.51108,3
0,15.51937,3
0,15.52765,3
0,15.53598,3
0,15.54564,3
0,15.55537,3
0,15.56381,3
0,15.57281,3
0,15.58054,3
0,15.58982,3
0,15.59786,3
0,15.60694,3
0,15.61445,3
0,15.62387,3
0,15.63202,3
0,15.6419,3
0,15.6527,3
0,15.66115,3
-0.02,15.66979,3
-0.02,15.67932,3
-0.02,15.68837,3
-0.22,15.6969,3
-0.22,15.70581,3
-0.22,15.71476,3
-0.83,15.73401,3
-2.69,15.74408,3
-2.69,15.75318,3
-2.69,15.76176,3
-5.33,15.76907,3
-5.33,15.77977,3
-5.33,15.78865,3
-7.8,15.7971,3
-7.8,15.80609,3
-7.8,15.81432,3
-9.52,15.82309,3
-9.52,15.83129,3
-9.52,15.84127,3
-10.85,15.84843,3
-10.85,15.85832,3
-10.85,15.86677,3
-11.87,15.89116,3
-12.56,15.89972,3
-12.56,15.9089,3
-12.56,15.91705,3
-12.8,15.92615,3
-12.8,15.93501,3
-12.8,15.94423,3
-13.07,15.95211,3
-13.07,15.96072,3
-13.07,15.96858,3
-13.4,15.97733,3
-13.4,15.98544,3
-13.4,15.99528,3
-13.4,16.0021,3
-13.7,16.01084,3
-13.7,16.02005,3
-13.9,16.04015,3
-13.9,16.04896,3
-14.25,16.05949,3
-14.25,16.0672,3
-14.25,16.07691,3
-14.4,16.08948,3
-14.4,16.09774,3
-14.35,16.10699,3
-14.35,16.11492,3
-14.35,16.12416,3
-14.35,16.1322,3
-14.35,16.14102,3
-14.35,16.14823,3
-14.35,16.15687,3
-14.03,16.16502,3
-14.03,16.17427,3
-13.05,16.19349,3
-13.05,16.20175,3
-13.05,16.20986,3
-12.58,16.21832,3
-12.58,16.22736,3
-12.58,16.2356,3
-12.06,16.2441,3
-12.06,16.25225,3
-12.06,16.26205,3
-10.5,16.27037,3
-10.5,16.27965,3
-7.38,16.28864,3
-7.38,16.29735,3
-7.38,16.30691,3
-4.34,16.31563,3
-4.34,16.32522,3
-1.94,16.34539,3
-1.94,16.35389,3
-1.94,16.3623,3
-0.65,16.37066,3
-0.65,16.38039,3
-0.65,16.38927,3
-0.21,16.39769,3
-0.21,16.40666,3
-0.21,16.41523,3
-0.07,16.42443,3
-0.07,16.43339,3
-0.07,16.44265,3
-0.04,16.45115,3
-0.04,16.46089,3
-0.04,16.46959,3
-0.03,16.47964,3
-0.02,16.49885,3
-0.02,16.50924,3
-0.02,16.5177,3
-0.02,16.52644,3
-0.02,16.53633,3
-0.02,16.54457,3
-0.02,16.55261,3
-0.02,16.56159,3
-0.02,16.56986,3
-0.01,16.57908,3
-0.01,16.58893,3
-0.01,16.59737,3
-0.01,16.60608,3
-0.01,16.61441,3
-0.01,16.62312,3
-0.01,16.63285,3
-0.01,16.65294,3
-0.01,16.66194,3
-0.01,16.67088,3
-0.01,16.68001,3
-0.01,16.68894,3
-0.01,16.69665,3
-0.01,16.70592,3
-0.01,16.71405,3
-0.01,16.72326,3
-0.01,16.73093,3
-0.01,16.74014,3
-0.01,16.74751,3
-0.02,16.75798,3
-0.02,16.7665,3
-0.02,16.77594,3
-0.02,16.78377,3
-0.02,16.80327,3
-0.02,16.81193,3
-0.02,16.82118,3
-0.02,16.82978,3
-0.02,16.83968,3
-0.02,16.84698,3
-0.02,16.85639,3
-0.02,16.86475,3
-0.02,16.87419,3
-0.02,16.88188,3
-0.08,16.89132,3
-0.08,16.90021,3
-0.08,16.90917,3
-0.44,16.91747,3
-0.44,16.92667,3
-0.44,16.93505,3
-2,16.95495,3
-2,16.96342,3
-5.54,16.97317,3
-5.54,16.98168,3
-8.61,16.99152,3
-8.61,17.00015,3
-8.61,17.0092,3
-10.7,17.01768,3
-10.7,17.02659,3
-10.7,17.03536,3
-12.04,17.04371,3
-12.04,17.05277,3
-12.04,17.06157,3
-13.09,17.06949,3
-13.09,17.07889,3
-13.09,17.08741,3
-13.86,17.10762,3
-13.86,17.116,3
-14.29,17.12542,3
-14.29,17.13395,3
-14.29,17.14283,3
-14.46,17.15076,3
-14.46,17.16084,3
-14.46,17.16886,3
-14.74,17.17856,3
-14.74,17.18671,3
-14.74,17.19624,3
-15.08,17.20491,3
-15.08,17.21362,3
-15.08,17.22265,3
-15.21,17.23,3
-15.21,17.24045,3
-15.39,17.26075,3
-15.39,17.26989,3
-15.61,17.27849,3
-15.61,17.29059,3
-15.61,17.29927,3
-15.85,17.30825,3
-15.85,17.3169,3
-15.85,17.3256,3
-15.93,17.3341,3
-15.93,17.34326,3
-15.93,17.35147,3
-15.98,17.36103,3
-15.98,17.36943,3
-15.98,17.37933,3
-15.9,17.38746,3
-15.9,17.39732,3
-14.95,17.41722,3
-14.95,17.42715,3
-10.61,17.43569,3
-10.61,17.44495,3
-10.61,17.45588,3
-5.55,17.4638,3
-5.55,17.47451,3
-2.21,17.48799,3
-2.21,17.49618,3
-2.21,17.50516,3
-0.61,17.51337,3
-0.61,17.52292,3
-0.61,17.5309,3
-0.05,17.53963,3
-0.05,17.54862,3
0,17.56962,3
0,17.57891,3
0,17.58752,3
0,17.59644,3
0,17.60499,3
0,17.6134,3
0,17.62205,3
0,17.63124,3
0,17.64134,3
0,17.64924,3
0,17.65882,3
0,17.66688,3
0,17.67671,3
0,17.68427,3
0,17.69485,3
0,17.70663,3
0,17.72685,3
0,17.7361,3
0,17.74444,3
0,17.75303,3
0,17.76128,3
0,17.77046,3
0,17.7795,3
0,17.78841,3
0,17.79686,3
0,17.8054,3
0,17.81386,3
0,17.82263,3
0,17.83088,3
0,17.83956,3
0,17.84843,3
0,17.85891,3
-0.03,17.87886,3
-0.03,17.8878,3
-0.03,17.89636,3
-0.13,17.90461,3
-0.13,17.91295,3
-0.13,17.92138,3
-0.52,17.93002,3
-0.52,17.94018,3
-0.52,17.94775,3
-1.4,17.95669,3
-1.4,17.96416,3
-1.4,17.97396,3
-3.72,17.9814,3
-3.72,17.99078,3
-3.72,17.99914,3
-6.13,18.00721,3
-6.13,18.01604,3
-8.36,18.03484,3
-8.36,18.04383,3
-8.36,18.05196,3
-10.51,18.06061,3
-10.51,18.06866,3
-10.51,18.07766,3
-12.09,18.08525,3
-12.09,18.09513,3
-12.09,18.10299,3
-13.34,18.1122,3
-13.34,18.12151,3
-13.34,18.1298,3
-14.34,18.13877,3
-14.34,18.14651,3
-14.34,18.15604,3
-14.97,18.16298,3
-14.97,18.17256,3
-15.36,18.19221,3
-15.36,18.20056,3
-15.36,18.20889,3
-15.63,18.21686,3
-15.63,18.22561,3
-15.63,18.2341,3
-15.96,18.24229,3
-15.96,18.24974,3
-15.96,18.25912,3
-16.13,18.2672,3
-16.13,18.27692,3
-16.13,18.28424,3
-16.23,18.29454,3
-16.23,18.30223,3
-16.23,18.31089,3
-16.42,18.31885,3
-16.42,18.32764,3
-16.5,18.34657,3
-16.5,18.35612,3
-16.5,18.36368,3
-16.63,18.37285,3
-16.63,18.38059,3
-16.63,18.38967,3
-16.65,18.39761,3
-16.65,18.40693,3
-16.65,18.41518,3
-16.69,18.4238,3
-16.69,18.43201,3
-16.69,18.44113,3
-16.66,18.44898,3
-16.66,18.45838,3
-16.66,18.46661,3
-15.8,18.47555,3
-15.8,18.48367,3
-12.81,18.50471,3
-12.81,18.51316,3
-12.81,18.52207,3
-9.19,18.52955,3
-9.19,18.53947,3
-9.19,18.54693,3
-5.56,18.55574,3
-5.56,18.56376,3
-5.56,18.57339,3
-2.38,18.58086,3
-2.38,18.5892,3
-2.38,18.59764,3
-0.66,18.60619,3
-0.66,18.61452,3
-0.66,18.62321,3
-0.16,18.63054,3
-0.16,18.64097,3
-0.03,18.66115,3
-0.03,18.66977,3
-0.03,18.67858,3
-0.01,18.6901,3
-0.01,18.69804,3
0,18.70703,3
0,18.71531,3
0,18.72391,3
0,18.73264,3
0,18.74104,3
0,18.74873,3
0,18.75801,3
0,18.76572,3
0,18.7751,3
0,18.78228,3
0,18.79129,3
0,18.81107,3
0,18.81866,3
0,18.82706,3
0,18.83478,3
0,18.84336,3
0,18.85215,3
0,18.86107,3
0,18.86936,3
0,18.87896,3
0,18.89171,3
0,18.89976,3
0,18.90903,3
0,18.91691,3
0,18.92586,3
0,18.93346,3
0,18.94219,3
0,18.96208,3
0,18.97072,3
0,18.97938,3
0,18.98763,3
0,18.99599,3
0,19.00487,3
0,19.01305,3
0,19.02212,3
0,19.03122,3
0,19.05427,4
0,19.06165,4
0,19.06968,4
0,19.07736,4
0,19.08469,4
0,19.09232,4
0,19.1003,4
0,19.10735,4
0,19.11548,4
0,19.12246,4
0,19.13093,4
0,19.13782,4
0,19.14635,4
0,19.15354,4
0,19.1622,4
0,19.16904,4
0,19.17705,4
0,19.18468,4
0,19.20411,4
0,19.21276,4
0,19.21965,4
0,19.2277,4
0,19.23488,4
0,19.24257,4
0,19.25063,4
0,19.25796,4
0,19.26549,4
0,19.27298,4
0,19.28121,4
0,19.2897,4
0,19.29902,4
0,19.30614,4
0,19.31475,4
0,19.32275,4
0,19.33424,4
0,19.34132,4
0,19.36027,4
0,19.36757,4
0,19.37515,4
0,19.38474,4
0,19.3968,4
0,19.40351,4
0,19.41264,4
0,19.4198,4
0,19.42867,4
0,19.436,4
0,19.44395,4
0,19.45125,4
0,19.45915,4
0,19.46773,4
0,19.47517,4
0,19.48336,4
0,19.49067,4
0,19.49888,4
0,19.5063,4
0,19.51484,4
0,19.52224,4
0,19.53085,4
0,19.53799,4
0,19.54659,4
0,19.55435,4
0,19.56289,4
0,19.57034,4
0,19.57839,4
0,19.58651,4
0,19.5957,4
0,19.60373,4
0,19.61217,4
0,19.61893,4
0,19.62725,4
0,19.63577,4
0,19.64366,4
0,19.65153,4
0,19.65827,4
0,19.66669,4
0,19.67466,4
0,19.68308,4
0,19.69035,4
0,19.69853,4
0,19.70624,4
0,19.71503,4
0,19.72238,4
0,19.73086,4
0,19.73761,4
0,19.74621,4
0,19.75451,4
0,19.76345,4
0,19.77096,4
0,19.77985,4
0,19.78794,4
0,19.79857,4
0,19.80692,4
0,19.81604,4
0,19.82324,4
0,19.8321,4
0,19.83985,4
0,19.84994,4
0,19.85726,4
0,19.86565,4
0,19.87336,4
0,19.88277,4
0,19.8902,4
0,19.89911,4
0,19.90646,4
0,19.91513,4
0,19.92282,4
0,19.93216,4
0,19.93932,4
0,19.94824,4
0,19.95623,4
0,19.96605,4
0,19.97352,4
0,19.98223,4
0,19.98985,4
0,19.998,4
0,20.00595,4
0,20.01471,4
0,20.02227,4
0,20.03095,4
0,20.03802,4
0,20.04667,4
0,20.05467,4
0,20.06314,4
0,20.07087,4
0,20.07882,4
0,20.08656,4
0,20.09677,4
0,20.10549,4
0,20.11736,4
0,20.12588,4
0,20.13532,4
0,20.14733,4
0,20.15613,4
0,20.16597,4
0,20.17509,4
0,20.18522,4
0,20.19563,4
0,20.20399,4
0,20.21397,4
0,20.22099,4
0,20.22982,4
0,20.23741,4
0,20.24577,4
0,20.25347,4
0,20.2615,4
0,20.26943,4
0,20.27804,4
0,20.28636,4
0,20.29572,4
0,20.30319,4
0,20.31174,4
0,20.31968,4
0,20.32839,4
0,20.33629,4
0,20.34431,4
0,20.35206,4
0,20.36071,4
0,20.36873,4
0,20.37683,4
0,20.38468,4
0,20.39389,4
0,20.4018,4
0,20.41084,4
0,20.41894,4
0,20.42738,4
0,20.43503,4
0,20.44432,4
0,20.45264,4
0,20.4612,4
0,20.46859,4
0,20.47634,4
0,20.48455,4
0,20.49295,4
0,20.50099,4
0,20.50924,4
0,20.51711,4
0,20.52499,4
0,20.53371,4
0,20.54214,4
0,20.55093,4
0,20.55797,4
0,20.56737,4
0,20.57533,4
0,20.5839,4
0,20.59132,4
0,20.59995,4
0,20.60771,4
0,20.61797,4
0,20.62563,4
0,20.63445,4
0,20.6415,4
0,20.65054,4
0,20.65838,4
0,20.66696,4
0,20.67545,4
0,20.68383,4
0,20.69149,4
0,20.70013,4
0,20.71188,4
0,20.71917,4
0,20.72897,4
0,20.73688,4
0,20.74574,4
0,20.75433,4
0,20.76345,4
0,20.77174,4
-0.04,20.78058,4
-0.04,20.78907,4
-0.04,20.80007,4
-0.41,20.80835,4
-0.41,20.81722,4
-0.41,20.82512,4
-0.95,20.83479,4
-0.95,20.84313,4
-1.74,20.85302,4
-1.74,20.86153,4
-1.74,20.86963,4
-1.74,20.87834,4
-4.02,20.88716,4
-5.53,20.90865,4
-5.53,20.91889,4
-6.35,20.93197,4
-6.35,20.94042,4
-6.35,20.95081,4
-8.2,20.95861,4
-8.2,20.96758,4
-8.2,20.97738,4
-9.65,20.98504,4
-9.65,20.99464,4
-9.65,21.00291,4
-10.47,21.01241,4
-10.47,21.02054,4
-10.47,21.02959,4
-11.84,21.03774,4
-11.84,21.05816,4
-12.83,21.0673,4
-12.83,21.07578,4
-12.83,21.08448,4
-13.63,21.09263,4
-13.63,21.10223,4
-13.63,21.11187,4
-14.38,21.11942,4
-14.38,21.12875,4
-14.38,21.13716,4
-14.74,21.14617,4
-14.74,21.1545,4
-14.94,21.16458,4
-14.94,21.17311,4
-14.94,21.18187,4
-14.94,21.19047,4
-15.34,21.21089,4
-15.76,21.21946,4
-15.76,21.22873,4
-15.76,21.23707,4
-16,21.24594,4
-16,21.25436,4
-16,21.26306,4
-16.08,21.27127,4
-16.08,21.27976,4
-16.08,21.2885,4
-16.14,21.29763,4
-16.14,21.30545,4
-16.14,21.31482,4
-16.08,21.3219,4
-16.08,21.3309,4
-16.08,21.33856,4
-15.63,21.34693,4
-15.63,21.36655,4
-13.27,21.37425,4
-13.27,21.38294,4
-13.27,21.39143,4
-8.42,21.39997,4
-8.42,21.40849,4
-8.42,21.41684,4
-8.42,21.42424,4
-4.1,21.43296,4
-4.1,21.44143,4
-4.1,21.45031,4
-1.33,21.45779,4
-1.33,21.46606,4
-1.33,21.47438,4
-0.3,21.48282,4
-0.3,21.49157,4
-0.3,21.50023,4
-0.03,21.52075,4
0,21.52931,4
0,21.53719,4
0,21.5463,4
0,21.55462,4
0,21.56336,4
0,21.57075,4
0,21.57986,4
0,21.5874,4
0,21.59674,4
0,21.60426,4
0,21.61367,4
0,21.62174,4
0,21.63057,4
0,21.63825,4
0,21.64704,4
0,21.65461,4
0,21.67299,4
0,21.68165,4
0,21.68942,4
0,21.69803,4
0,21.70541,4
0,21.71405,4
0,21.72191,4
0,21.7307,4
0,21.73845,4
0,21.74704,4
0,21.75456,4
0,21.76345,4
0,21.77146,4
0,21.78025,4
0,21.79055,4
0,21.80152,4
0,21.80971,4
0,21.83055,4
0,21.83929,4
0,21.84855,4
0,21.85711,4
0,21.86573,4
0,21.8737,4
0,21.88381,4
0,21.89238,4
0,21.90133,4
0,21.90961,4
0,21.91803,4
0,21.92878,4
0,21.9393,4
0,21.94782,4
0,21.95649,4
0,21.96485,4
0,21.98418,4
0,21.9925,4
0,22.00133,4
0,22.01059,4
0,22.02028,4
0,22.02887,4
0,22.03755,4
0,22.04703,4
-0.01,22.05522,4
-0.01,22.06563,4
-0.01,22.07392,4
-0.01,22.08369,4
-0.01,22.09207,4
-0.03,22.10149,4
-0.03,22.11102,4
-0.03,22.12269,4
-0.12,22.14644,4
-0.39,22.15695,4
-0.39,22.16631,4
-0.39,22.17603,4
-1.02,22.18585,4
-1.02,22.19678,4
-2.63,22.20723,4
-2.63,22.21876,4
-2.63,22.22835,4
-4.8,22.2366,4
-4.8,22.24918,4
-7.09,22.25785,4
-7.09,22.267,4
-7.09,22.27583,4
-9.44,22.29701,4
-9.44,22.30553,4
-11.06,22.31546,4
-11.06,22.32317,4
-11.06,22.33279,4
-11.98,22.3405,4
-11.98,22.35031,4
-11.98,22.35882,4
-12.71,22.36833,4
-12.71,22.37778,4
-12.71,22.38568,4
-13.43,22.39462,4
-13.43,22.40411,4
-13.92,22.41399,4
-13.92,22.42289,4
-13.92,22.43731,4
-14.25,22.45634,4
-14.62,22.4664,4
-14.62,22.47544,4
-14.62,22.4845,4
-14.87,22.49287,4
-14.87,22.50151,4
-14.87,22.51083,4
-14.95,22.51885,4
-14.95,22.52767,4
-14.95,22.53617,4
-15.21,22.54537,4
-15.21,22.55431,4
-15.21,22.56483,4
-15.43,22.57302,4
-15.43,22.58299,4
-15.43,22.59336,4
-15.51,22.61549,4
-15.47,22.62465,4
-15.47,22.6342,4
-15.47,22.64255,4
-14.9,22.6514,4
-14.9,22.66041,4
-14.9,22.66985,4
-11.89,22.679,4
-11.89,22.68774,4
-11.89,22.69758,4
-7.07,22.70535,4
-7.07,22.71557,4
-7.07,22.72356,4
-3.34,22.7329,4
-3.34,22.74087,4
-3.34,22.75049,4
-1.12,22.76952,4
-0.21,22.77929,4
-0.21,22.7879,4
-0.21,22.79897,4
-0.01,22.80591,4
-0.01,22.81578,4
-0.01,22.82387,4
0,22.83338,4
0,22.84159,4
0,22.85086,4
0,22.85883,4
0,22.86788,4
0,22.87648,4
0,22.88561,4
0,22.89401,4
0,22.90249,4
0,22.9228,4
0,22.93215,4
0,22.94042,4
0,22.94921,4
0,22.95736,4
0,22.96652,4
0,22.97483,4
0,22.9835,4
0,22.99165,4
0,23.00023,4
0,23.0088,4
0,23.01749,4
0,23.02764,4
0,23.03777,4
0,23.04679,4
0,23.05527,4
0,23.07551,4
0,23.08457,4
0,23.09384,4
0,23.10245,4
0,23.11145,4
0,23.12005,4
0,23.13034,4
0,23.13817,4
0,23.14723,4
0,23.15552,4
0,23.16455,4
0,23.17432,4
0,23.18439,4
0,23.19269,4
0,23.20131,4
0,23.20984,4
0,23.23024,4
0,23.23983,4
0,23.24885,4
0,23.25725,4
0,23.26599,4
0,23.27395,4
0,23.28385,4
0,23.29184,4
0,23.30063,4
0,23.30881,4
0,23.31743,4
0,23.32617,4
0,23.33509,4
0,23.34358,4
0,23.35315,4
0,23.3616,4
0,23.38123,4
0,23.389,4
0,23.39828,4
0,23.40636,4
0,23.41512,4
0,23.4231,4
0,23.4322,4
0,23.44039,4
0,23.44917,4
0,23.45679,4
0,23.46557,4
0,23.47401,4
0,23.48321,4
0,23.49206,4
0,23.50035,4
0,23.5088,4
0,23.51808,4
0,23.52657,4
0,23.53489,4
0,23.54266,4
0,23.55082,4
0,23.5602,4
0,23.56904,4
0,23.57964,4
0,23.58794,4
0,23.59786,4
0,23.60726,4
0,23.61664,4
0,23.62774,4
0,23.65111,5
0,23.658,5
0,23.666,5
0,23.67346,5
0,23.68175,5
0,23.69004,5
0,23.69954,5
0,23.70824,5
0,23.71743,5
0,23.72736,5
0,23.73556,5
0,23.74557,5
0,23.75363,5
0,23.76387,5
0,23.77141,5
0,23.7812,5
0,23.80008,5
0,23.80659,5
0,23.81509,5
0,23.82221,5
0,23.83132,5
0,23.83916,5
0,23.84821,5
0,23.8573,5
0,23.8659,5
0,23.87427,5
0,23.88264,5
0,23.89121,5
0,23.89951,5
0,23.90805,5
0,23.91671,5
0,23.92526,5
0,23.93388,5
0,23.95115,5
0,23.95814,5
0,23.96673,5
0,23.974,5
0,23.98228,5
0,23.98961,5
0,23.99809,5
0,24.00582,5
0,24.01518,5
0,24.02306,5
0,24.03219,5
0,24.03973,5
0,24.04874,5
0,24.05613,5
0,24.06437,5
0,24.07132,5
0,24.07947,5
0,24.08709,5
0,24.10772,5
0,24.11858,5
0,24.12989,5
0,24.13991,5
0,24.15158,5
0,24.16005,5
0,24.16881,5
0,24.17708,5
0,24.18539,5
0,24.19286,5
0,24.2021,5
0,24.21029,5
0,24.21822,5
0,24.22622,5
0,24.23488,5
0,24.24304,5
0,24.26369,5
0,24.2709,5
0,24.28033,5
0,24.28765,5
0,24.29794,5
0,24.3058,5
0,24.31441,5
0,24.32185,5
0,24.33066,5
0,24.33898,5
0,24.34775,5
0,24.35589,5
0,24.36463,5
0,24.3716,5
-0.02,24.3806,5
-0.02,24.38908,5
-0.02,24.39782,5
-0.17,24.42157,5
-0.62,24.43099,5
-0.62,24.43924,5
-0.62,24.44933,5
-1.66,24.45691,5
-1.66,24.46728,5
-1.66,24.47572,5
-3.56,24.48403,5
-3.56,24.49293,5
-3.56,24.50179,5
-5.16,24.51087,5
-5.16,24.51978,5
-5.16,24.53113,5
-6.38,24.53904,5
-6.38,24.54988,5
-7.54,24.57306,5
-7.54,24.58374,5
-8.48,24.59412,5
-8.48,24.60715,5
-9.13,24.62045,5
-9.13,24.63287,5
-9.79,24.64723,5
-9.79,24.66004,5
-10.54,24.67188,5
-10.54,24.68364,5
-11.14,24.69776,5
-11.14,24.70972,5
-11.68,24.73314,5
-12.16,24.74277,5
-12.16,24.75352,5
-12.16,24.7639,5
-12.55,24.77502,5
-12.55,24.7865,5
-12.77,24.79769,5
-12.77,24.81038,5
-12.83,24.82064,5
-12.83,24.83407,5
-12.24,24.84652,5
-12.24,24.85738,5
-12.24,24.86844,5
-9.65,24.89075,5
-6.17,24.90185,5
-6.17,24.91364,5
-4.22,24.92444,5
-4.22,24.93671,5
-4.22,24.94634,5
-2.5,24.95498,5
-2.5,24.96522,5
-1.07,24.97442,5
-1.07,24.98394,5
-1.07,24.99334,5
-0.42,25.00311,5
-0.42,25.01421,5
-0.42,25.02342,5
-0.12,25.05242,5
-0.12,25.06227,5
-0.12,25.07248,5
-0.01,25.08241,5
-0.01,25.09153,5
-0.01,25.10096,5
-0.01,25.11061,5
-0.01,25.11947,5
-0.01,25.12878,5
-0.02,25.13732,5
-0.02,25.14746,5
-0.02,25.15567,5
-0.03,25.16564,5
-0.03,25.1741,5
-0.14,25.19582,5
-0.14,25.20518,5
-0.47,25.21745,5
-0.47,25.22793,5
-1.16,25.23859,5
-1.16,25.25045,5
-2.64,25.26294,5
-2.64,25.27539,5
-4.54,25.28747,5
-4.54,25.30074,5
-6.45,25.31557,5
-6.45,25.32979,5
-8.35,25.35525,5
-9.77,25.36988,5
-9.77,25.38436,5
-10.86,25.39936,5
-10.86,25.41457,5
-12.14,25.42873,5
-13.26,25.44284,5
-13.26,25.45617,5
-13.92,25.46859,5
-13.92,25.4802,5
-14.42,25.50457,5
-14.42,25.51513,5
-14.83,25.52475,5
-14.83,25.53518,5
-14.83,25.54573,5
-15.14,25.55589,5
-15.14,25.56687,5
-15.37,25.57624,5
-15.37,25.58665,5
-15.37,25.59652,5
-15.64,25.60602,5
-15.64,25.6157,5
-15.74,25.62504,5
-15.74,25.6344,5
-15.67,25.65623,5
-15.67,25.66736,5
-15.1,25.67682,5
-15.1,25.68733,5
-15.1,25.69693,5
-11.99,25.70569,5
-11.99,25.71578,5
-11.99,25.72557,5
-7.72,25.73591,5
-7.72,25.74654,5
-4.19,25.75507,5
-4.19,25.76521,5
-4.19,25.77472,5
-1.53,25.78379,5
-1.53,25.79406,5
-0.55,25.8156,5
-0.55,25.82492,5
-0.13,25.83444,5
-0.13,25.84373,5
-0.13,25.85353,5
-0.03,25.8621,5
-0.03,25.87099,5
-0.03,25.88061,5
-0.01,25.88914,5
-0.01,25.89875,5
-0.01,25.90744,5
-0.01,25.91626,5
-0.01,25.92525,5
-0.01,25.93452,5
-0.01,25.94369,5
-0.01,25.95292,5
-0.01,25.97285,5
-0.01,25.98194,5
0,25.9909,5
0,26.00027,5
0,26.00941,5
-0.01,26.01795,5
-0.01,26.02851,5
-0.01,26.03805,5
-0.01,26.04842,5
-0.01,26.0566,5
0,26.06644,5
0,26.07466,5
0,26.08406,5
0,26.0934,5
0,26.10271,5
0,26.11239,5
0,26.13276,5
0,26.14127,5
0,26.15054,5
0,26.15946,5
0,26.16919,5
0,26.17855,5
0,26.18698,5
0,26.19672,5
0,26.20549,5
0,26.21681,5
0,26.22572,5
0,26.23469,5
0,26.24299,5
0,26.25258,5
0,26.26192,5
0,26.27123,5
0,26.27998,5
0,26.28875,5
0,26.2981,5
0,26.30805,5
0,26.31719,5
0,26.32529,5
0,26.33497,5
0,26.34357,5
0,26.35233,5
0,26.36182,5
0,26.36977,5
0,26.3793,5
0,26.38745,5
0,26.39658,5
0,26.40447,5
0,26.41337,5
0,26.42144,5
0,26.43127,5
0,26.43911,5
0,26.44902,5
0,26.45703,5
0,26.4661,5
0,26.47434,5
0,26.4834,5
0,26.49149,5
0,26.50002,5
0,26.50767,5
0,26.51679,5
0,26.52643,5
0,26.53825,5
0,26.54726,5
0,26.55462,5
0,26.56416,5
0,26.57244,5
0,26.58128,5
0,26.58913,5
0,26.59823,5
0,26.60648,5
0,26.61533,5
0,26.62329,5
0,26.63252,5
0,26.64018,5
0,26.64942,5
0,26.65752,5
0,26.66664,5
0,26.67467,5
0,26.68283,5
0,26.69106,5
0,26.70025,5
0,26.70854,5
0,26.71779,5
0,26.72731,5
0,26.73656,5
0,26.7463,5
0,26.75484,5
0,26.76815,5
0,26.77612,5
0,26.7852,5
0,26.7938,5
0,26.80268,5
0,26.81183,5
0,26.81974,5
0,26.82837,5
0,26.83664,5
0,26.84734,5
0,26.85493,5
0,26.86383,5
0,26.87126,5
0,26.88099,5
0,26.889,5
0,26.89809,5
0,26.90623,5
0,26.91448,5
0,26.9229,5
0,26.93216,5
0,26.94011,5
0,26.95033,5
0,26.95984,5
0,26.96964,5
0,26.97828,5
0,26.98676,5
0,26.99553,5
0,27.00372,5
0,27.01284,5
0,27.02138,5
0,27.03193,5
0,27.03925,5
0,27.04807,5
0,27.05602,5
0,27.06572,5
0,27.07349,5
0,27.08263,5
0,27.09036,5
0,27.09907,5
0,27.10739,5
0,27.11722,5
0,27.12542,5
0,27.13407,5
0,27.14189,5
0,27.15105,5
0,27.15999,5
0,27.16857,5
0,27.1778,5
0,27.1857,5
0,27.19498,5
0,27.20349,5
0,27.2125,5
0,27.22035,5
0,27.22912,5
0,27.23755,5
0,27.24677,5
0,27.25472,5
0,27.26317,5
0,27.27109,5
0,27.27973,5
0,27.28893,5
0,27.2993,5
0,27.30935,5
0,27.3179,5
0,27.32696,5
0,27.33617,5
0,27.34593,5
0,27.35374,5
0,27.36257,5
0,27.37138,5
0,27.38055,5
0,27.38839,5
0,27.39922,5
0,27.40725,5
0,27.41601,5
0,27.4244,5
0,27.43428,5
0,27.44382,5
0,27.45166,5
0,27.45967,5
0,27.46864,5
0,27.47755,5
0,27.48604,5
0,27.49467,5
0,27.50318,5
0,27.51231,5
0,27.5208,5
-0.01,27.52999,5
-0.01,27.53794,5
-0.01,27.54733,5
-0.02,27.55468,5
-0.02,27.56411,5
-0.02,27.57221,5
-0.06,27.58098,5
-0.06,27.58897,5
-0.06,27.59797,5
-0.2,27.60629,5
-0.2,27.61567,5
-0.2,27.62406,5
-0.62,27.63202,5
-0.62,27.64045,5
-0.62,27.64977,5
-1.54,27.66902,5
-3.1,27.67797,5
-3.1,27.68719,5
-3.1,27.69579,5
-3.1,27.70414,5
-4.59,27.71341,5
-4.59,27.72204,5
-6.02,27.73235,5
-6.02,27.73988,5
-6.02,27.75034,5
-7.61,27.75806,5
-7.61,27.76769,5
-7.61,27.77561,5
-9.01,27.78451,5
-9.01,27.79288,5
-9.01,27.80238,5
-10.01,27.8219,5
-10.01,27.83194,5
-11.22,27.83965,5
-11.22,27.84986,5
-11.22,27.85811,5
-12.43,27.86731,5
-12.43,27.87634,5
-12.43,27.88487,5
-13.32,27.89285,5
-13.32,27.90181,5
-13.32,27.91126,5
-13.93,27.91952,5
-13.93,27.92887,5
-13.93,27.93767,5
-14.24,27.94784,5
-14.24,27.95602,5
-14.36,27.97576,5
-14.36,27.9844,5
-14.57,27.99213,5
-14.57,28.00089,5
-14.57,28.0094,5
-14.6,28.01797,5
-14.6,28.02882,5
-14.6,28.03713,5
-14.6,28.04634,5
-14.6,28.05392,5
-14.6,28.06297,5
-13.95,28.07043,5
-13.95,28.07965,5
-13.95,28.08799,5
-11.19,28.09729,5
-11.19,28.10544,5
-11.19,28.11408,5
-7.98,28.13281,5
-7.98,28.14066,5
-4.89,28.15052,5
-4.89,28.15904,5
-4.89,28.16792,5
-2.2,28.17949,5
-2.2,28.18785,5
-2.2,28.19657,5
-0.81,28.20522,5
-0.81,28.21384,5
-0.81,28.22111,5
-0.27,28.2306,5
-0.27,28.23853,5
-0.27,28.2476,5
-0.09,28.25494,5
-0.09,28.26476,5
-0.09,28.28454,5
-0.09,28.29284,5
-0.27,28.30217,5
-0.27,28.31116,5
-0.27,28.31913,5
-0.27,28.32785,5
-0.93,28.33578,5
-0.93,28.34496,5
-0.93,28.35297,5
-2.48,28.36083,5
-2.48,28.36938,5
-2.48,28.37893,5
-5.01,28.38728,5
-5.01,28.39716,5
-5.01,28.40564,5
-7.66,28.41875,5
-9.74,28.43769,5
-9.74,28.44684,5
-9.74,28.45495,5
-11.42,28.46358,5
-11.42,28.47145,5
-11.42,28.4811,5
-12.76,28.49021,5
-12.76,28.49928,5
-12.76,28.50764,5
-13.74,28.51621,5
-13.74,28.52491,5
-13.74,28.53399,5
-14.42,28.54173,5
-14.42,28.55099,5
-14.42,28.55857,5
-15.05,28.56755,5
-15.05,28.57616,5
-15.37,28.59701,5
-15.37,28.60521,5
-15.37,28.61402,5
-15.66,28.62148,5
-15.66,28.63156,5
-15.66,28.63939,5
-15.75,28.64843,5
-15.75,28.65639,5
-15.75,28.66525,5
-15.73,28.67315,5
-15.73,28.68247,5
-15.73,28.69137,5
-15.2,28.70124,5
-15.2,28.7106,5
-12.5,28.72087,5
-12.5,28.73125,5
-7.78,28.75113,5
-7.78,28.75968,5
-7.78,28.76804,5
-4.09,28.77608,5
-4.09,28.78557,5
-4.09,28.79412,5
-1.63,28.80194,5
-1.63,28.81207,5
-1.63,28.82055,5
-0.46,28.83008,5
-0.46,28.8383,5
-0.46,28.84826,5
-0.07,28.85549,5
-0.07,28.86525,5
-0.07,28.87333,5
-0.01,28.88221,5
-0.01,28.90219,5
-0.01,28.91129,5
-0.01,28.91938,5
-0.01,28.92921,5
-0.01,28.93751,5
-0.01,28.94695,5
-0.06,28.95462,5
-0.06,28.96388,5
-0.06,28.97239,5
-0.34,28.98118,5
-0.34,28.98993,5
-0.34,28.99888,5
-0.66,29.00693,5
-0.66,29.01699,5
-0.66,29.0269,5
-0.89,29.03522,5
-1.38,29.0564,5
-1.38,29.06544,5
-1.38,29.07359,5
-2.05,29.0822,5
-2.05,29.09099,5
-2.05,29.0997,5
-2.05,29.10789,5
-2.4,29.11648,5
-2.4,29.12519,5
-3.41,29.13417,5
-3.41,29.14285,5
-3.41,29.15202,5
-5.91,29.1609,5
-5.91,29.17018,5
-5.91,29.17924,5
-7.73,29.18764,5
-7.73,29.20712,5
-9.78,29.21631,5
-9.78,29.22515,5
-9.78,29.23406,5
-12.16,29.24147,5
-12.16,29.2514,5
-12.16,29.2597,5
-13.22,29.26903,5
-13.22,29.2784,5
-13.22,29.28688,5
-13.26,29.29518,5
-13.26,29.30284,5
-13.26,29.31273,5
-12.6,29.32007,5
-12.6,29.32967,5
-12.6,29.33728,5
-11.06,29.34644,5
-11.06,29.3653,5
-8.21,29.37431,5
-8.21,29.38303,5
-8.21,29.39096,5
-5.04,29.39891,5
-5.04,29.40759,5
-5.04,29.41627,5
-2.64,29.42421,5
-2.64,29.43304,5
-2.64,29.44088,5
-0.99,29.4498,5
-0.99,29.45827,5
-0.99,29.46762,5
-0.25,29.47466,5
-0.25,29.48344,5
-0.25,29.4916,5
-0.05,29.50039,5
-0.05,29.5209,5
-0.01,29.53099,5
-0.01,29.53847,5
-0.01,29.5479,5
-0.01,29.55608,5
-0.01,29.56517,5
-0.01,29.57264,5
0,29.58097,5
0,29.58975,5
0,29.59848,5
0,29.60657,5
0,29.61496,5
0,29.62195,5
-0.01,29.63072,5
-0.01,29.63917,5
-0.01,29.64821,5
-0.01,29.65581,5
-0.01,29.675,5
-0.01,29.68285,5
-0.01,29.69098,5
-0.01,29.69996,5
-0.01,29.7078,5
-0.01,29.71773,5
-0.01,29.72496,5
-0.01,29.73394,5
-0.01,29.74151,5
-0.01,29.75044,5
-0.01,29.75783,5
-0.01,29.76642,5
-0.01,29.774,5
-0.01,29.78374,5
-0.01,29.79134,5
-0.01,29.80324,5
-0.01,29.81194,5
-0.01,29.8211,5
-0.01,29.83142,5
-0.01,29.83928,5
-0.01,29.84892,5
-0.01,29.85666,5
-0.01,29.8663,5
-0.01,29.87411,5
-0.01,29.88284,5
-0.01,29.8913,5
-0.01,29.89969,5
-0.01,29.90805,5
-0.01,29.9174,5
-0.01,29.92583,5
-0.01,29.9346,5
-0.03,29.94231,5
-0.03,29.95217,5
-0.03,29.96107,5
-0.17,29.97139,5
-0.65,29.99451,5
-0.65,30.00289,5
-0.65,30.01241,5
-1.84,30.01974,5
-1.84,30.03156,5
-1.84,30.04134,5
-4.01,30.0508,5
-4.01,30.05953,5
-4.01,30.06831,5
-6.83,30.07608,5
-6.83,30.0855,5
-6.83,30.09445,5
-9.52,30.10314,5
-9.52,30.11321,5
-9.52,30.12083,5
-11.78,30.13066,5
-13.42,30.15618,5
-13.42,30.16522,5
-13.42,30.17323,5
-14.4,30.18139,5
-14.4,30.18972,5
-14.4,30.19858,5
-15.06,30.20637,5
-15.06,30.21509,5
-15.06,30.22237,5
-15.51,30.23158,5
-15.51,30.23995,5
-15.51,30.25009,5
-15.95,30.25711,5
-15.95,30.26633,5
-15.95,30.27492,5
-16.18,30.2837,5
-16.19,30.30392,5
-16.19,30.31309,5
-16.19,30.3206,5
-16.19,30.32921,5
-15.85,30.33713,5
-15.85,30.34653,5
-15.85,30.35474,5
-14.35,30.36384,5
-14.35,30.37223,5
-14.35,30.38134,5
-10.11,30.39003,5
-10.11,30.39897,5
-10.11,30.40733,5
-5.52,30.41513,5
-5.52,30.42295,5
-5.52,30.43257,5
-2.41,30.43999,5
-0.71,30.46019,5
-0.71,30.46965,5
-0.71,30.47769,5
-0.71,30.48613,5
-0.12,30.49496,5
-0.12,30.50289,5
-0.12,30.51203,5
-0.01,30.51967,5
-0.01,30.52983,5
-0.01,30.5374,5
0,30.54717,5
0,30.55434,5
0,30.56286,5
0,30.57111,5
0,30.58069,5
0,30.58862,5
0,30.59764,5
0,30.61691,5
0,30.62402,5
0,30.6323,5
0,30.6401,5
-0.01,30.64896,5
-0.01,30.65693,5
-0.01,30.66576,5
-0.02,30.67335,5
-0.02,30.68248,5
-0.02,30.69073,5
-0.18,30.69986,5
-0.18,30.70827,5
-0.18,30.71688,5
-0.67,30.72551,5
-0.67,30.73508,5
-0.67,30.74308,5
-1.74,30.75219,5
-1.74,30.77052,5
-3.53,30.78003,5
-3.53,30.78827,5
-3.53,30.79748,5
-5.84,30.80528,5
-5.84,30.81382,5
-5.84,30.82154,5
-7.5,30.83041,5
-7.5,30.83833,5
-7.5,30.84815,5
-9.13,30.85533,5
-9.13,30.86464,5
-9.13,30.87233,5
-10.62,30.88113,5
-10.62,30.88944,5
-10.62,30.89807,5
-12.08,30.90657,5
-12.08,30.92571,5
-13.33,30.93461,5
-13.33,30.94284,5
-13.33,30.95214,5
-14.3,30.95907,5
-14.3,30.96851,5
-14.3,30.97634,5
-14.84,30.985,5
-14.84,30.994,5
-14.84,31.00261,5
-15.33,31.01217,5
-15.33,31.01981,5
-15.33,31.03012,5
-15.74,31.03875,5
-15.74,31.04836,5
-15.74,31.05615,5
-15.82,31.06524,5
-15.91,31.08455,5
-15.91,31.09291,5
-15.91,31.1026,5
-15.76,31.11306,5
-15.76,31.12219,5
-15.76,31.13155,5
-14.96,31.13887,5
-14.96,31.14846,5
-14.96,31.15569,5
-12.86,31.16468,5
-12.86,31.17453,5
-12.86,31.18674,5
-10.61,31.19599,5
-10.61,31.20468,5
-10.61,31.21418,5
-7.84,31.22188,5
-5.1,31.2429,5
-5.1,31.25243,5
-5.1,31.26074,5
-2.89,31.26905,5
-2.89,31.27824,5
-2.89,31.28799,5
-1.25,31.29665,5
-1.25,31.30516,5
-1.25,31.31419,5
-0.55,31.32184,5
-0.55,31.33181,5
-0.55,31.34096,5
-0.19,31.35022,5
-0.19,31.36378,5
-0.06,31.37192,5
-0.06,31.39186,5
-0.02,31.40148,5
-0.02,31.41084,5
-0.02,31.41882,5
-0.02,31.42832,5
-0.02,31.43639,5
-0.02,31.44571,5
-0.02,31.45403,5
-0.02,31.46484,5
-0.02,31.47377,5
-0.01,31.48374,5
-0.01,31.4947,5
-0.01,31.50333,5
-0.01,31.51406,5
-0.01,31.52324,5
-0.01,31.54279,5
-0.01,31.55166,5
-0.01,31.56108,5
-0.01,31.5697,5
-0.01,31.57794,5
-0.01,31.58569,5
-0.01,31.5942,5
-0.01,31.60279,5
-0.01,31.61333,5
-0.01,31.62143,5
-0.01,31.63176,5
-0.01,31.63999,5
-0.01,31.64944,5
0,31.65975,5
0,31.66872,5
0,31.67941,5
0,31.69872,5
0,31.70638,5
0,31.71514,5
0,31.72307,5
0,31.73246,5
0,31.73953,5
0,31.74904,5
0,31.75704,5
0,31.76583,5
0,31.77412,5
0,31.78203,5
0,31.79043,5
0,31.79935,5
0,31.80795,5
0,31.81674,5
0,31.82726,5
-0.01,31.84896,6
-0.01,31.85729,6
-0.01,31.86553,6
-0.01,31.87356,6
-0.01,31.88081,6
-0.01,31.88828,6
-0.01,31.89502,6
-0.01,31.90254,6
-0.01,31.91099,6
-0.01,31.91908,6
-0.01,31.92705,6
-0.01,31.93406,6
-0.01,31.94277,6
-0.01,31.94984,6
-0.01,31.95806,6
-0.01,31.96589,6
-0.01,31.97499,6
-0.01,31.98261,6
-0.01,32.00039,6
-0.01,32.00846,6
-0.01,32.01534,6
-0.01,32.02377,6
-0.01,32.0308,6
-0.01,32.03945,6
-0.01,32.0467,6
0,32.05479,6
0,32.0625,6
0,32.06966,6
0,32.07744,6
0,32.08505,6
0,32.09291,6
0,32.10027,6
0,32.10779,6
0,32.11569,6
0,32.12663,6
0,32.13462,6
0,32.15331,6
0,32.16139,6
0,32.16819,6
0,32.17708,6
0,32.18474,6
0,32.19322,6
0,32.20129,6
0,32.2093,6
0,32.21685,6
0,32.22551,6
0,32.23273,6
0,32.24206,6
0,32.24868,6
0,32.25794,6
0,32.26531,6
0,32.27412,6
0,32.28136,6
0,32.28968,6
0,32.29697,6
0,32.30568,6
0,32.31298,6
0,32.32194,6
0,32.3285,6
-0.01,32.33596,6
-0.01,32.34488,6
-0.01,32.35286,6
-0.01,32.36129,6
-0.01,32.36826,6
-0.01,32.37654,6
-0.01,32.38519,6
-0.01,32.39396,6
-0.01,32.40142,6
-0.01,32.40956,6
0,32.41682,6
0,32.42597,6
0,32.43314,6
0,32.44238,6
0,32.44921,6
0,32.45757,6
0,32.46513,6
0,32.47551,6
0,32.48486,6
0,32.49331,6
0,32.5011,6
0,32.50927,6
0,32.51665,6
0,32.52571,6
0,32.53294,6
-0.01,32.5424,6
-0.01,32.54978,6
-0.01,32.55928,6
0,32.56847,6
0,32.57714,6
0,32.58482,6
0,32.59256,6
-0.01,32.60155,6
-0.01,32.61103,6
-0.01,32.61948,6
-0.01,32.62786,6
-0.01,32.63511,6
-0.01,32.64397,6
0,32.65176,6
0,32.661,6
0,32.66851,6
-0.03,32.67691,6
-0.03,32.68521,6
-0.03,32.69397,6
-0.18,32.70186,6
-0.18,32.7109,6
-0.18,32.71886,6
-0.66,32.72717,6
-0.66,32.73589,6
-0.66,32.74686,6
-1.38,32.76876,6
-2.75,32.78028,6
-2.75,32.78902,6
-2.75,32.79713,6
-5.01,32.80594,6
-5.01,32.81476,6
-5.01,32.82402,6
-6.97,32.83109,6
-6.97,32.84142,6
-6.97,32.84867,6
-8.93,32.85752,6
-8.93,32.86564,6
-8.93,32.87451,6
-10.53,32.88248,6
-10.53,32.89149,6
-10.53,32.89965,6
-11.49,32.91963,6
-11.67,32.93316,6
-11.67,32.94213,6
-11.67,32.94981,6
-11.54,32.95927,6
-11.54,32.96752,6
-11.54,32.97563,6
-10.76,32.98379,6
-10.76,32.99254,6
-10.76,33.00137,6
-8.15,33.01022,6
-8.15,33.01854,6
-8.15,33.02905,6
-5.08,33.03753,6
-5.08,33.04763,6
-5.08,33.05672,6
-2.52,33.07553,6
-2.52,33.08356,6
-0.93,33.09221,6
-0.93,33.10048,6
-0.93,33.1091,6
-0.19,33.11615,6
-0.19,33.12582,6
-0.19,33.13383,6
-0.02,33.14328,6
-0.02,33.15164,6
-0.02,33.16178,6
-0.01,33.16923,6
-0.01,33.1783,6
-0.01,33.18686,6
-0.01,33.19488,6
-0.01,33.203,6
-0.01,33.21176,6
-0.01,33.231,6
-0.01,33.24016,6
-0.09,33.24829,6
-0.09,33.25894,6
-0.09,33.26766,6
-0.47,33.27634,6
-0.47,33.28515,6
-0.47,33.29398,6
-1.21,33.30297,6
-1.21,33.31152,6
-1.21,33.32086,6
-3.08,33.32993,6
-3.08,33.33918,6
-6.12,33.34785,6
-6.12,33.35643,6
-6.12,33.36555,6
-8.9,33.38526,6
-8.9,33.39461,6
-11.16,33.40358,6
-11.16,33.41217,6
-11.16,33.42107,6
-12.58,33.42973,6
-12.58,33.43908,6
-12.58,33.44764,6
-13.54,33.45607,6
-13.54,33.46478,6
-13.54,33.47441,6
-14.19,33.48321,6
-14.19,33.49213,6
-14.19,33.50029,6
-14.64,33.50901,6
-14.64,33.51769,6
-15,33.5387,6
-15,33.54732,6
-15.32,33.556,6
-15.32,33.5641,6
-15.32,33.57361,6
-15.46,33.58173,6
-15.46,33.59066,6
-15.46,33.59841,6
-15.46,33.60704,6
-15.53,33.6147,6
-15.53,33.62468,6
-15.53,33.63205,6
-15.45,33.64132,6
-15.45,33.64951,6
-15.45,33.65847,6
-14.84,33.6661,6
-14.84,33.67551,6
-12.08,33.69547,6
-12.08,33.70414,6
-7.52,33.7122,6
-7.52,33.72117,6
-7.52,33.72942,6
-3.85,33.73708,6
-3.85,33.74612,6
-3.85,33.75565,6
-1.5,33.76531,6
-1.5,33.77462,6
-1.5,33.7834,6
-0.43,33.79185,6
-0.43,33.80041,6
-0.43,33.80927,6
-0.09,33.81696,6
-0.09,33.82714,6
-0.01,33.84549,6
-0.01,33.85388,6
-0.01,33.86305,6
0,33.87142,6
0,33.88023,6
0,33.88984,6
0,33.89843,6
0,33.90855,6
0,33.91632,6
0,33.92586,6
0,33.93377,6
0,33.94267,6
-0.01,33.94973,6
-0.01,33.95852,6
-0.01,33.96695,6
-0.01,33.97529,6
-0.01,33.98354,6
-0.01,34.0027,6
-0.01,34.01073,6
-0.01,34.01941,6
-0.02,34.02821,6
-0.02,34.0379,6
-0.02,34.04744,6
-0.13,34.06086,6
-0.13,34.06892,6
-0.39,34.07841,6
-0.39,34.08741,6
-0.39,34.09547,6
-0.71,34.10347,6
-0.71,34.11207,6
-0.71,34.12096,6
-1.1,34.12898,6
-1.1,34.13869,6
-1.87,34.1587,6
-1.87,34.16626,6
-1.87,34.17539,6
-3.65,34.18324,6
-3.65,34.19264,6
-3.65,34.20243,6
-6.51,34.21452,6
-6.51,34.22378,6
-9.64,34.23194,6
-9.64,34.24135,6
-9.64,34.25007,6
-12.22,34.25835,6
-12.22,34.26682,6
-12.22,34.27576,6
-14.39,34.28351,6
-14.39,34.29226,6
-15.16,34.31213,6
-15.16,34.32002,6
-15.16,34.32936,6
-15.72,34.33714,6
-15.72,34.34654,6
-15.72,34.3548,6
-16.08,34.3631,6
-16.08,34.37187,6
-16.08,34.3804,6
-16.37,34.38921,6
-16.37,34.39671,6
-16.37,34.40663,6
-16.52,34.41385,6
-16.52,34.42411,6
-16.52,34.43179,6
-16.44,34.44123,6
-16.44,34.44876,6
-16.19,34.46838,6
-16.19,34.47729,6
-16.19,34.48584,6
-15.01,34.49384,6
-15.01,34.50225,6
-15.01,34.51056,6
-11.43,34.51883,6
-11.43,34.529,6
-11.43,34.53721,6
-7.17,34.54651,6
-7.17,34.55495,6
-7.17,34.56422,6
-3.86,34.57319,6
-3.86,34.58221,6
-3.86,34.59163,6
-1.68,34.59943,6
-1.68,34.61848,6
-0.56,34.62776,6
-0.56,34.6362,6
-0.56,34.64533,6
-0.11,34.65343,6
-0.11,34.66243,6
-0.11,34.67112,6
-0.03,34.68024,6
-0.03,34.68966,6
-0.03,34.69791,6
-0.01,34.70794,6
-0.01,34.71605,6
0,34.72543,6
0,34.73367,6
0,34.74296,6
-0.02,34.75113,6
-0.02,34.77302,6
-0.33,34.78186,6
-0.33,34.79173,6
-0.33,34.79989,6
-1.74,34.80862,6
-1.74,34.8162,6
-1.74,34.8259,6
-4.88,34.83342,6
-4.88,34.84376,6
-4.88,34.85163,6
-7.69,34.8604,6
-7.69,34.86859,6
-7.69,34.87749,6
-9.92,34.88613,6
-9.92,34.89497,6
-9.92,34.9035,6
-12.09,34.92335,6
-12.09,34.93204,6
-13.53,34.9418,6
-13.53,34.94984,6
-13.53,34.95848,6
-13.97,34.96631,6
-13.97,34.97518,6
-13.97,34.98355,6
-13.42,34.99186,6
-13.42,35.00142,6
-13.42,35.00944,6
-11.57,35.01687,6
-11.57,35.02675,6
-11.57,35.03498,6
-8.17,35.04396,6
-8.17,35.0515,6
-8.17,35.06103,6
-4.71,35.07936,6
-4.71,35.08848,6
-2.13,35.09637,6
-2.13,35.10654,6
-2.13,35.11435,6
-0.75,35.12334,6
-0.75,35.13141,6
-0.75,35.14063,6
-0.2,35.14788,6
-0.2,35.15662,6
-0.2,35.16484,6
-0.06,35.17363,6
-0.06,35.18235,6
-0.06,35.19228,6
-0.01,35.20003,6
-0.01,35.20863,6
-0.01,35.21714,6
-0.01,35.23737,6
-0.01,35.24627,6
-0.01,35.25447,6
-0.01,35.26204,6
-0.01,35.27051,6
-0.01,35.27876,6
-0.01,35.28881,6
0,35.31249,7
0,35.32076,7
0,35.328,7
0,35.33567,7
0,35.34341,7
0,35.35117,7
0,35.35853,7
0,35.36607,7
0,35.37399,7
0,35.38231,7
0,35.38997,7
0,35.39844,7
0,35.40569,7
0,35.41406,7
0,35.42178,7
-0.01,35.42958,7
-0.01,35.43814,7
-0.01,35.44571,7
-0.01,35.46478,7
-0.01,35.47248,7
-0.01,35.48144,7
-0.01,35.48854,7
-0.01,35.49686,7
-0.01,35.50406,7
-0.01,35.51212,7
-0.01,35.52058,7
-0.01,35.52898,7
-0.01,35.5372,7
-0.01,35.54379,7
-0.01,35.5523,7
-0.01,35.55996,7
-0.01,35.56798,7
-0.01,35.57529,7
-0.01,35.58365,7
-0.01,35.59175,7
-0.01,35.60055,7
-0.01,35.60803,7
-0.01,35.61658,7
-0.01,35.62446,7
-0.01,35.63263,7
-0.01,35.64038,7
-0.01,35.64873,7
-0.01,35.65615,7
-0.01,35.664,7
-0.01,35.67237,7
-0.01,35.68097,7
0,35.6888,7
0,35.69821,7
0,35.70583,7
0,35.71394,7
0,35.72266,7
0,35.73087,7
0,35.73934,7
0,35.747,7
0,35.75431,7
0,35.77261,7
0,35.78134,7
0,35.78862,7
0,35.79691,7
0,35.80436,7
0,35.81259,7
0,35.82081,7
0,35.82908,7
0,35.83748,7
0,35.84549,7
0,35.85392,7
0,35.86204,7
0,35.87058,7
0,35.87864,7
0,35.88668,7
0,35.89383,7
0,35.90413,7
0,35.91164,7
0,35.92058,7
0,35.9278,7
0,35.93658,7
0,35.94447,7
0,35.95346,7
0,35.96195,7
0,35.97001,7
0,35.9779,7
0,35.98635,7
0,35.99424,7
0,36.0031,7
0,36.01084,7
0,36.01952,7
-0.01,36.02777,7
-0.01,36.03675,7
-0.01,36.04514,7
-0.02,36.05305,7
-0.02,36.06184,7
-0.27,36.08133,7
-0.27,36.09027,7
-0.27,36.09948,7
-1.34,36.10659,7
-1.34,36.1153,7
-1.34,36.12355,7
-4.47,36.13225,7
-4.47,36.14063,7
-4.47,36.14891,7
-7.78,36.15705,7
-7.78,36.16695,7
-7.78,36.17601,7
-10.37,36.18724,7
-10.37,36.1949,7
-10.37,36.20382,7
-12.3,36.21131,7
-12.3,36.22092,7
-13.47,36.24022,7
-13.47,36.24964,7
-14.02,36.2576,7
-14.02,36.26634,7
-14.02,36.27385,7
-14.52,36.28375,7
-14.52,36.29172,7
-14.52,36.30172,7
-14.52,36.3086,7
-14.88,36.31702,7
-14.88,36.32552,7
-14.88,36.33413,7
-15.09,36.34211,7
-15.09,36.3505,7
-15.09,36.35895,7
-15.06,36.36759,7
-15.06,36.3756,7
-14.6,36.39528,7
-14.6,36.40434,7
-14.6,36.41187,7
-12.4,36.42065,7
-12.4,36.4288,7
-12.4,36.43834,7
-8.76,36.44593,7
-8.76,36.45399,7
-5.33,36.46657,7
-5.33,36.47395,7
-5.33,36.48395,7
-2.66,36.49093,7
-2.66,36.50023,7
-2.66,36.50808,7
-1,36.51671,7
-1,36.52525,7
-1,36.53397,7
-0.26,36.55264,7
-0.26,36.56047,7
-0.26,36.56863,7
-0.05,36.57647,7
-0.05,36.58583,7
-0.05,36.59419,7
-0.01,36.60316,7
-0.01,36.6116,7
-0.01,36.62175,7
-0.01,36.64067,7
0,36.65054,7
0,36.65843,7
0,36.66788,7
0,36.67518,7
0,36.68536,7
0,36.70417,7
0,36.71341,7
0,36.72253,7
0,36.73079,7
0,36.73944,7
0,36.74807,7
-0.01,36.75623,7
-0.01,36.76567,7
-0.01,36.77313,7
-0.01,36.78255,7
-0.01,36.78996,7
-0.01,36.79895,7
-0.01,36.80652,7
-0.01,36.81481,7
-0.01,36.82293,7
-0.01,36.83171,7
-0.01,36.83983,7
-0.01,36.85939,7
-0.01,36.86917,7
-0.01,36.87608,7
-0.01,36.88481,7
-0.01,36.89277,7
-0.01,36.90155,7
-0.04,36.90892,7
-0.04,36.91806,7
-0.04,36.92619,7
-0.29,36.93466,7
-0.29,36.943,7
-0.29,36.95187,7
-0.88,36.95947,7
-0.88,36.96906,7
-0.88,36.97726,7
-2.82,36.98611,7
-2.82,36.99416,7
-6.29,37.01408,7
-6.29,37.0224,7
-6.29,37.03135,7
-9.17,37.03947,7
-9.17,37.04817,7
-9.17,37.05526,7
-11.55,37.06422,7
-11.55,37.07256,7
-11.55,37.0823,7
-13.53,37.08976,7
-13.53,37.09924,7
-13.53,37.10674,7
-14.26,37.1153,7
-14.26,37.12363,7
-14.26,37.13278,7
-14.26,37.14011,7
-14.7,37.14959,7
-14.88,37.17,7
-14.88,37.17993,7
-14.88,37.1877,7
-14.95,37.19538,7
-14.95,37.20488,7
-14.95,37.21344,7
-14.91,37.22184,7
-14.91,37.23026,7
-14.91,37.23824,7
-14.83,37.24708,7
-14.83,37.25526,7
-14.83,37.26488,7
-14.37,37.2724,7
-14.37,37.28196,7
-14.37,37.28994,7
-12.91,37.299,7
-12.91,37.3074,7
-9.55,37.32655,7
-9.55,37.33538,7
-9.55,37.34363,7
-6.17,37.35213,7
-6.17,37.36029,7
-6.17,37.36912,7
-3.39,37.37682,7
-3.39,37.38612,7
-3.39,37.39399,7
-1.44,37.40307,7
-1.44,37.4113,7
-1.44,37.42029,7
-0.47,37.42759,7
-0.47,37.43661,7
-0.47,37.44563,7
-0.13,37.4538,7
-0.13,37.46374,7
-0.03,37.48309,7
-0.03,37.49115,7
-0.03,37.50063,7
-0.01,37.50841,7
-0.01,37.51713,7
-0.01,37.5251,7
-0.01,37.53373,7
-0.01,37.54208,7
-0.01,37.55044,7
-0.01,37.55883,7
-0.01,37.56809,7
-0.01,37.57742,7
-0.01,37.58627,7
-0.01,37.59407,7
-0.01,37.60342,7
-0.01,37.6111,7
-0.01,37.62022,7
-0.01,37.63816,7
-0.01,37.64722,7
-0.01,37.65516,7
-0.01,37.66386,7
-0.01,37.67196,7
-0.01,37.68058,7
-0.01,37.68864,7
-0.01,37.69731,7
-0.01,37.7051,7
-0.01,37.71375,7
-0.01,37.72133,7
-0.01,37.73142,7
-0.01,37.7405,7
-0.01,37.75045,7
-0.01,37.75788,7
0,37.766,7
0,37.77372,7
-0.01,37.79302,7
-0.01,37.80481,7
-0.01,37.81254,7
-0.01,37.82108,7
-0.01,37.82832,7
-0.01,37.83687,7
-0.01,37.84484,7
-0.01,37.85411,7
-0.01,37.86222,7
0,37.87054,7
0,37.87867,7
0,37.88734,7
0,37.89461,7
0,37.90388,7
0,37.9115,7
0,37.91984,7
0,37.92809,7
-0.01,37.9487,7
-0.01,37.95802,7
-0.01,37.96955,7
-0.22,37.99403,8
-0.22,38.00183,8
-0.55,38.01034,8
-0.55,38.01901,8
-0.55,38.02649,8
-1.48,38.03493,8
-1.48,38.04227,8
-1.48,38.05099,8
-5.29,38.05852,8
-5.29,38.06676,8
-5.29,38.07848,8
-8.59,38.08653,8
-8.59,38.09462,8
-8.59,38.10319,8
-10.07,38.11069,8
-10.07,38.11931,8
-10.07,38.127,8
-9.79,38.14488,8
-9.79,38.15396,8
-8.68,38.16555,8
-8.68,38.17588,8
-8.68,38.18341,8
-6.52,38.19139,8
-6.52,38.20017,8
-6.52,38.20944,8
-4.09,38.21775,8
-4.09,38.22559,8
-4.09,38.23371,8
-2.11,38.24216,8
-2.11,38.25053,8
-2.11,38.25839,8
-0.82,38.26547,8
-0.82,38.27426,8
-0.82,38.28178,8
-0.29,38.30141,8
-0.29,38.30961,8
-0.11,38.31847,8
-0.11,38.32646,8
-0.11,38.33457,8
-0.04,38.34229,8
-0.04,38.35115,8
-0.04,38.35906,8
-0.04,38.3663,8
-0.01,38.37534,8
-0.01,38.38281,8
-0.01,38.3923,8
-0.01,38.39975,8
-0.01,38.40831,8
-0.01,38.41645,8
-0.01,38.42488,8
-0.01,38.43368,8
-0.01,38.45429,8
-0.01,38.46191,8
-0.01,38.4713,8
-0.01,38.47814,8
-0.01,38.48713,8
-0.01,38.49506,8
-0.11,38.50364,8
-0.11,38.51211,8
-0.11,38.52033,8
-1.12,38.52814,8
-1.12,38.53807,8
-1.12,38.54564,8
-5.5,38.55508,8
-5.5,38.56237,8
-5.5,38.57159,8
-9.66,38.5791,8
-9.66,38.58915,8
-12.14,38.60825,8
-12.14,38.61641,8
-12.14,38.62486,8
-13.5,38.63314,8
-13.5,38.64317,8
-13.5,38.6523,8
-14.14,38.65965,8
-14.14,38.66892,8
-14.14,38.6773,8
-14.76,38.68597,8
-14.76,38.69433,8
-14.76,38.70319,8
-15.25,38.71058,8
-15.25,38.72097,8
-15.25,38.72989,8
-15.52,38.73832,8
-15.52,38.74786,8
-15.7,38.76699,8
-15.7,38.77531,8
-15.7,38.78331,8
-15.8,38.79216,8
-15.8,38.80024,8
-15.8,38.80882,8
-15.6,38.81656,8
-15.6,38.82558,8
-15.6,38.83506,8
-14.65,38.84262,8
-14.65,38.85246,8
-14.65,38.86029,8
-11.48,38.86897,8
-11.48,38.87765,8
-11.48,38.88657,8
-7.15,38.89483,8
-7.15,38.90341,8
-3.54,38.92294,8
-3.54,38.93094,8
-3.54,38.94018,8
-1.47,38.94778,8
-1.47,38.95688,8
-1.47,38.9646,8
-0.43,38.97401,8
-0.43,38.98212,8
-0.43,38.99126,8
-0.09,38.99898,8
-0.09,39.00825,8
-0.09,39.01758,8
-0.02,39.02571,8
-0.02,39.03537,8
-0.02,39.0435,8
-0.01,39.05322,8
-0.01,39.06134,8
-0.01,39.08173,8
-0.01,39.09049,8
-0.01,39.09809,8
-0.01,39.10663,8
-0.01,39.11425,8
-0.01,39.12297,8
-0.01,39.13132,8
-0.01,39.13997,8
-0.01,39.14782,8
-0.01,39.15634,8
-0.01,39.16431,8
-0.01,39.17299,8
-0.01,39.18116,8
-0.01,39.18982,8
-0.01,39.197,8
-0.01,39.2053,8
-0.01,39.21419,8
-0.01,39.23379,8
-0.01,39.24189,8
-0.01,39.2503,8
-0.01,39.25789,8
-0.01,39.26574,8
-0.01,39.27453,8
-0.01,39.28227,8
-0.01,39.29125,8
-0.01,39.29873,8
-0.01,39.3075,8
-0.01,39.31576,8
-0.01,39.32566,8
-0.01,39.33614,8
-0.01,39.34325,8
-0.01,39.35239,8
-0.01,39.36013,8
-0.01,39.36927,8
-0.01,39.38924,8
-0.01,39.39769,8
-0.01,39.40897,8
-0.01,39.41726,8
-0.01,39.42693,8
-0.01,39.43719,8
-0.01,39.44444,8
-0.01,39.45329,8
-0.01,39.46063,8
-0.01,39.4697,8
-0.01,39.47815,8
-0.01,39.48723,8
-0.01,39.49529,8
-0.01,39.50345,8
-0.01,39.51168,8
-0.01,39.52069,8
-0.01,39.54087,8
-0.01,39.54916,8
-0.01,39.55759,8
-0.01,39.56507,8
-0.01,39.57497,8
-0.01,39.5878,8
-0.01,39.59527,8
-0.01,39.60387,8
-0.01,39.61107,8
-0.01,39.62109,8
-0.01,39.62849,8
-0.01,39.63736,8
-0.02,39.64502,8
-0.02,39.65448,8
-0.02,39.66211,8
-0.12,39.67139,8
-0.12,39.69097,8
-0.85,39.69922,8
-0.85,39.70679,8
-0.85,39.71628,8
-3.74,39.72665,8
-3.74,39.73598,8
-3.74,39.74334,8
-7.33,39.75222,8
-7.33,39.76064,8
-7.33,39.76928,8
-9.88,39.77735,8
-9.88,39.78602,8
-9.88,39.79399,8
-11.72,39.80269,8
-11.72,39.81116,8
-11.72,39.81988,8
-12.21,39.82735,8
-12.21,39.84768,8
-12.23,39.85658,8
-12.23,39.86501,8
-12.23,39.87418,8
-12.32,39.88174,8
-12.32,39.89087,8
-12.32,39.89882,8
-12.66,39.90724,8
-12.66,39.91587,8
-12.66,39.92404,8
-12.72,39.93208,8
-12.72,39.94075,8
-12.72,39.94915,8
-12.28,39.95739,8
-12.28,39.9655,8
-12.28,39.97448,8
-10.25,39.98247,8
-10.25,40.00277,8
-7.27,40.0113,8
-7.27,40.02018,8
-7.27,40.02757,8
-4.46,40.03696,8
-4.46,40.04466,8
-4.46,40.05494,8
-2.37,40.06208,8
-2.37,40.07219,8
-2.37,40.07951,8
-1.01,40.0881,8
-1.01,40.09674,8
-1.01,40.10527,8
-0.31,40.11291,8
-0.31,40.12139,8
-0.31,40.12971,8
-0.05,40.13852,8
-0.05,40.15757,8
-0.01,40.16582,8
-0.01,40.17439,8
-0.01,40.18186,8
-0.01,40.19126,8
-0.01,40.20004,8
-0.01,40.21011,8
-0.01,40.21882,8
-0.01,40.22641,8
-0.01,40.23621,8
-0.01,40.24413,8
-0.01,40.25402,8
-0.01,40.26122,8
-0.01,40.2715,8
-0.01,40.27874,8
-0.01,40.28774,8
-0.01,40.2961,8
-0.01,40.31493,8
-0.01,40.32311,8
-0.01,40.33128,8
-0.01,40.34118,8
-0.01,40.35025,8
-0.01,40.35858,8
-0.01,40.36664,8
-0.01,40.37512,8
-0.01,40.3833,8
-0.01,40.39209,8
-0.01,40.39986,8
-0.01,40.4083,8
-0.01,40.41652,8
-0.01,40.42433,8
-0.01,40.43237,8
-0.01,40.44114,8
-0.01,40.44952,8
-0.01,40.45803,8
-0.01,40.46504,8
-0.01,40.47377,8
0,40.48138,8
0,40.49112,8
0,40.49924,8
0,40.50769,8
0,40.51542,8
0,40.52462,8
0,40.53249,8
0,40.54113,8
0,40.54864,8
0,40.55735,8
0,40.5656,8
0,40.57425,8
0,40.58228,8
0,40.59171,8
0,40.60155,8
-0.01,40.62732,9
-0.01,40.6376,9
-0.01,40.6479,9
-0.01,40.65727,9
-0.01,40.66553,9
-0.01,40.67624,9
-0.01,40.68464,9
-0.01,40.69413,9
-0.01,40.70295,9
-0.01,40.7123,9
-0.01,40.72172,9
-0.01,40.72969,9
-0.01,40.74183,9
-0.01,40.74911,9
-0.01,40.75788,9
-0.01,40.77716,9
-0.01,40.78539,9
-0.01,40.79427,9
-0.01,40.80221,9
-0.01,40.81048,9
-0.01,40.81802,9
-0.01,40.82617,9
-0.01,40.83405,9
-0.01,40.84269,9
-0.01,40.85051,9
-0.01,40.85911,9
-0.01,40.86718,9
-0.01,40.87619,9
-0.01,40.88433,9
-0.01,40.89331,9
-0.01,40.90221,9
-0.01,40.91074,9
-0.01,40.91896,9
-0.01,40.92799,9
-0.01,40.93572,9
-0.01,40.94415,9
-0.01,40.95122,9
-0.01,40.96028,9
-0.01,40.96777,9
-0.01,40.97663,9
-0.01,40.98378,9
-0.01,40.99287,9
-0.01,41.00099,9
-0.01,41.00996,9
-0.01,41.01828,9
-0.01,41.02633,9
-0.01,41.03336,9
-0.01,41.04247,9
-0.01,41.0503,9
-0.01,41.05914,9
-0.01,41.06682,9
-0.01,41.0761,9
-0.01,41.08422,9
-0.01,41.09305,9
-0.01,41.10099,9
-0.01,41.10948,9
-0.01,41.11742,9
-0.01,41.12565,9
-0.01,41.13325,9
-0.01,41.14195,9
-0.01,41.1538,9
-0.04,41.16111,9
-0.04,41.169,9
-0.04,41.17813,9
-0.63,41.18575,9
-0.63,41.19426,9
-0.63,41.20278,9
-3.04,41.21102,9
-3.04,41.21963,9
-6.41,41.2406,9
-6.41,41.25088,9
-9.11,41.26197,9
-9.11,41.27152,9
-9.11,41.28404,9
-11,41.29183,9
-11,41.30032,9
-11,41.30949,9
-12.68,41.3173,9
-12.68,41.32584,9
-12.68,41.33411,9
-13.58,41.34277,9
-13.58,41.35061,9
-13.58,41.36019,9
-14.02,41.3675,9
-14.02,41.37732,9
-14.63,41.39624,9
-14.63,41.40545,9
-14.63,41.41341,9
-14.98,41.4223,9
-14.98,41.43026,9
-14.98,41.43961,9
-15.17,41.44729,9
-15.17,41.4574,9
-15.17,41.46483,9
-15.06,41.47328,9
-15.06,41.48182,9
-15.06,41.49084,9
-14.76,41.49843,9
-14.76,41.50761,9
-14.76,41.51604,9
-12.76,41.5242,9
-12.76,41.53232,9
-8.78,41.55267,9
-8.78,41.56117,9
-8.78,41.56843,9
-4.97,41.57785,9
-4.97,41.58665,9
-4.97,41.59489,9
-2.33,41.60337,9
-2.33,41.61135,9
-2.33,41.6202,9
-0.82,41.62838,9
-0.82,41.63725,9
-0.82,41.64562,9
-0.21,41.65331,9
-0.21,41.66232,9
-0.21,41.67092,9
-0.03,41.67957,9
-0.03,41.68873,9
-0.01,41.70811,9
-0.01,41.71576,9
-0.01,41.7247,9
0,41.73225,9
0,41.74159,9
0,41.74902,9
0,41.7584,9
0,41.76655,9
0,41.77542,9
0,41.7839,9
0,41.79218,9
0,41.80019,9
0,41.80859,9
0,41.81686,9
0,41.82565,9
0,41.83326,9
0,41.84187,9
0,41.86092,9
0,41.8701,9
0,41.87846,9
0,41.88675,9
0,41.89531,9
0,41.90383,9
-0.01,41.91217,9
-0.01,41.92133,9
-0.01,41.92907,9
0,41.93869,9
0,41.94654,9
0,41.9551,9
0,41.96316,9
0,41.97201,9
0,41.97954,9
-0.01,41.9882,9
-0.01,41.99766,9
-0.01,42.01701,9
-0.01,42.02605,9
-0.01,42.03372,9
-0.01,42.04243,9
-0.01,42.04994,9
-0.01,42.05838,9
-0.01,42.06616,9
-0.01,42.07512,9
-0.01,42.08306,9
-0.04,42.09156,9
-0.04,42.09953,9
-0.04,42.10833,9
-0.09,42.11644,9
-0.09,42.12514,9
-0.09,42.1329,9
-0.09,42.1413,9
-0.13,42.14964,9
-0.17,42.1715,9
-0.17,42.18005,9
-0.17,42.18915,9
-0.3,42.19702,9
-0.3,42.2071,9
-0.3,42.21531,9
-0.68,42.22483,9
-0.68,42.23316,9
-0.68,42.2431,9
-2.04,42.25176,9
-2.04,42.26204,9
-2.04,42.27165,9
-4.6,42.28005,9
-4.6,42.28947,9
-4.6,42.29792,9
-7.85,42.30682,9
-10.24,42.32722,9
-10.24,42.33621,9
-10.24,42.34544,9
-11.97,42.35446,9
-11.97,42.36369,9
-11.97,42.37276,9
-13.18,42.38105,9
-13.18,42.3904,9
-13.18,42.39931,9
-13.76,42.40877,9
-13.76,42.42068,9
-13.97,42.42958,9
-13.97,42.44055,9
-13.97,42.44906,9
-14.33,42.45877,9
-14.33,42.47801,9
-14.4,42.48612,9
-14.4,42.49429,9
-14.4,42.50359,9
-14.15,42.51109,9
-14.15,42.52023,9
-14.15,42.53011,9
-12.64,42.53918,9
-12.64,42.54782,9
-12.64,42.55772,9
-9.19,42.56617,9
-9.19,42.57574,9
-5.34,42.58802,9
-5.34,42.59604,9
-5.34,42.60445,9
-2.54,42.61238,9
-2.54,42.63251,9
-0.93,42.64148,9
-0.93,42.64893,9
-0.93,42.65785,9
-0.25,42.66555,9
-0.25,42.67499,9
-0.25,42.68322,9
-0.03,42.69148,9
-0.03,42.69992,9
-0.03,42.70863,9
-0.01,42.71757,9
-0.01,42.7261,9
-0.01,42.73573,9
-0.01,42.74467,9
-0.01,42.7587,9
-0.01,42.76722,9
-0.01,42.78759,9
0,42.79557,9
0,42.80408,9
0,42.81271,9
0,42.82305,9
0,42.83142,9
0,42.84076,9
0,42.84864,9
0,42.8583,9
0,42.86626,9
0,42.87493,9
0,42.88308,9
0,42.89374,9
0,42.90122,9
0,42.9099,9
0,42.91798,9
0,42.93848,9
0,42.94628,9
0,42.95582,9
0,42.96313,9
0,42.9734,9
0,42.98261,9
0,42.99093,9
0,42.9988,9
0,43.00747,9
0,43.01502,9
0,43.02431,9
0,43.0321,9
0,43.04137,9
0,43.04892,9
0,43.05727,9
0,43.06509,9
0,43.07463,9
0,43.08226,9
0,43.09132,9
0,43.0985,9
0,43.10838,9
0,43.11635,9
0,43.12495,9
0,43.13235,9
0,43.14132,9
0,43.14927,9
0,43.15825,9
0,43.16671,9
0,43.17541,9
0,43.1838,9
0,43.19335,9
0,43.2017,9
0,43.2107,9
0,43.22057,9
0,43.22868,9
0,43.2391,9
-0.01,43.26314,10
-0.01,43.27101,10
-0.01,43.27971,10
-0.01,43.28761,10
-0.01,43.29548,10
-0.01,43.30376,10
-0.01,43.31245,10
-0.01,43.32044,10
-0.01,43.32861,10
-0.01,43.33651,10
-0.01,43.34475,10
-0.01,43.35242,10
-0.01,43.36129,10
-0.01,43.36816,10
-0.01,43.37636,10
-0.01,43.3836,10
-0.01,43.39228,10
-0.01,43.41133,10
-0.01,43.4187,10
-0.01,43.42683,10
-0.01,43.4341,10
-0.01,43.44284,10
-0.01,43.44994,10
-0.01,43.45904,10
-0.01,43.46589,10
-0.01,43.47419,10
-0.01,43.48152,10
-0.01,43.49006,10
-0.01,43.4978,10
-0.01,43.50643,10
-0.01,43.51361,10
-0.01,43.52226,10
-0.01,43.5294,10
-0.01,43.53807,10
-0.01,43.54585,10
-0.01,43.55442,10
-0.01,43.56314,10
-0.01,43.57233,10
-0.01,43.58022,10
-0.01,43.58883,10
-0.01,43.5965,10
-0.01,43.60471,10
-0.01,43.61308,10
-0.01,43.62168,10
-0.01,43.63018,10
-0.01,43.63887,10
-0.01,43.64631,10
-0.01,43.65541,10
-0.01,43.66313,10
-0.01,43.67178,10
-0.01,43.67991,10
-0.01,43.68773,10
-0.01,43.69623,10
-0.01,43.70424,10
-0.01,43.71217,10
-0.01,43.72007,10
-0.01,43.72786,10
-0.01,43.7365,10
-0.01,43.74534,10
-0.06,43.75345,10
-0.06,43.76182,10
-0.06,43.76979,10
-0.11,43.77848,10
-0.11,43.78687,10
-0.11,43.79623,10
-0.16,43.80582,10
-0.16,43.81461,10
-0.16,43.8237,10
-0.56,43.83116,10
-0.56,43.84079,10
-0.56,43.84894,10
-1.38,43.86852,10
-3.93,43.87747,10
-3.93,43.88593,10
-3.93,43.89505,10
-3.93,43.90222,10
-7.81,43.91123,10
-7.81,43.91943,10
-7.81,43.92818,10
-10.58,43.93658,10
-10.58,43.94508,10
-10.58,43.95351,10
-12.38,43.961,10
-12.38,43.96999,10
-12.38,43.97921,10
-13.12,43.98654,10
-13.12,43.99525,10
-13.12,44.00352,10
-14.14,44.0226,10
-14.14,44.03104,10
-14.44,44.04045,10
-14.44,44.0481,10
-14.44,44.05702,10
-14.48,44.06431,10
-14.48,44.0734,10
-14.48,44.08276,10
-14.16,44.09119,10
-14.16,44.09924,10
-14.16,44.10795,10
-12.67,44.11635,10
-12.67,44.12595,10
-12.67,44.134,10
-9.38,44.14255,10
-9.38,44.1501,10
-9.38,44.1596,10
-5.67,44.17851,10
-5.67,44.18748,10
-2.81,44.19637,10
-2.81,44.20484,10
-2.81,44.21336,10
-0.93,44.22175,10
-0.93,44.22977,10
-0.93,44.23888,10
-0.25,44.24644,10
-0.25,44.25562,10
-0.25,44.26434,10
-0.02,44.27275,10
-0.02,44.28101,10
-0.02,44.28955,10
0,44.29791,10
0,44.30704,10
0,44.31544,10
0,44.3342,10
0,44.34277,10
0,44.34964,10
0,44.35855,10
0,44.36643,10
0,44.37612,10
0,44.38345,10
0,44.3918,10
0,44.39949,10
0,44.40822,10
0,44.41626,10
0,44.42483,10
0,44.43284,10
0,44.4422,10
0,44.45105,10
0,44.46339,10
0,44.47152,10
0,44.47998,10
0,44.48797,10
0,44.49661,10
0,44.5054,10
0,44.51404,10
0,44.52249,10
0,44.53024,10
0,44.53917,10
0,44.54714,10
-0.01,44.55609,10
-0.01,44.56385,10
-0.01,44.57225,10
-0.01,44.58013,10
-0.01,44.59078,10
-0.01,44.59977,10
-0.01,44.60819,10
-0.01,44.61661,10
-0.01,44.62636,10
-0.01,44.64995,10
-0.01,44.65851,10
-0.01,44.66637,10
-0.01,44.67535,10
-0.01,44.68268,10
-0.01,44.69117,10
-0.01,44.69964,10
-0.01,44.70814,10
-0.02,44.71594,10
-0.02,44.72462,10
-0.02,44.73297,10
-0.07,44.74163,10
-0.07,44.74949,10
-0.07,44.75874,10
-0.08,44.76665,10
-0.08,44.77679,10
-0.09,44.79632,10
-0.09,44.80666,10
-0.1,44.81473,10
-0.1,44.8241,10
-0.1,44.83126,10
-0.12,44.84206,10
-0.12,44.84942,10
-0.12,44.85889,10
-0.13,44.86625,10
-0.13,44.87572,10
-0.13,44.88375,10
-0.17,44.8918,10
-0.17,44.90004,10
-0.17,44.90868,10
-0.17,44.91658,10
-0.4,44.92518,10
-0.4,44.93363,10
-0.65,44.95337,10
-0.65,44.96236,10
-0.79,44.97007,10
-0.79,44.97938,10
-0.79,44.98767,10
-1.28,44.99641,10
-1.28,45.00517,10
-1.28,45.01366,10
-3.66,45.02201,10
-3.66,45.03052,10
-3.66,45.03992,10
-7.95,45.04743,10
-7.95,45.05791,10
-7.95,45.06518,10
-10.48,45.0746,10
-10.48,45.08295,10
-10.48,45.09231,10
-12.32,45.1112,10
-12.32,45.11872,10
-13.39,45.12683,10
-13.39,45.1354,10
-13.39,45.14407,10
-13.53,45.15129,10
-13.53,45.15999,10
-13.53,45.16866,10
-13.49,45.17774,10
-13.49,45.186,10
-13.49,45.19481,10
-13.49,45.20226,10
-13.05,45.21099,10
-13.05,45.21927,10
-13.05,45.22798,10
-11.32,45.23598,10
-11.32,45.24517,10
-7.64,45.26459,10
-7.64,45.27407,10
-4.26,45.28153,10
-4.26,45.29182,10
-4.26,45.29976,10
-1.84,45.30823,10
-1.84,45.31652,10
-1.84,45.32531,10
-0.66,45.3336,10
-0.66,45.34217,10
-0.66,45.35002,10
-0.66,45.35906,10
-0.19,45.36695,10
-0.19,45.3766,10
-0.19,45.38446,10
-0.03,45.39301,10
-0.03,45.40211,10
-0.01,45.42242,10
-0.01,45.43023,10
0,45.4397,10
0,45.44711,10
0,45.45638,10
0,45.46418,10
0,45.47269,10
0,45.48079,10
0,45.48862,10
0,45.49679,10
0,45.50539,10
0,45.5135,10
0,45.52274,10
0,45.53043,10
0,45.54002,10
0,45.54784,10
0,45.55779,10
0,45.57659,10
0,45.58402,10
0,45.59254,10
-0.01,45.60068,10
-0.01,45.60939,10
-0.01,45.61821,10
-0.01,45.62676,10
-0.01,45.63609,10
-0.01,45.64531,10
-0.01,45.65363,10
-0.01,45.66252,10
-0.01,45.67001,10
0,45.67934,10
0,45.68848,10
0,45.69861,10
0,45.70894,10
0,45.71713,10
0,45.7263,10
0,45.73486,10
0,45.74439,10
0,45.75357,10
0,45.76233,10
0,45.77032,10
0,45.77994,10
0,45.78896,10
0,45.79702,10
0,45.80735,10
0,45.81673,10
0,45.82572,10
0,45.8342,10
0,45.84324,10
0,45.85257,10
0,45.86293,10
0,45.87048,10
0,45.87942,10
0,45.88786,10
0,45.89655,10
0,45.9054,10
0,45.91341,10
0,45.92267,10
0,45.93102,10
0,45.94033,10
0,45.94798,10
0,45.95813,10
0,45.96587,10
0,45.97805,10
0,45.98648,10
0,45.99585,10
0,46.00435,10
0,46.01269,10
0,46.02171,10
0,46.02993,10
0,46.03949,10
0,46.04702,10
0,46.05569,10
0,46.06414,10
0,46.07351,10
0,46.08174,10
0,46.09095,10
0,46.0988,10
0,46.10781,10
0,46.11636,10
0,46.12539,10
0,46.13335,10
0,46.14243,10
0,46.15127,10
0,46.16029,10
0,46.16809,10
0,46.17782,10
0,46.19075,10
0,46.19801,10
0,46.207,10
0,46.21503,10
0,46.22366,10
0,46.23098,10
0,46.23964,10
-0.01,46.24759,10
-0.01,46.25674,10
-0.01,46.26454,10
0,46.27311,10
0,46.28091,10
0,46.29,10
0,46.29813,10
0,46.3075,10
0,46.31585,10
-0.01,46.3242,10
-0.01,46.3327,10
-0.01,46.35257,10
-0.01,46.36101,10
-0.01,46.36866,10
-0.01,46.37723,10
-0.01,46.38494,10
-0.01,46.394,10
-0.01,46.40211,10
-0.01,46.41104,10
-0.01,46.4186,10
-0.01,46.42909,10
-0.01,46.45344,11
-0.01,46.46209,11
-0.01,46.47,11
-0.01,46.47749,11
-0.01,46.48479,11
-0.01,46.49341,11
-0.01,46.50133,11
-0.01,46.50997,11
-0.01,46.51728,11
-0.01,46.52498,11
-0.01,46.53276,11
-0.01,46.54099,11
-0.01,46.54874,11
-0.01,46.55772,11
-0.01,46.56491,11
-0.01,46.57344,11
-0.01,46.58141,11
-0.01,46.60003,11
-0.01,46.60817,11
-0.01,46.61591,11
-0.01,46.62498,11
-0.01,46.63259,11
-0.01,46.64161,11
-0.01,46.64886,11
-0.01,46.65724,11
-0.01,46.66423,11
-0.01,46.67318,11
-0.01,46.682,11
-0.01,46.6914,11
-0.01,46.69915,11
-0.01,46.70824,11
-0.01,46.71727,11
-0.01,46.72656,11
-0.01,46.735,11
-0.01,46.74356,11
-0.01,46.752,11
-0.01,46.76095,11
-0.01,46.76978,11
-0.01,46.77958,11
-0.01,46.78931,11
-0.01,46.79817,11
-0.01,46.80711,11
-0.01,46.81532,11
-0.01,46.82414,11
-0.01,46.8317,11
-0.01,46.84017,11
-0.01,46.84742,11
-0.01,46.8567,11
-0.01,46.86417,11
-0.01,46.87391,11
-0.01,46.88085,11
-0.01,46.89004,11
-0.01,46.89809,11
-0.01,46.90689,11
-0.01,46.91435,11
-0.01,46.92282,11
-0.01,46.93013,11
-0.01,46.9397,11
-0.01,46.94722,11
-0.01,46.95646,11
-0.01,46.96407,11
-0.01,46.97318,11
-0.01,46.98122,11
-0.01,46.99012,11
-0.01,46.99792,11
-0.01,47.00708,11
-0.01,47.01439,11
-0.01,47.02319,11
-0.01,47.03134,11
-0.01,47.03975,11
-0.01,47.04751,11
-0.01,47.05613,11
-0.01,47.06399,11
-0.01,47.07337,11
-0.01,47.08107,11
-0.01,47.08975,11
-0.01,47.09718,11
-0.01,47.10551,11
-0.01,47.1134,11
-0.01,47.12241,11
-0.01,47.13013,11
-0.01,47.13943,11
-0.01,47.14703,11
-0.01,47.15631,11
-0.01,47.16463,11
-0.01,47.17422,11
-0.01,47.18143,11
-0.01,47.19176,11
-0.01,47.19983,11
-0.01,47.20832,11
-0.01,47.21616,11
-0.01,47.22511,11
-0.01,47.23285,11
-0.01,47.24163,11
-0.01,47.25004,11
-0.01,47.25967,11
-0.01,47.26801,11
-0.01,47.27661,11
-0.01,47.28438,11
-0.01,47.29338,11
-0.01,47.30085,11
-0.01,47.30915,11
-0.01,47.31643,11
-0.01,47.32515,11
-0.01,47.33283,11
-0.01,47.34186,11
-0.01,47.3493,11
-0.01,47.35871,11
-0.01,47.36655,11
-0.01,47.37589,11
-0.01,47.38359,11
-0.01,47.39232,11
-0.01,47.39981,11
-0.01,47.40864,11
-0.01,47.41667,11
-0.01,47.42546,11
-0.01,47.43361,11
-0.01,47.44187,11
-0.01,47.45031,11
-0.01,47.45881,11
-0.01,47.46709,11
-0.01,47.47563,11
-0.01,47.48412,11
0,47.49311,11
0,47.50134,11
0,47.51113,11
-0.09,47.53106,11
-0.59,47.54018,11
-0.59,47.54766,11
-0.59,47.55774,11
-1.86,47.56566,11
-1.86,47.57496,11
-1.86,47.58252,11
-4.44,47.59244,11
-4.44,47.60027,11
-4.44,47.60916,11
-7.48,47.61714,11
-7.48,47.62614,11
-7.48,47.634,11
-7.48,47.64225,11
-9.91,47.64999,11
-9.91,47.65899,11
-9.91,47.66688,11
-11.51,47.68576,11
-11.51,47.69402,11
-12.99,47.70238,11
-12.99,47.71159,11
-12.99,47.71948,11
-13.65,47.72772,11
-13.65,47.73577,11
-13.65,47.74463,11
-14.06,47.75314,11
-14.06,47.76222,11
-14,47.77512,11
-14,47.78238,11
-14,47.79204,11
-14.16,47.79917,11
-14.16,47.80861,11
-14.16,47.81695,11
-14.39,47.83522,11
-14.39,47.84442,11
-14.6,47.85297,11
-14.6,47.86263,11
-14.6,47.87153,11
-14.61,47.87989,11
-14.61,47.88943,11
-14.61,47.89814,11
-14.44,47.90783,11
-14.44,47.9173,11
-14.44,47.92705,11
-13.76,47.93502,11
-13.76,47.94444,11
-13.76,47.95329,11
-11.29,47.96165,11
-11.29,47.97145,11
-7.37,47.99199,11
-7.37,48.00039,11
-4.01,48.01012,11
-4.01,48.01838,11
-4.01,48.02727,11
-1.66,48.03559,11
-1.66,48.04436,11
-1.66,48.05332,11
-0.49,48.06184,11
-0.49,48.07178,11
-0.49,48.08033,11
-0.06,48.08934,11
-0.06,48.09846,11
-0.06,48.10747,11
-0.01,48.12115,11
-0.01,48.12916,11
0,48.14888,11
0,48.15787,11
0,48.16575,11
0,48.17512,11
0,48.1825,11
0,48.19115,11
0,48.19844,11
0,48.20683,11
0,48.21508,11
0,48.22374,11
0,48.23218,11
0,48.24013,11
0,48.24921,11
0,48.26054,11
0,48.26807,11
0,48.27689,11
0,48.2842,11
0,48.30305,11
0,48.31146,11
0,48.31941,11
0,48.32949,11
0,48.34016,11
0,48.34795,11
0,48.35766,11
0,48.36621,11
0,48.37565,11
0,48.38338,11
0,48.3936,11
0,48.40205,11
0,48.41132,11
0,48.41958,11
0,48.42928,11
0,48.44085,11
0,48.44795,11
-0.01,48.45726,11
-0.01,48.4662,11
-0.01,48.47581,11
-0.01,48.48415,11
-0.01,48.49359,11
-0.01,48.50076,11
-0.01,48.5104,11
-0.01,48.51943,11
-0.01,48.52808,11
-0.01,48.53606,11
-0.01,48.5445,11
-0.02,48.55331,11
-0.02,48.56278,11
-0.02,48.5721,11
-0.09,48.58009,11
-0.09,48.58895,11
-0.09,48.59799,11
-0.19,48.6183,11
-0.19,48.62809,11
-0.28,48.63709,11
-0.28,48.64579,11
-0.28,48.65504,11
-0.48,48.6632,11
-0.48,48.67335,11
-0.48,48.68111,11
-1.3,48.6916,11
-1.3,48.69958,11
-3.33,48.7091,11
-3.33,48.71782,11
-3.33,48.72717,11
-6.21,48.73702,11
-6.21,48.74761,11
-6.21,48.7582,11
-8.51,48.77777,11
-10.59,48.78647,11
-10.59,48.79644,11
-10.59,48.805,11
-11.68,48.81384,11
-11.68,48.82326,11
-11.68,48.83207,11
-12.41,48.84071,11
-12.41,48.84899,11
-12.41,48.85862,11
-13.04,48.86625,11
-13.04,48.8767,11
-13.04,48.88472,11
-13.98,48.89391,11
-13.98,48.90261,11
-13.98,48.91205,11
-14.29,48.9319,11
-14.29,48.94235,11
-14.67,48.95056,11
-14.67,48.9595,11
-14.67,48.96778,11
-14.43,48.97722,11
-14.43,48.9848,11
-14.43,48.99397,11
-13.39,49.00193,11
-13.39,49.01176,11
-13.39,49.01972,11
-10.44,49.02802,11
-10.44,49.03633,11
-10.44,49.04494,11
-6.53,49.05342,11
-6.53,49.06319,11
-3.6,49.08263,11
-3.6,49.09184,11
-3.6,49.09906,11
-1.49,49.10768,11
-1.49,49.11621,11
-0.46,49.12502,11
-0.46,49.13318,11
-0.46,49.14172,11
-0.46,49.14978,11
-0.08,49.15845,11
-0.08,49.16655,11
-0.08,49.17547,11
-0.01,49.1883,11
-0.01,49.19658,11
0,49.20519,11
0,49.21367,11
0,49.23328,11
0,49.2419,11
0,49.25158,11
-0.01,49.26179,11
-0.01,49.27005,11
-0.01,49.27884,11
-0.01,49.28642,11
-0.01,49.29513,11
-0.01,49.30336,11
-0.05,49.31188,11
-0.05,49.3197,11
-0.05,49.32782,11
-0.68,49.33585,11
-0.68,49.3456,11
-0.68,49.35518,11
-3.12,49.36336,11
-3.12,49.37745,11
-6.97,49.39694,11
-6.97,49.40651,11
-9.77,49.41504,11
-9.77,49.4244,11
-9.77,49.43301,11
-11.88,49.44239,11
-11.88,49.45202,11
-11.88,49.46115,11
-13.1,49.46965,11
-13.1,49.47821,11
-13.1,49.48643,11
-13.74,49.49559,11
-13.74,49.50457,11
-13.74,49.51318,11
-14.61,49.52117,11
-14.61,49.53061,11
-14.81,49.54972,11
-14.81,49.55926,11
-14.82,49.56758,11
-14.82,49.57771,11
-14.82,49.58503,11
-14.43,49.59462,11
-14.43,49.60369,11
-14.43,49.6129,11
-13.13,49.62089,11
-13.13,49.62955,11
-13.13,49.63912,11
-10.55,49.64686,11
-10.55,49.65631,11
-10.55,49.66378,11
-7.45,49.67375,11
-7.45,49.68214,11
-4.46,49.70199,11
-4.46,49.71085,11
-4.46,49.71906,11
-2.08,49.72716,11
-2.08,49.73593,11
-2.08,49.74519,11
-0.77,49.75406,11
-0.77,49.76264,11
-0.77,49.77073,11
-0.19,49.77892,11
-0.19,49.78757,11
-0.19,49.7962,11
-0.01,49.80382,11
-0.01,49.81285,11
-0.01,49.82084,11
0,49.82941,11
0,49.83831,11
0,49.85763,11
0,49.86536,11
0,49.87413,11
0,49.88161,11
0,49.89103,11
0,49.89878,11
0,49.90781,11
0,49.91535,11
0,49.92514,11
0,49.93473,11
0,49.94432,11
0,49.95297,11
0,49.96145,11
0,49.96928,11
0,49.97776,11
0,49.98586,11
0,49.99607,11
0,50.01508,11
0,50.02443,11
0,50.03246,11
0,50.04196,11
0,50.05159,11
0,50.06189,11
0,50.07049,11
0,50.0794,11
0,50.08763,11
0,50.09708,11
0,50.10698,11
0,50.11491,11
0,50.12366,11
0,50.13156,11
0,50.14104,11
0,50.14952,11
0,50.16962,11
0,50.17827,11
0,50.18673,11
0,50.19617,11
0,50.20494,11
0,50.21385,11
0,50.22289,11
0,50.23072,11
0,50.23966,11
0,50.24857,11
0,50.25965,11
0,50.26723,11
0,50.27628,11
0,50.2841,11
0,50.29362,11
0,50.30173,11
0,50.32284,11
0,50.33051,11
0,50.33913,11
0,50.34707,11
0,50.35704,11
0,50.3647,11
0,50.37477,11
0,50.38294,11
0,50.3922,11
0,50.40079,11
0,50.40981,11
0,50.41804,11
0,50.42633,11
0,50.43502,11
0,50.44433,11
0,50.45289,11
0,50.4643,11
0,50.47268,11
0,50.48029,11
0,50.48956,11
0,50.49788,11
0,50.5069,11
0,50.51446,11
0,50.52349,11
0,50.53181,11
0,50.54138,11
0,50.54929,11
0,50.55976,11
-0.01,50.58229,12
-0.01,50.59057,12
-0.01,50.59782,12
-0.01,50.60585,12
-0.01,50.61363,12
-0.01,50.62152,12
-0.01,50.62931,12
-0.01,50.63759,12
-0.01,50.64496,12
-0.01,50.65335,12
-0.01,50.66064,12
-0.01,50.66928,12
-0.01,50.67682,12
-0.01,50.6851,12
-0.01,50.69286,12
-0.01,50.70068,12
-0.01,50.70873,12
-0.01,50.71758,12
-0.01,50.73612,12
-0.01,50.74357,12
-0.01,50.75222,12
-0.01,50.75894,12
-0.01,50.76748,12
-0.01,50.77609,12
-0.01,50.78433,12
-0.01,50.79198,12
-0.01,50.79958,12
-0.01,50.80803,12
-0.01,50.8153,12
-0.01,50.82485,12
-0.01,50.83207,12
-0.01,50.83985,12
-0.01,50.84748,12
-0.01,50.856,12
-0.01,50.86324,12
-0.01,50.87239,12
-0.01,50.87925,12
-0.01,50.88788,12
-0.01,50.89522,12
-0.01,50.90379,12
-0.01,50.91108,12
-0.01,50.91922,12
-0.01,50.92658,12
-0.01,50.93617,12
-0.01,50.9435,12
-0.01,50.95235,12
-0.01,50.95971,12
-0.01,50.96828,12
-0.05,50.97693,12
-0.05,50.98539,12
-0.05,50.99328,12
-0.14,51.00076,12
-0.14,51.00874,12
-0.14,51.01741,12
-0.23,51.02492,12
-0.23,51.04439,12
-0.42,51.05342,12
-0.42,51.06072,12
-0.42,51.07016,12
-0.72,51.07716,12
-0.72,51.08643,12
-0.72,51.09426,12
-0.89,51.10249,12
-0.89,51.11045,12
-0.89,51.11942,12
-0.97,51.12676,12
-0.97,51.13555,12
-0.97,51.14253,12
-0.96,51.15187,12
-0.96,51.16029,12
-0.96,51.16962,12
-0.96,51.17674,12
-0.92,51.1988,12
-0.96,51.20814,12
-0.96,51.21605,12
-0.96,51.2248,12
-1.29,51.23389,12
-1.29,51.24255,12
-1.29,51.25216,12
-2.99,51.26019,12
-2.99,51.27013,12
-2.99,51.27803,12
-6.21,51.29013,12
-6.21,51.29835,12
-8.75,51.30729,12
-8.75,51.31566,12
-8.75,51.32402,12
-8.75,51.3321,12
-10.37,51.35098,12
-11.9,51.3587,12
-11.9,51.3694,12
-11.9,51.37725,12
-12.74,51.38603,12
-12.74,51.39415,12
-12.74,51.40301,12
-12.74,51.41082,12
-13.36,51.42003,12
-13.36,51.42831,12
-13.36,51.43675,12
-13.89,51.44394,12
-13.89,51.45359,12
-13.89,51.46164,12
-14.25,51.47051,12
-14.25,51.47857,12
-14.25,51.48783,12
-14.59,51.50682,12
-14.59,51.51474,12
-14.39,51.52352,12
-14.39,51.53192,12
-14.22,51.54111,12
-14.22,51.55202,12
-14.22,51.56031,12
-13.39,51.56977,12
-13.39,51.57765,12
-13.39,51.58747,12
-10.74,51.59521,12
-10.74,51.60485,12
-10.74,51.6134,12
-6.59,51.62268,12
-6.59,51.63282,12
-6.59,51.64158,12
-3.31,51.66029,12
-3.31,51.66943,12
-1.33,51.67716,12
-1.33,51.68615,12
-1.33,51.69469,12
-0.42,51.70284,12
-0.42,51.71186,12
-0.42,51.72065,12
-0.07,51.72873,12
-0.07,51.73759,12
-0.07,51.74525,12
-0.01,51.7545,12
-0.01,51.76282,12
-0.01,51.77171,12
-0.01,51.77969,12
-0.01,51.7883,12
-0.01,51.79728,12
0,51.81921,12
0,51.8274,12
0,51.83653,12
0,51.84369,12
0,51.85268,12
-0.01,51.86048,12
-0.01,51.86945,12
-0.01,51.8771,12
-0.01,51.88556,12
-0.01,51.89326,12
-0.01,51.90197,12
-0.01,51.90999,12
-0.01,51.91981,12
-0.01,51.92916,12
-0.01,51.93773,12
-0.01,51.94523,12
-0.01,51.95485,12
-0.01,51.97457,12
-0.01,51.98251,12
-0.01,51.99113,12
-0.01,51.99895,12
-0.01,52.00837,12
-0.01,52.01614,12
-0.01,52.02504,12
-0.01,52.03463,12
-0.01,52.04438,12
-0.01,52.05304,12
-0.01,52.06047,12
-0.01,52.06978,12
-0.01,52.07808,12
-0.01,52.08765,12
-0.01,52.09517,12
-0.01,52.10429,12
-0.01,52.1128,12
-0.01,52.12199,12
-0.01,52.13043,12
-0.01,52.13847,12
-0.01,52.14601,12
-0.01,52.15491,12
-0.01,52.16248,12
-0.01,52.17107,12
-0.01,52.17833,12
-0.01,52.18736,12
-0.01,52.19501,12
-0.01,52.20375,12
-0.01,52.21165,12
-0.01,52.21975,12
-0.01,52.22779,12
-0.01,52.23682,12
-0.01,52.24511,12
-0.01,52.25388,12
-0.01,52.26088,12
-0.01,52.27018,12
-0.01,52.27769,12
-0.01,52.28704,12
-0.01,52.29434,12
-0.01,52.30269,12
-0.01,52.31048,12
-0.01,52.31921,12
-0.02,52.32681,12
-0.02,52.33586,12
-0.02,52.34364,12
-0.14,52.35244,12
-0.14,52.36091,12
-0.14,52.37073,12
-1.04,52.37804,12
-1.04,52.38719,12
-1.04,52.39568,12
-4.38,52.40401,12
-4.38,52.41258,12
-4.38,52.42444,12
-7.79,52.44289,12
-10.24,52.45101,12
-10.24,52.45956,12
-10.24,52.46915,12
-11.81,52.47795,12
-11.81,52.48687,12
-11.81,52.49526,12
-12.91,52.50401,12
-12.91,52.5127,12
-12.91,52.52137,12
-13.28,52.52901,12
-13.28,52.53844,12
-13.28,52.54866,12
-13.66,52.55755,12
-13.66,52.56629,12
-13.66,52.57544,12
-13.89,52.60036,12
-13.92,52.60955,12
-13.92,52.61854,12
-13.92,52.62708,12
-13.46,52.6363,12
-13.46,52.64433,12
-13.46,52.65416,12
-11.88,52.66201,12
-11.88,52.67173,12
-11.88,52.67963,12
-8.85,52.68855,12
-8.85,52.69682,12
-8.85,52.70624,12
-5.38,52.71446,12
-5.38,52.72372,12
-5.38,52.73272,12
-2.89,52.75331,12
-2.89,52.76182,12
-1.17,52.77249,12
-1.17,52.78015,12
-0.36,52.78968,12
-0.36,52.79711,12
-0.36,52.80721,12
-0.06,52.8155,12
-0.06,52.82417,12
-0.06,52.83249,12
-0.01,52.84074,12
-0.01,52.84934,12
-0.01,52.85816,12
-0.01,52.86571,12
0,52.875,12
0,52.88249,12
0,52.89236,12
0,52.91207,12
0,52.92106,12
0,52.9288,12
0,52.93721,12
0,52.94487,12
0,52.95373,12
0,52.96139,12
0,52.97021,12
0,52.97718,12
0,52.9857,12
0,52.99371,12
0,53.00218,12
0,53.0101,12
0,53.01826,12
0,53.02597,12
0,53.03495,12
0,53.04277,12
0,53.05218,12
0,53.06117,12
0,53.07278,12
0,53.08129,12
0,53.09091,12
0,53.0987,12
0,53.10788,12
0,53.11529,12
0,53.12527,12
0,53.13408,12
0,53.14186,12
0,53.15071,12
0,53.15814,12
0,53.16638,12
0,53.17512,12
0,53.1838,12
0,53.19187,12
0,53.20014,12
0,53.20903,12
0,53.21915,12
0,53.22682,12
0,53.23563,12
0,53.24307,12
0,53.25232,12
0,53.25993,12
0,53.26917,12
0,53.2765,12
0,53.28567,12
0,53.29317,12
0,53.30223,12
0,53.31065,12
0,53.32004,12
0,53.32758,12
0,53.33564,12
0,53.34367,12
0,53.35294,12
0,53.37287,12
0,53.38053,12
0,53.38864,12
0,53.39569,12
0,53.4049,12
0,53.41259,12
0,53.42129,12
0,53.42893,12
0,53.43729,12
0,53.44469,12
0,53.45424,12
0,53.46185,12
0,53.47114,12
0,53.47847,12
0,53.48853,12
0,53.49622,12
0,53.50504,12
0,53.52466,12
0,53.53281,12
0,53.5407,12
0,53.55146,12
0,53.56208,12
0,53.57122,12
0,53.57911,12
0,53.58813,12
0,53.59677,12
0,53.60736,12
-0.01,53.63091,13
-0.01,53.63815,13
-0.01,53.64668,13
-0.01,53.65387,13
-0.01,53.66418,13
-0.01,53.67273,13
-0.01,53.68221,13
-0.01,53.68995,13
-0.01,53.69829,13
-0.01,53.70646,13
-0.01,53.71693,13
-0.01,53.72423,13
-0.01,53.73278,13
-0.01,53.73902,13
-0.01,53.74781,13
-0.01,53.75512,13
-0.01,53.76415,13
-0.01,53.78543,13
-0.01,53.79315,13
-0.01,53.79983,13
-0.01,53.80804,13
-0.01,53.81655,13
-0.01,53.8238,13
-0.01,53.83179,13
-0.01,53.83897,13
-0.01,53.84808,13
-0.01,53.85908,13
-0.01,53.86658,13
-0.01,53.87423,13
-0.01,53.88195,13
-0.01,53.89223,13
-0.01,53.90171,13
-0.01,53.90996,13
-0.01,53.91796,13
-0.01,53.92545,13
-0.01,53.93362,13
-0.01,53.94104,13
-0.01,53.9496,13
-0.01,53.95646,13
-0.01,53.96474,13
-0.01,53.97206,13
-0.01,53.98076,13
-0.01,53.98815,13
-0.01,53.9971,13
-0.01,54.00421,13
-0.01,54.01276,13
-0.01,54.02013,13
-0.01,54.02893,13
-0.01,54.03605,13
-0.01,54.04447,13
-0.01,54.05154,13
-0.01,54.06089,13
-0.01,54.06846,13
-0.01,54.0777,13
-0.01,54.08504,13
-0.01,54.09267,13
-0.01,54.10097,13
-0.01,54.10933,13
-0.01,54.11786,13
-0.01,54.12563,13
-0.04,54.13419,13
-0.04,54.1436,13
-0.04,54.15189,13
-0.96,54.16018,13
-0.96,54.16837,13
-0.96,54.17692,13
-0.96,54.18525,13
-4.36,54.19361,13
-4.36,54.20164,13
-4.36,54.21041,13
-7.75,54.21891,13
-10.4,54.23837,13
-10.4,54.24761,13
-10.4,54.25516,13
-11.86,54.26431,13
-11.86,54.27201,13
-11.86,54.28182,13
-11.86,54.28996,13
-12.58,54.30002,13
-12.58,54.3108,13
-12.75,54.32013,13
-12.75,54.33106,13
-12.75,54.34083,13
-12.94,54.35133,13
-12.94,54.36151,13
-13.08,54.37111,13
-13.08,54.39249,13
-13.12,54.41294,13
-12.91,54.43352,13
-12.91,54.44396,13
-11.96,54.45399,13
-11.96,54.46489,13
-9.34,54.47394,13
-9.34,54.48382,13
-9.34,54.49422,13
-6.08,54.50343,13
-3.58,54.5248,13
-3.58,54.54816,13
-1.6,54.56041,13
-1.6,54.57067,13
-0.58,54.58234,13
-0.58,54.5927,13
-0.16,54.603,13
-0.16,54.614,13
-0.02,54.63062,13
-0.02,54.64325,13
-0.01,54.65914,13
-0.01,54.66927,13
0,54.68172,13
0,54.70231,13
-0.01,54.71323,13
-0.01,54.72481,13
-0.14,54.73621,13
-0.14,54.74678,13
-0.43,54.75867,13
-0.43,54.77034,13
-0.43,54.78042,13
-1.02,54.79226,13
-1.02,54.80305,13
-2.71,54.81223,13
-2.71,54.82019,13
-2.71,54.83041,13
-5.45,54.83735,13
-5.45,54.85641,13
-7.68,54.86573,13
-7.68,54.87463,13
-7.68,54.88478,13
-9.31,54.89377,13
-9.31,54.90283,13
-9.31,54.91229,13
-10.26,54.91973,13
-10.26,54.92979,13
-10.26,54.93698,13
-10.99,54.9461,13
-10.99,54.95367,13
-10.99,54.96288,13
-11.73,54.97092,13
-11.73,54.98,13
-11.73,54.98822,13
-12.37,55.00632,13
-12.37,55.01516,13
-12.41,55.02711,13
-12.41,55.0346,13
-12.41,55.04284,13
-11.94,55.0512,13
-11.94,55.05964,13
-11.94,55.06849,13
-10.18,55.07655,13
-10.18,55.08546,13
-10.18,55.09426,13
-7.3,55.10173,13
-7.3,55.11118,13
-4.16,55.12218,13
-4.16,55.13195,13
-4.16,55.14478,13
-1.97,55.1674,13
-0.84,55.17922,13
-0.84,55.18961,13
-0.26,55.20127,13
-0.26,55.21317,13
-0.26,55.22306,13
-0.06,55.23782,13
-0.06,55.24913,13
-0.01,55.2583,13
-0.01,55.27192,13
0,55.28333,13
0,55.29507,13
0,55.31802,13
0,55.32764,13
0,55.33653,13
0,55.34677,13
0,55.35572,13
0,55.36617,13
0,55.37528,13
0,55.38634,13
0,55.39571,13
0,55.40654,13
0,55.41718,13
0,55.42907,13
0,55.45205,13
0,55.48791,13
0,55.50919,13
0,55.51991,13
0,55.53985,13
0,55.54902,13
0,55.55732,13
0,55.57776,13
0,55.58591,13
0,55.59467,13
0,55.60297,13
0,55.61227,13
0,55.62022,13
0,55.62926,13
0,55.63732,13
0,55.64682,13
0,55.65469,13
0,55.66423,13
0,55.67245,13
0,55.68116,13
0,55.68921,13
0,55.69845,13
0,55.70689,13
0,55.71629,13
0,55.72614,13
0,55.73775,13
0,55.74847,13
0,55.75847,13
-0.01,55.78535,13
-0.01,55.80645,13
-0.01,55.84426,13
0,55.86386,13
0,55.87353,13
-0.01,55.88459,13
-0.01,55.89689,13
0,55.90713,13
0,55.91739,13
0,55.92539,13
0,55.93352,13
0,55.94102,13
0,55.9498,13
-0.01,55.95873,13
-0.01,55.96787,13
-0.01,55.97561,13
0,55.98545,13
0,55.99505,13
0,56.00341,13
-0.01,56.01163,13
-0.01,56.01939,13
-0.01,56.02843,13
-0.01,56.03696,13
-0.01,56.04744,13
-0.01,56.05497,13
-0.01,56.06406,13
-0.01,56.07223,13
-0.01,56.09127,13
-0.01,56.10014,13
-0.01,56.10836,13
-0.01,56.11715,13
-0.01,56.1248,13
-0.01,56.13354,13
-0.01,56.14143,13
-0.01,56.15236,13
-0.01,56.16159,13
-0.01,56.16943,13
-0.01,56.17765,13
-0.01,56.1861,13
-0.01,56.19506,13
-0.01,56.2027,13
-0.01,56.211,13
-0.01,56.21837,13
-0.01,56.2277,13
-0.01,56.23544,13
-0.01,56.24471,13
-0.01,56.2522,13
-0.01,56.26061,13
-0.01,56.26876,13
-0.01,56.27723,13
-0.01,56.2852,13
-0.01,56.2933,13
-0.01,56.30122,13
-0.01,56.31005,13
-0.01,56.31793,13
-0.01,56.32657,13
-0.01,56.33419,13
-0.01,56.34142,13
-0.01,56.35013,13
-0.01,56.35862,13
-0.01,56.36761,13
-0.13,56.37738,13
-0.13,56.38575,13
-0.42,56.40659,13
-0.42,56.41759,13
-1.31,56.4279,13
-1.31,56.43705,13
-4.02,56.4497,13
-4.02,56.45954,13
-4.02,56.46956,13
-7.17,56.48202,13
-7.17,56.49142,13
-9.59,56.50261,13
-9.59,56.51245,13
-9.59,56.52188,13
-11.22,56.532,13
-11.22,56.54168,13
-12.18,56.56431,13
-12.18,56.57408,13
-12.44,56.58489,13
-12.44,56.59656,13
-13.03,56.60722,13
-13.03,56.61815,13
-13.47,56.62991,13
-13.47,56.64015,13
-13.47,56.65231,13
-13.45,56.66375,13
-13.45,56.68021,13
-12.95,56.69038,13
-12.95,56.70121,13
-11.38,56.72475,13
-8.11,56.73624,13
-8.11,56.7475,13
-8.11,56.75727,13
-4.81,56.76803,13
-4.81,56.77974,13
-2.46,56.79047,13
-2.46,56.80155,13
-0.96,56.81277,13
-0.96,56.82306,13
-0.96,56.8342,13
-0.29,56.84504,13
-0.29,56.85529,13
-0.04,56.87844,13
-0.04,56.88855,13
-0.01,56.90038,13
-0.01,56.91295,13
0,56.92311,13
0,56.93422,13
-0.01,56.94445,13
-0.01,56.95493,13
-0.01,56.96557,13
-0.01,56.9772,13
-0.01,56.98907,13
-0.04,57.00002,13
-0.04,57.01154,13
-0.19,57.03349,13
-0.96,57.0472,13
-0.96,57.05835,13
-0.96,57.07132,13
-3.18,57.08166,13
-3.18,57.09182,13
-7.16,57.10263,13
-7.16,57.1135,13
-9.96,57.12446,13
-9.96,57.13521,13
-9.96,57.1472,13
-11.44,57.15682,13
-11.44,57.16773,13
-12.1,57.18865,13
-12.1,57.1988,13
-12.34,57.20724,13
-12.34,57.21742,13
-12.24,57.22911,13
-12.24,57.23937,13
-12.24,57.24849,13
-11.71,57.25584,13
-11.71,57.26547,13
-11.71,57.27366,13
-10.17,57.28475,13
-10.17,57.29354,13
-10.17,57.30205,13
-7.69,57.3129,13
-7.69,57.32232,13
-4.94,57.34476,13
-4.94,57.35452,13
-2.73,57.36401,13
-2.73,57.37238,13
-2.73,57.38229,13
-1.07,57.3937,13
-1.07,57.40295,13
-0.32,57.41226,13
-0.32,57.42192,13
-0.32,57.43154,13
-0.04,57.43889,13
-0.04,57.44831,13
-0.04,57.45636,13
0,57.46696,13
0,57.47513,13
0,57.49723,13
0,57.50507,13
0,57.51468,13
0,57.52355,13
0,57.53233,13
0,57.54133,13
0,57.54982,13
0,57.55692,13
0,57.56589,13
0,57.57379,13
0,57.58247,13
0,57.59034,13
-0.01,57.59998,13
-0.01,57.60953,13
-0.01,57.61814,13
-0.01,57.62761,13
-0.01,57.64763,13
-0.01,57.65546,13
-0.01,57.66441,13
-0.01,57.67247,13
-0.01,57.68138,13
-0.01,57.68911,13
-0.01,57.69757,13
-0.01,57.70526,13
-0.01,57.71453,13
-0.01,57.72227,13
-0.01,57.73185,13
-0.01,57.73914,13
-0.01,57.74899,13
-0.01,57.75788,13
-0.01,57.767,13
-0.01,57.77492,13
-0.01,57.78396,13
-0.01,57.79199,13
-0.01,57.79992,13
-0.01,57.80854,13
-0.01,57.81732,13
-0.01,57.82564,13
-0.01,57.83406,13
-0.01,57.84145,13
-0.01,57.85006,13
-0.01,57.85859,13
-0.01,57.86742,13
-0.01,57.87491,13
-0.01,57.88311,13
-0.01,57.89317,13
-0.01,57.90278,13
-0.01,57.91173,13
-0.01,57.91937,13
-0.01,57.92797,13
-0.01,57.93706,13
-0.01,57.94651,13
-0.01,57.9545,13
0,57.96604,13
0,57.97435,13
0,57.98378,13
0,57.99241,13
0,58.00166,13
0,58.01028,13
0,58.01864,13
0,58.02713,13
0,58.0356,13
0,58.04633,13
0,58.05414,13
0,58.06317,13
0,58.07116,13
0,58.08026,13
0,58.08881,13
0,58.10927,13
0,58.11851,13
0,58.12837,13
0,58.13636,13
0,58.14675,13
0,58.15543,13
0,58.16888,13
0,58.17675,13
0,58.18502,13
0,58.19361,13
0,58.20255,13
0,58.21153,13
0,58.21943,13
0,58.22863,13
0,58.23829,13
